questions,filename
Can you describe the content of image 1 on slide 8 of lecture 2?,lecture_2_slide_8_img1.md
What is depicted in image 1 found on slide 8 of the second lecture?,lecture_2_slide_8_img1.md
Please provide an explanation of image 1 from slide 8 in lecture 2.,lecture_2_slide_8_img1.md
How would you interpret image 1 on slide 8 of the second lecture?,lecture_2_slide_8_img1.md
Could you elaborate on the details of image 1 located on slide 8 of lecture 2?,lecture_2_slide_8_img1.md
What information is conveyed by image 1 on slide 8 in the second lecture?,lecture_2_slide_8_img1.md
Give a detailed explanation of image 1 from slide 8 in lecture number 2.,lecture_2_slide_8_img1.md
What does image 1 on slide 8 of lecture 2 illustrate?,lecture_2_slide_8_img1.md
Can you clarify the key points of image 1 found on slide 8 in lecture 2?,lecture_2_slide_8_img1.md
"Please analyze the content and context of image 1 from slide 8, lecture 2.",lecture_2_slide_8_img1.md
Could you describe the content of slide 38 from lecture 2?,lecture_2_slide_38_conclusion.md
What is the main focus of slide 38 in the second lecture?,lecture_2_slide_38_conclusion.md
Can you clarify the information presented on slide 38 of lecture 2?,lecture_2_slide_38_conclusion.md
What details are being discussed on slide 38 of the second lecture?,lecture_2_slide_38_conclusion.md
Please explain the key points covered in slide 38 from lecture 2?,lecture_2_slide_38_conclusion.md
What are the main topics highlighted on slide 38 in the second lecture?,lecture_2_slide_38_conclusion.md
Could you summarize what slide 38 of lecture 2 is about?,lecture_2_slide_38_conclusion.md
What information is provided on slide 38 of the second lecture?,lecture_2_slide_38_conclusion.md
Could you break down the concept shown on slide 38 from lecture 2?,lecture_2_slide_38_conclusion.md
What does slide 38 in lecture 2 discuss?,lecture_2_slide_38_conclusion.md
Could you describe the content of image 1 on slide 17 from lecture 2?,lecture_2_slide_17_img1.md
Please explain what is depicted in image 1 on slide 17 of the second lecture.,lecture_2_slide_17_img1.md
What does image 1 on slide 17 in lecture 2 illustrate?,lecture_2_slide_17_img1.md
Give an explanation of image 1 found on slide 17 of lecture 2.,lecture_2_slide_17_img1.md
What information is conveyed by image 1 on the seventeenth slide of lecture 2?,lecture_2_slide_17_img1.md
How would you interpret the details shown in image 1 from slide 17 in the second lecture?,lecture_2_slide_17_img1.md
Can you clarify the main points of image 1 on the seventeenth slide from lecture 2?,lecture_2_slide_17_img1.md
What does the first image on slide 17 of lecture 2 represent?,lecture_2_slide_17_img1.md
Please provide an analysis of image 1 on slide 17 in lecture 2.,lecture_2_slide_17_img1.md
What is being shown in image 1 on slide 17 from the second lecture?,lecture_2_slide_17_img1.md
Could you elaborate on the image that appears as image 1 in slide 28 of the second lecture?,lecture_2_slide_28_img1.md
Can you explain the details of the first image shown on slide 28 during lecture 2?,lecture_2_slide_28_img1.md
What does image 1 depict on slide 28 of the second lecture?,lecture_2_slide_28_img1.md
Please describe the first image found on slide 28 in lecture 2.,lecture_2_slide_28_img1.md
Can you provide an explanation for image 1 on slide 28 of lecture 2?,lecture_2_slide_28_img1.md
I'm curious about the details of image 1 on slide 28 from the second lecture—can you clarify?,lecture_2_slide_28_img1.md
Could you clarify the contents of the first image on slide 28 in the second lecture?,lecture_2_slide_28_img1.md
What information is conveyed by image 1 on slide 28 of the second lecture?,lecture_2_slide_28_img1.md
Could you discuss the significance of image 1 located on slide 28 of lecture 2?,lecture_2_slide_28_img1.md
Please explain what is shown as image 1 in slide 28 of the second lecture.,lecture_2_slide_28_img1.md
Can you describe the content of slide 8 from lecture 2?,lecture_2_slide_8_unsupervised-learning.md
What information is presented on slide 8 in lecture 2?,lecture_2_slide_8_unsupervised-learning.md
Please explain the details covered in slide 8 of lecture 2.,lecture_2_slide_8_unsupervised-learning.md
What topics are discussed in slide 8 of the second lecture?,lecture_2_slide_8_unsupervised-learning.md
Could you provide an explanation of what's depicted in slide 8 of lecture 2?,lecture_2_slide_8_unsupervised-learning.md
What is the main focus of slide 8 in lecture 2?,lecture_2_slide_8_unsupervised-learning.md
How would you summarize the content of slide 8 in the second lecture?,lecture_2_slide_8_unsupervised-learning.md
What does slide 8 in lecture 2 illustrate or demonstrate?,lecture_2_slide_8_unsupervised-learning.md
Could you elaborate on the key points shown on slide 8 of lecture 2?,lecture_2_slide_8_unsupervised-learning.md
What are the key elements or ideas conveyed in slide 8 of lecture 2?,lecture_2_slide_8_unsupervised-learning.md
Could you describe the content presented on slide 3 of lecture 2?,lecture_2_slide_3_categories-of-ml.md
What information is being depicted on slide 3 of the second lecture?,lecture_2_slide_3_categories-of-ml.md
Can you explain what is featured on the third slide of lecture 2?,lecture_2_slide_3_categories-of-ml.md
What details are covered in slide 3 from the second lecture?,lecture_2_slide_3_categories-of-ml.md
Could you clarify the main points of slide 3 in lecture 2?,lecture_2_slide_3_categories-of-ml.md
What is the focus of the third slide in the second lecture?,lecture_2_slide_3_categories-of-ml.md
Can you provide an explanation of the content on slide 3 of lecture 2?,lecture_2_slide_3_categories-of-ml.md
What is being discussed on slide 3 of the second lecture?,lecture_2_slide_3_categories-of-ml.md
Please explain the key concepts shown on slide 3 of lecture 2.,lecture_2_slide_3_categories-of-ml.md
How would you summarize the information on the third slide of lecture 2?,lecture_2_slide_3_categories-of-ml.md
Can you explain the content depicted in slide 24 of lecture 2?,lecture_2_slide_24_visualization-and-histogram.md
What is being discussed on slide 24 in the second lecture?,lecture_2_slide_24_visualization-and-histogram.md
Could you walk me through what's presented on slide 24 of lecture 2?,lecture_2_slide_24_visualization-and-histogram.md
Can you provide an analysis of slide 24 from the second lecture?,lecture_2_slide_24_visualization-and-histogram.md
What information is conveyed on slide 24 of lecture 2?,lecture_2_slide_24_visualization-and-histogram.md
Could you elucidate the details found on slide 24 in the second lecture?,lecture_2_slide_24_visualization-and-histogram.md
What's the main topic on slide 24 in lecture 2?,lecture_2_slide_24_visualization-and-histogram.md
Please explain the subject matter of slide 24 from lecture 2.,lecture_2_slide_24_visualization-and-histogram.md
What are the key points covered in slide 24 of the second lecture?,lecture_2_slide_24_visualization-and-histogram.md
Can you describe the contents of slide 24 from lecture 2 in detail?,lecture_2_slide_24_visualization-and-histogram.md
Could you elaborate on the contents of slide 25 from lecture 2?,lecture_2_slide_25_2d-histogram.md
What is the subject matter of slide 25 in the second lecture?,lecture_2_slide_25_2d-histogram.md
Can you clarify what's depicted on slide 25 from the second lecture?,lecture_2_slide_25_2d-histogram.md
What information is provided on slide 25 of lecture 2?,lecture_2_slide_25_2d-histogram.md
Could you explain the main points presented on slide 25 of the second lecture?,lecture_2_slide_25_2d-histogram.md
What details are conveyed on slide 25 in lecture 2?,lecture_2_slide_25_2d-histogram.md
How would you describe the content of slide 25 from the second lecture?,lecture_2_slide_25_2d-histogram.md
Can you give an overview of what's shown on slide 25 in lecture 2?,lecture_2_slide_25_2d-histogram.md
What is discussed on slide 25 from the second lecture?,lecture_2_slide_25_2d-histogram.md
Could you summarize the topic of slide 25 in lecture 2?,lecture_2_slide_25_2d-histogram.md
Could you elaborate on the contents of slide 33 in lecture 2?,lecture_2_slide_33_why-use-a-validation-set.md
What is being discussed in slide 33 of the second lecture?,lecture_2_slide_33_why-use-a-validation-set.md
Can you explain what slide 33 in lecture 2 is about?,lecture_2_slide_33_why-use-a-validation-set.md
What information is presented on slide 33 of lecture 2?,lecture_2_slide_33_why-use-a-validation-set.md
Can you describe the main points on slide 33 from lecture 2?,lecture_2_slide_33_why-use-a-validation-set.md
Could you give a summary of what's on slide 33 in lecture 2?,lecture_2_slide_33_why-use-a-validation-set.md
What concepts are covered on slide 33 of the second lecture?,lecture_2_slide_33_why-use-a-validation-set.md
What topics are addressed in slide 33 from lecture 2?,lecture_2_slide_33_why-use-a-validation-set.md
Please explain the details found on slide 33 of lecture 2.,lecture_2_slide_33_why-use-a-validation-set.md
What is the focus of slide 33 in lecture 2?,lecture_2_slide_33_why-use-a-validation-set.md
Could you describe the content of slide 10 from lecture 2?,lecture_2_slide_10_data_features.md
What information is presented on slide 10 of lecture 2?,lecture_2_slide_10_data_features.md
Can you explain the details found on slide 10 of the second lecture?,lecture_2_slide_10_data_features.md
What is the main topic covered on slide 10 in lecture 2?,lecture_2_slide_10_data_features.md
Could you summarize what slide 10 from lecture 2 is about?,lecture_2_slide_10_data_features.md
What key points are discussed on slide 10 of the second lecture?,lecture_2_slide_10_data_features.md
Would you mind explaining slide 10 from lecture 2?,lecture_2_slide_10_data_features.md
What is depicted on slide 10 of lecture 2?,lecture_2_slide_10_data_features.md
Can you go over the material presented on slide 10 in lecture 2?,lecture_2_slide_10_data_features.md
Could you clarify the concepts shown on slide 10 of lecture 2?,lecture_2_slide_10_data_features.md
Could you describe the information presented on slide 19 of lecture 2?,lecture_2_slide_19_ordinal-encoding.md
What details are covered on slide 19 in lecture 2?,lecture_2_slide_19_ordinal-encoding.md
Can you explain the content of slide 19 from lecture 2?,lecture_2_slide_19_ordinal-encoding.md
What is the main focus of slide 19 in lecture 2?,lecture_2_slide_19_ordinal-encoding.md
Could you summarize the key points from slide 19 in lecture 2?,lecture_2_slide_19_ordinal-encoding.md
What information is shown on slide 19 of the second lecture?,lecture_2_slide_19_ordinal-encoding.md
Can you break down the concepts presented in slide 19 of lecture 2?,lecture_2_slide_19_ordinal-encoding.md
What does slide 19 of lecture 2 discuss?,lecture_2_slide_19_ordinal-encoding.md
How would you interpret the material on slide 19 in lecture 2?,lecture_2_slide_19_ordinal-encoding.md
Can you elaborate on the topics highlighted on slide 19 of lecture 2?,lecture_2_slide_19_ordinal-encoding.md
Could you describe the contents of slide 13 in lecture 2?,lecture_2_slide_13_cleaning-and-preprocessing-data.md
What information is presented on slide 13 of the second lecture?,lecture_2_slide_13_cleaning-and-preprocessing-data.md
Can you summarize the key points on slide 13 from lecture 2?,lecture_2_slide_13_cleaning-and-preprocessing-data.md
What are the details depicted on slide 13 in lecture 2?,lecture_2_slide_13_cleaning-and-preprocessing-data.md
What does slide 13 of lecture 2 discuss?,lecture_2_slide_13_cleaning-and-preprocessing-data.md
Could you explain the main ideas shown on slide 13 of lecture 2?,lecture_2_slide_13_cleaning-and-preprocessing-data.md
What is the subject matter of slide 13 in the second lecture?,lecture_2_slide_13_cleaning-and-preprocessing-data.md
Could you provide an analysis of slide 13 from lecture 2?,lecture_2_slide_13_cleaning-and-preprocessing-data.md
What is covered on slide 13 of lecture 2?,lecture_2_slide_13_cleaning-and-preprocessing-data.md
How is the topic on slide 13 of lecture 2 explained?,lecture_2_slide_13_cleaning-and-preprocessing-data.md
Can you describe what's happening in slide 27 of lecture 2?,lecture_2_slide_27_box-plot.md
What details are presented in slide 27 of the second lecture?,lecture_2_slide_27_box-plot.md
Could you clarify the content on slide 27 from lecture 2?,lecture_2_slide_27_box-plot.md
What are the main points discussed on slide 27 in lecture 2?,lecture_2_slide_27_box-plot.md
How would you explain the information on slide 27 of lecture 2?,lecture_2_slide_27_box-plot.md
What is the focus of slide 27 in lecture 2?,lecture_2_slide_27_box-plot.md
Can you provide an overview of slide 27 from the second lecture?,lecture_2_slide_27_box-plot.md
What is illustrated on slide 27 of lecture 2?,lecture_2_slide_27_box-plot.md
Could you break down the key concepts on slide 27 in lecture 2?,lecture_2_slide_27_box-plot.md
What topics are covered on slide 27 of the second lecture?,lecture_2_slide_27_box-plot.md
Can you describe what image 1 on slide 16 of lecture 2 illustrates?,lecture_2_slide_16_img1.md
What is depicted in image 1 on slide 16 of our second lecture?,lecture_2_slide_16_img1.md
Could you explain the content of image 1 found on slide 16 in lecture 2?,lecture_2_slide_16_img1.md
What does image 1 represent on slide 16 of lecture number 2?,lecture_2_slide_16_img1.md
"Provide an explanation for the image on slide 16, lecture 2, specifically image 1.",lecture_2_slide_16_img1.md
How would you interpret image 1 on slide 16 of our second lecture?,lecture_2_slide_16_img1.md
What is the significance of the first image on slide 16 in lecture 2?,lecture_2_slide_16_img1.md
Could you elaborate on what image 1 on slide 16 of the second lecture is about?,lecture_2_slide_16_img1.md
What information is conveyed by image 1 on slide 16 in our second lecture?,lecture_2_slide_16_img1.md
Describe the details of image 1 on slide 16 from lecture 2.,lecture_2_slide_16_img1.md
Can you describe the content of slide 5 from lecture 2?,lecture_2_slide_5_classification-and-regression.md
What information is presented on slide 5 of lecture 2?,lecture_2_slide_5_classification-and-regression.md
Provide an overview of the key points on slide 5 in lecture 2.,lecture_2_slide_5_classification-and-regression.md
What does slide 5 cover in the second lecture?,lecture_2_slide_5_classification-and-regression.md
Could you clarify the details found in slide 5 of lecture 2?,lecture_2_slide_5_classification-and-regression.md
What topics are discussed on the fifth slide of lecture 2?,lecture_2_slide_5_classification-and-regression.md
Can you interpret the information on slide 5 of the second lecture?,lecture_2_slide_5_classification-and-regression.md
What is the main focus of slide 5 in lecture 2?,lecture_2_slide_5_classification-and-regression.md
How would you summarize slide 5 of lecture 2?,lecture_2_slide_5_classification-and-regression.md
What are the main elements depicted on slide 5 of lecture 2?,lecture_2_slide_5_classification-and-regression.md
Can you clarify what's happening on slide 22 of lecture 2?,lecture_2_slide_22_eda-examples.md
Could you break down the content on slide 22 from lecture 2 for me?,lecture_2_slide_22_eda-examples.md
What details are being presented on slide 22 of the second lecture?,lecture_2_slide_22_eda-examples.md
Could you give an overview of slide 22 from lecture 2?,lecture_2_slide_22_eda-examples.md
What information is conveyed in slide 22 of lecture 2?,lecture_2_slide_22_eda-examples.md
Could you explain the main points on slide 22 of the second lecture?,lecture_2_slide_22_eda-examples.md
Can you describe the main concepts on slide 22 of lecture 2?,lecture_2_slide_22_eda-examples.md
What's the focus of the discussion on slide 22 in lecture 2?,lecture_2_slide_22_eda-examples.md
Could you summarize the topics covered in slide 22 of lecture 2?,lecture_2_slide_22_eda-examples.md
What does slide 22 of lecture 2 illustrate?,lecture_2_slide_22_eda-examples.md
Could you elaborate on the content of image 2 found on slide 11 of lecture 2?,lecture_2_slide_11_img2.md
What details can you provide about image 2 on slide 11 in lecture 2?,lecture_2_slide_11_img2.md
Please provide an explanation for image 2 on the 11th slide of the second lecture.,lecture_2_slide_11_img2.md
Can you break down the elements of image 2 from slide 11 in lecture 2?,lecture_2_slide_11_img2.md
Would you mind explaining what image 2 on slide 11 of lecture 2 illustrates?,lecture_2_slide_11_img2.md
What is depicted in image 2 on slide 11 of the second lecture?,lecture_2_slide_11_img2.md
Could you clarify the information portrayed in image 2 on slide 11 of lecture 2?,lecture_2_slide_11_img2.md
What insights does image 2 on the 11th slide of lecture 2 offer?,lecture_2_slide_11_img2.md
Can you provide a detailed explanation of image 2 located on slide 11 in lecture 2?,lecture_2_slide_11_img2.md
How would you describe image 2 from slide 11 in the context of lecture 2?,lecture_2_slide_11_img2.md
Can you describe what's happening on slide 26 of lecture 2?,lecture_2_slide_26_skewness.md
What information is presented on slide 26 in lecture 2?,lecture_2_slide_26_skewness.md
Could you interpret the content of slide 26 from lecture 2?,lecture_2_slide_26_skewness.md
What details are included on slide 26 of the second lecture?,lecture_2_slide_26_skewness.md
Please explain the key points shown on slide 26 of lecture 2.,lecture_2_slide_26_skewness.md
What is the main focus of slide 26 in the second lecture?,lecture_2_slide_26_skewness.md
Could you summarize what's depicted on slide 26 of lecture 2?,lecture_2_slide_26_skewness.md
What concepts are illustrated on slide 26 of lecture 2?,lecture_2_slide_26_skewness.md
How would you explain the content of slide 26 in lecture number 2?,lecture_2_slide_26_skewness.md
What does slide 26 cover in the second lecture?,lecture_2_slide_26_skewness.md
Could you describe what is shown in image 1 on slide 22 of lecture 2?,lecture_2_slide_22_img1.md
What details can you provide about image 1 from slide 22 in lecture 2?,lecture_2_slide_22_img1.md
Can you explain the content of image 1 found on slide 22 of the second lecture?,lecture_2_slide_22_img1.md
What does image 1 on slide 22 of lecture 2 depict?,lecture_2_slide_22_img1.md
Please interpret image 1 on slide 22 from lecture 2.,lecture_2_slide_22_img1.md
What information is conveyed by image 1 on slide 22 in the second lecture?,lecture_2_slide_22_img1.md
Can you elaborate on the elements of image 1 on slide 22 from lecture 2?,lecture_2_slide_22_img1.md
What is the significance of image 1 as presented on slide 22 in lecture 2?,lecture_2_slide_22_img1.md
Could you provide an explanation of image 1 located on slide 22 of lecture 2?,lecture_2_slide_22_img1.md
What insights can be gleaned from image 1 on slide 22 of the second lecture?,lecture_2_slide_22_img1.md
Could you describe the contents of image 1 found in slide 32 of lecture 2?,lecture_2_slide_32_img1.md
What is depicted in image 1 on slide 32 of the second lecture?,lecture_2_slide_32_img1.md
Please explain the details of image 1 from slide 32 in lecture 2.,lecture_2_slide_32_img1.md
Can you provide an explanation of image 1 present on slide 32 of lecture 2?,lecture_2_slide_32_img1.md
What information is conveyed in image 1 located on slide 32 of the second lecture?,lecture_2_slide_32_img1.md
Describe what is shown in image 1 of slide 32 from lecture 2.,lecture_2_slide_32_img1.md
Could you elaborate on the visual content of image 1 in slide 32 of lecture 2?,lecture_2_slide_32_img1.md
Please interpret the content of image 1 on slide 32 from the second lecture.,lecture_2_slide_32_img1.md
I need a breakdown of image 1 found on slide 32 of lecture 2.,lecture_2_slide_32_img1.md
What does image 1 on slide 32 in lecture 2 illustrate?,lecture_2_slide_32_img1.md
Could you summarize the content presented on slide 6 of lecture 2?,lecture_2_slide_6_classification-and-regression.md
What details are covered in slide 6 of the second lecture?,lecture_2_slide_6_classification-and-regression.md
Can you describe the key points on slide 6 from lecture 2?,lecture_2_slide_6_classification-and-regression.md
What is the main focus of slide 6 in the second lecture?,lecture_2_slide_6_classification-and-regression.md
Please explain the information depicted on slide 6 of lecture 2.,lecture_2_slide_6_classification-and-regression.md
What topics does slide 6 in lecture 2 address?,lecture_2_slide_6_classification-and-regression.md
Can you provide an explanation of the concepts in slide 6 of lecture 2?,lecture_2_slide_6_classification-and-regression.md
What is being discussed on slide 6 of lecture 2?,lecture_2_slide_6_classification-and-regression.md
Would you clarify the content presented on slide 6 from the second lecture?,lecture_2_slide_6_classification-and-regression.md
How is the information organized on slide 6 in lecture 2?,lecture_2_slide_6_classification-and-regression.md
Could you clarify the content of image 1 on slide 14 from lecture 2?,lecture_2_slide_14_img1.md
What does image 1 on slide 14 in lecture 2 illustrate?,lecture_2_slide_14_img1.md
Please interpret the first image shown on slide 14 of our second lecture.,lecture_2_slide_14_img1.md
Can you describe what image 1 on slide 14 from lecture 2 represents?,lecture_2_slide_14_img1.md
"Give an explanation of the image located on slide 14, lecture 2.",lecture_2_slide_14_img1.md
How would you explain the purpose of image 1 displayed on slide 14 of the second lecture?,lecture_2_slide_14_img1.md
Please provide details on image 1 as presented on slide 14 in lecture 2.,lecture_2_slide_14_img1.md
What information does image 1 convey on slide 14 of lecture 2?,lecture_2_slide_14_img1.md
Detail the significance of the image on the 14th slide in the second lecture.,lecture_2_slide_14_img1.md
What insights can be drawn from image 1 on slide 14 in the second lecture?,lecture_2_slide_14_img1.md
Could you describe the content presented in slide 17 of lecture 2?,lecture_2_slide_17_dummy-variables-and-one-hot-encoding.md
What information is conveyed on slide 17 of the second lecture?,lecture_2_slide_17_dummy-variables-and-one-hot-encoding.md
Can you provide a summary of what's shown on slide 17 from lecture 2?,lecture_2_slide_17_dummy-variables-and-one-hot-encoding.md
Please clarify the details illustrated on slide 17 of lecture two.,lecture_2_slide_17_dummy-variables-and-one-hot-encoding.md
What is being explained in the seventeenth slide of lecture 2?,lecture_2_slide_17_dummy-variables-and-one-hot-encoding.md
Could you elaborate on the concepts discussed in slide 17 of the second lecture?,lecture_2_slide_17_dummy-variables-and-one-hot-encoding.md
What topics are covered in slide 17 of lecture 2?,lecture_2_slide_17_dummy-variables-and-one-hot-encoding.md
Can you interpret the details of slide 17 from lecture two for me?,lecture_2_slide_17_dummy-variables-and-one-hot-encoding.md
What ideas are presented in slide 17 of lecture 2?,lecture_2_slide_17_dummy-variables-and-one-hot-encoding.md
Please break down the information on slide 17 of the second lecture.,lecture_2_slide_17_dummy-variables-and-one-hot-encoding.md
Could you clarify what is happening on slide 23 of lecture 2?,lecture_2_slide_23_visualization-with-matplotlib.md
What details are presented on slide 23 of the second lecture?,lecture_2_slide_23_visualization-with-matplotlib.md
Can you explain the content shown on slide 23 of lecture 2?,lecture_2_slide_23_visualization-with-matplotlib.md
What is being discussed in slide 23 of lecture 2?,lecture_2_slide_23_visualization-with-matplotlib.md
Could you provide an explanation for the information on slide 23 of lecture 2?,lecture_2_slide_23_visualization-with-matplotlib.md
What are the key points covered on slide 23 in the second lecture?,lecture_2_slide_23_visualization-with-matplotlib.md
How would you describe the material on slide 23 of lecture 2?,lecture_2_slide_23_visualization-with-matplotlib.md
What details should we pay attention to on slide 23 of lecture 2?,lecture_2_slide_23_visualization-with-matplotlib.md
Can you break down the information presented on slide 23 of the second lecture?,lecture_2_slide_23_visualization-with-matplotlib.md
What does slide 23 of lecture 2 illustrate or convey?,lecture_2_slide_23_visualization-with-matplotlib.md
Could you describe the content of slide 4 from lecture 2?,lecture_2_slide_4_supervised-learning.md
What information is presented on the fourth slide of the second lecture?,lecture_2_slide_4_supervised-learning.md
Can you provide an explanation of what's happening on slide 4 in lecture 2?,lecture_2_slide_4_supervised-learning.md
Please elaborate on the details shown in slide 4 of lecture 2.,lecture_2_slide_4_supervised-learning.md
What does slide 4 in lecture 2 cover?,lecture_2_slide_4_supervised-learning.md
Could you clarify the main points discussed on the fourth slide of lecture 2?,lecture_2_slide_4_supervised-learning.md
Can you summarize the key concepts from slide 4 of the second lecture?,lecture_2_slide_4_supervised-learning.md
What is depicted on the fourth slide of lecture 2?,lecture_2_slide_4_supervised-learning.md
Please explain the material presented on slide 4 of lecture 2.,lecture_2_slide_4_supervised-learning.md
What topics are addressed in the fourth slide of lecture 2?,lecture_2_slide_4_supervised-learning.md
Could you elaborate on what image 1 on slide 15 of lecture 2 represents?,lecture_2_slide_15_img1.md
What does the first image on the 15th slide of lecture 2 illustrate?,lecture_2_slide_15_img1.md
Can you explain the significance of image 1 found on slide 15 in lecture 2?,lecture_2_slide_15_img1.md
"What information is conveyed by the image on slide 15, image number 1, in lecture 2?",lecture_2_slide_15_img1.md
Please describe the content and purpose of image 1 on slide 15 from lecture 2.,lecture_2_slide_15_img1.md
What is depicted in image 1 on the 15th slide of the second lecture?,lecture_2_slide_15_img1.md
How would you explain image 1 on slide 15 of the second lecture session?,lecture_2_slide_15_img1.md
"What is the explanation for the image shown on slide 15, image 1, in lecture 2?",lecture_2_slide_15_img1.md
Can you provide a detailed explanation of the first image on slide 15 in lecture 2?,lecture_2_slide_15_img1.md
What details are presented in image 1 on the 15th slide of lecture 2?,lecture_2_slide_15_img1.md
Could you clarify the content presented on slide 29 from lecture 2?,lecture_2_slide_29_scaling-and-normalizing-data.md
What information is conveyed on slide 29 of the second lecture?,lecture_2_slide_29_scaling-and-normalizing-data.md
Can you break down the details presented on slide 29 in lecture 2?,lecture_2_slide_29_scaling-and-normalizing-data.md
What are the key points discussed on slide 29 of lecture 2?,lecture_2_slide_29_scaling-and-normalizing-data.md
Please explain the main ideas highlighted on slide 29 from the second lecture.,lecture_2_slide_29_scaling-and-normalizing-data.md
What is the significance of the content shown on slide 29 in lecture 2?,lecture_2_slide_29_scaling-and-normalizing-data.md
Could you provide an analysis of what is depicted on slide 29 of lecture 2?,lecture_2_slide_29_scaling-and-normalizing-data.md
Can you elaborate on the concepts shown on slide 29 from lecture 2?,lecture_2_slide_29_scaling-and-normalizing-data.md
What is being illustrated on slide 29 in the second lecture?,lecture_2_slide_29_scaling-and-normalizing-data.md
Can you describe what slide 29 of lecture 2 is about?,lecture_2_slide_29_scaling-and-normalizing-data.md
Could you break down the contents of slide 12 from lecture 2?,lecture_2_slide_12_cleaning-and-preprocessing-data.md
What details are presented on slide 12 of lecture 2?,lecture_2_slide_12_cleaning-and-preprocessing-data.md
Can you clarify the information shown on slide 12 in lecture 2?,lecture_2_slide_12_cleaning-and-preprocessing-data.md
How would you explain the main points on slide 12 of lecture 2?,lecture_2_slide_12_cleaning-and-preprocessing-data.md
What are the key highlights from slide 12 of lecture 2?,lecture_2_slide_12_cleaning-and-preprocessing-data.md
What is the topic discussed on slide 12 of lecture 2?,lecture_2_slide_12_cleaning-and-preprocessing-data.md
Could you summarize the material found on slide 12 in lecture 2?,lecture_2_slide_12_cleaning-and-preprocessing-data.md
What is described on slide 12 of lecture number 2?,lecture_2_slide_12_cleaning-and-preprocessing-data.md
What content is covered on slide 12 in the second lecture?,lecture_2_slide_12_cleaning-and-preprocessing-data.md
Can you interpret the visuals and text on slide 12 from lecture 2?,lecture_2_slide_12_cleaning-and-preprocessing-data.md
Can you describe the content of slide 2 from lecture 2?,lecture_2_slide_2_outline.md
What is depicted on the second slide of the second lecture?,lecture_2_slide_2_outline.md
Could you summarize the key points from slide 2 in lecture 2?,lecture_2_slide_2_outline.md
What information is being presented on slide 2 of the lecture 2?,lecture_2_slide_2_outline.md
What details are covered in the second slide of lecture 2?,lecture_2_slide_2_outline.md
Please explain the concepts discussed on slide 2 of the second lecture.,lecture_2_slide_2_outline.md
What is the main focus of slide 2 in lecture 2?,lecture_2_slide_2_outline.md
Can you provide an overview of what slide 2 from lecture 2 covers?,lecture_2_slide_2_outline.md
What are the major themes presented on the second slide of lecture 2?,lecture_2_slide_2_outline.md
Describe the main ideas from slide 2 of lecture 2.,lecture_2_slide_2_outline.md
Can you describe the content of slide 28 from the second lecture?,lecture_2_slide_28_box-plot.md
What is being discussed on slide 28 of lecture 2?,lecture_2_slide_28_box-plot.md
Could you provide an explanation of what's happening on slide 28 in lecture 2?,lecture_2_slide_28_box-plot.md
What information is presented on slide 28 of the second lecture?,lecture_2_slide_28_box-plot.md
Please elaborate on the details found on slide 28 of lecture 2.,lecture_2_slide_28_box-plot.md
What does slide 28 of lecture 2 show or explain?,lecture_2_slide_28_box-plot.md
How would you interpret the material on slide 28 from the second lecture?,lecture_2_slide_28_box-plot.md
Can you summarize the key points of slide 28 in lecture 2?,lecture_2_slide_28_box-plot.md
What is the main topic covered on slide 28 of the second lecture?,lecture_2_slide_28_box-plot.md
Could you clarify the details or concepts shown on slide 28 of lecture 2?,lecture_2_slide_28_box-plot.md
Can you interpret the content of slide 39 from lecture 2?,lecture_2_slide_39_resources.md
What are the key points discussed in slide 39 of lecture 2?,lecture_2_slide_39_resources.md
Could you provide an overview of what slide 39 in lecture 2 is about?,lecture_2_slide_39_resources.md
What information is presented on slide 39 of the second lecture?,lecture_2_slide_39_resources.md
Please explain the details and context of slide 39 from lecture two.,lecture_2_slide_39_resources.md
What is being illustrated in slide 39 of lecture 2?,lecture_2_slide_39_resources.md
Can you describe what is depicted on slide 39 of lecture 2?,lecture_2_slide_39_resources.md
What topics are covered on the 39th slide of the second lecture?,lecture_2_slide_39_resources.md
Could you summarize the content of slide 39 in the second lecture?,lecture_2_slide_39_resources.md
What is the main focus of slide 39 from lecture 2?,lecture_2_slide_39_resources.md
Could you describe what is depicted in image 3 on slide 11 of the second lecture?,lecture_2_slide_11_img3.md
What details are covered in the third image on slide 11 of lecture 2?,lecture_2_slide_11_img3.md
Please explain the contents of image 3 found on slide 11 in lecture 2.,lecture_2_slide_11_img3.md
Could you provide an explanation for the third image on slide 11 from the second lecture?,lecture_2_slide_11_img3.md
What information is conveyed by image 3 on slide 11 of lecture 2?,lecture_2_slide_11_img3.md
Can you elaborate on the significance of the third image on slide 11 in the second lecture?,lecture_2_slide_11_img3.md
What does the third image on slide 11 illustrate in the context of lecture 2?,lecture_2_slide_11_img3.md
How is image 3 on slide 11 relevant to the topic covered in lecture 2?,lecture_2_slide_11_img3.md
Could you clarify the key points shown in the third image on slide 11 of the second lecture?,lecture_2_slide_11_img3.md
Would you mind explaining what image 3 on slide 11 of lecture 2 is about?,lecture_2_slide_11_img3.md
Can you describe the content of image 1 found on slide 23 of lecture 2?,lecture_2_slide_23_img1.md
What details can you provide about image 1 on slide 23 in the second lecture?,lecture_2_slide_23_img1.md
"Please interpret the image labeled as slide 23, lecture 2.",lecture_2_slide_23_img1.md
Could you clarify the elements present in image 1 from slide 23 of our second lecture series?,lecture_2_slide_23_img1.md
What information is depicted in image 1 of slide 23 in lecture two?,lecture_2_slide_23_img1.md
Give an explanation of the image on slide 23 from lecture 2.,lecture_2_slide_23_img1.md
Would you mind explaining what is shown in image 1 on slide 23 for lecture 2?,lecture_2_slide_23_img1.md
What does the first image on the 23rd slide of lecture 2 illustrate?,lecture_2_slide_23_img1.md
Could you go over the details of image 1 on the 23rd slide from the second lecture?,lecture_2_slide_23_img1.md
Can you elaborate on what image 1 in slide 23 of the second lecture represents?,lecture_2_slide_23_img1.md
Could you clarify the content of image 1 on slide 26 in lecture 2?,lecture_2_slide_26_img1.md
What is depicted in image 1 of slide 26 from the second lecture?,lecture_2_slide_26_img1.md
Can you provide an explanation for image 1 found on slide 26 of lecture 2?,lecture_2_slide_26_img1.md
What does image 1 in slide 26 of lecture 2 illustrate?,lecture_2_slide_26_img1.md
Please explain the details of image 1 on slide 26 in the second lecture.,lecture_2_slide_26_img1.md
What information is conveyed in image 1 of slide 26 from lecture 2?,lecture_2_slide_26_img1.md
Could you describe the subject of image 1 on slide 26 in lecture 2?,lecture_2_slide_26_img1.md
What is the significance of image 1 found on slide 26 in the second lecture?,lecture_2_slide_26_img1.md
Can you elaborate on the content of image 1 on slide 26 from lecture 2?,lecture_2_slide_26_img1.md
"What details are presented in image 1 of slide 26, lecture 2?",lecture_2_slide_26_img1.md
Could you describe the content of slide 30 from the second lecture?,lecture_2_slide_30_example_norm.md
What information is presented on slide 30 of lecture 2?,lecture_2_slide_30_example_norm.md
Please explain the details shown in slide 30 of the second lecture.,lecture_2_slide_30_example_norm.md
Can you elaborate on the points made on slide 30 from lecture 2?,lecture_2_slide_30_example_norm.md
What is discussed on slide 30 in the second lecture?,lecture_2_slide_30_example_norm.md
Could you break down the contents of slide 30 from lecture 2?,lecture_2_slide_30_example_norm.md
Please clarify what slide 30 of the second lecture is about.,lecture_2_slide_30_example_norm.md
What topics are covered on slide 30 in the second lecture?,lecture_2_slide_30_example_norm.md
Can you give an overview of slide 30 from lecture 2?,lecture_2_slide_30_example_norm.md
What explanation is provided on slide 30 during the second lecture?,lecture_2_slide_30_example_norm.md
Could you describe the content of image 1 found in slide 6 of lecture 2?,lecture_2_slide_6_img1.md
Please explain the first image on the sixth slide of the second lecture.,lecture_2_slide_6_img1.md
What does image 1 on slide 6 of lecture 2 depict?,lecture_2_slide_6_img1.md
Can you provide an explanation for image 1 on the sixth slide from lecture 2?,lecture_2_slide_6_img1.md
I'd like a breakdown of what image 1 on slide 6 in lecture 2 represents.,lecture_2_slide_6_img1.md
What information is conveyed by image 1 on slide 6 of lecture 2?,lecture_2_slide_6_img1.md
Could you elucidate on the first image shown in slide 6 of the second lecture?,lecture_2_slide_6_img1.md
Please interpret the details of image 1 located on lecture 2's sixth slide.,lecture_2_slide_6_img1.md
What is the significance of image 1 featured on slide 6 of lecture 2?,lecture_2_slide_6_img1.md
Can you give a detailed description of image 1 in slide 6 of the second lecture?,lecture_2_slide_6_img1.md
Can you clarify the content on slide 18 of lecture 2?,lecture_2_slide_18_label-encoding.md
Please provide an explanation of slide 18 from the second lecture.,lecture_2_slide_18_label-encoding.md
What are the key points presented on slide 18 of lecture 2?,lecture_2_slide_18_label-encoding.md
Could you interpret the information shown on slide 18 in lecture 2?,lecture_2_slide_18_label-encoding.md
What details are illustrated on slide 18 of the second lecture?,lecture_2_slide_18_label-encoding.md
"I'm interested in understanding slide 18 from lecture 2, can you explain it?",lecture_2_slide_18_label-encoding.md
Could you break down the material on slide 18 of lecture 2?,lecture_2_slide_18_label-encoding.md
What is the significance of the content on slide 18 of lecture 2?,lecture_2_slide_18_label-encoding.md
"I'd like to know more about slide 18 from lecture 2, could you describe it?",lecture_2_slide_18_label-encoding.md
Can you summarize the main ideas from slide 18 of the second lecture?,lecture_2_slide_18_label-encoding.md
Could you elaborate on the information presented in slide 34 from lecture 2?,lecture_2_slide_34_cross-validation.md
What details are covered on slide 34 of lecture 2?,lecture_2_slide_34_cross-validation.md
Can you summarize the content of slide 34 in lecture 2?,lecture_2_slide_34_cross-validation.md
What is being discussed on slide 34 of the second lecture?,lecture_2_slide_34_cross-validation.md
Please explain the main points of slide 34 from the second lecture.,lecture_2_slide_34_cross-validation.md
What is the focus of slide 34 in lecture 2?,lecture_2_slide_34_cross-validation.md
Can you provide an explanation of slide 34 in the second lecture?,lecture_2_slide_34_cross-validation.md
What is the subject matter of slide 34 in lecture 2?,lecture_2_slide_34_cross-validation.md
Could you clarify the concepts shown on slide 34 of lecture 2?,lecture_2_slide_34_cross-validation.md
What topics are addressed in slide 34 of the second lecture?,lecture_2_slide_34_cross-validation.md
Can you describe what is depicted in image 1 on slide 19 of lecture 2?,lecture_2_slide_19_img1.md
Please interpret the contents of the first image on slide 19 from lecture 2.,lecture_2_slide_19_img1.md
Could you explain the first image found on slide 19 in the second lecture?,lecture_2_slide_19_img1.md
What information is conveyed by image 1 on slide 19 in lecture 2?,lecture_2_slide_19_img1.md
How would you explain the contents of image 1 on slide 19 of lecture 2?,lecture_2_slide_19_img1.md
Can you provide an explanation for image 1 on slide 19 from the second lecture?,lecture_2_slide_19_img1.md
What does the first image on slide 19 of lecture 2 illustrate?,lecture_2_slide_19_img1.md
Please describe the elements of image 1 on slide 19 in lecture 2.,lecture_2_slide_19_img1.md
Could you elaborate on what is shown in image 1 on slide 19 of the second lecture?,lecture_2_slide_19_img1.md
What is the significance of image 1 on slide 19 in lecture 2?,lecture_2_slide_19_img1.md
Can you describe the content of slide 37 from lecture 2?,lecture_2_slide_37_confusion-matrix.md
What information is presented on slide 37 in the second lecture?,lecture_2_slide_37_confusion-matrix.md
Could you clarify the main points of slide 37 from lecture 2?,lecture_2_slide_37_confusion-matrix.md
What does slide 37 of lecture 2 cover?,lecture_2_slide_37_confusion-matrix.md
Please explain the details on slide 37 of lecture two.,lecture_2_slide_37_confusion-matrix.md
What are the key elements of slide 37 in lecture 2?,lecture_2_slide_37_confusion-matrix.md
Can you summarize what is depicted on slide 37 of lecture 2?,lecture_2_slide_37_confusion-matrix.md
Help me understand what's going on in slide 37 of the second lecture.,lecture_2_slide_37_confusion-matrix.md
What is the focus of slide 37 from lecture 2?,lecture_2_slide_37_confusion-matrix.md
Give a breakdown of the material shown on slide 37 in lecture two.,lecture_2_slide_37_confusion-matrix.md
Could you interpret the content of slide number 36 from lecture 2?,lecture_2_slide_36_f1-score.md
What details are presented on slide 36 of the second lecture?,lecture_2_slide_36_f1-score.md
Can you provide an explanation for slide 36 in the second lecture?,lecture_2_slide_36_f1-score.md
What is the main focus of the 36th slide in lecture 2?,lecture_2_slide_36_f1-score.md
Please describe what slide 36 of lecture 2 is about.,lecture_2_slide_36_f1-score.md
What information is being conveyed on slide 36 of lecture 2?,lecture_2_slide_36_f1-score.md
Could you analyze the contents of the 36th slide from the second lecture?,lecture_2_slide_36_f1-score.md
Can you elaborate on the topics covered on slide 36 in lecture 2?,lecture_2_slide_36_f1-score.md
What is depicted on slide number 36 of lecture 2?,lecture_2_slide_36_f1-score.md
Can you give an overview of what's happening on slide 36 of lecture 2?,lecture_2_slide_36_f1-score.md
Could you clarify what's happening in slide 16 of lecture 2?,lecture_2_slide_16_changing-categorical-to-numerical-values.md
What details are covered on slide 16 of lecture 2?,lecture_2_slide_16_changing-categorical-to-numerical-values.md
Can you break down the content of slide 16 from lecture 2?,lecture_2_slide_16_changing-categorical-to-numerical-values.md
What is discussed on the 16th slide of the second lecture?,lecture_2_slide_16_changing-categorical-to-numerical-values.md
Please explain the information on slide 16 in lecture 2.,lecture_2_slide_16_changing-categorical-to-numerical-values.md
What topics are addressed on slide 16 of the second lecture?,lecture_2_slide_16_changing-categorical-to-numerical-values.md
Could you provide an overview of slide 16 from lecture 2?,lecture_2_slide_16_changing-categorical-to-numerical-values.md
What are the key points on the 16th slide of lecture 2?,lecture_2_slide_16_changing-categorical-to-numerical-values.md
What is the main focus of slide 16 in lecture 2?,lecture_2_slide_16_changing-categorical-to-numerical-values.md
Can you describe the material presented on slide 16 of lecture 2?,lecture_2_slide_16_changing-categorical-to-numerical-values.md
Can you describe what is being depicted on slide 35 of lecture 2?,lecture_2_slide_35_accuracy-recall-and-precision.md
What is presented in slide 35 of our second lecture?,lecture_2_slide_35_accuracy-recall-and-precision.md
Could you clarify the main points on slide 35 from lecture 2?,lecture_2_slide_35_accuracy-recall-and-precision.md
What information is conveyed in slide 35 of lecture number 2?,lecture_2_slide_35_accuracy-recall-and-precision.md
Please explain the contents of slide 35 from the second lecture.,lecture_2_slide_35_accuracy-recall-and-precision.md
What are the key highlights on slide 35 in the second lecture?,lecture_2_slide_35_accuracy-recall-and-precision.md
Could you walk me through what slide 35 of lecture 2 covers?,lecture_2_slide_35_accuracy-recall-and-precision.md
What details are illustrated in the 35th slide of our second lecture?,lecture_2_slide_35_accuracy-recall-and-precision.md
Can you summarize the themes discussed in slide 35 of the second lecture?,lecture_2_slide_35_accuracy-recall-and-precision.md
What explanation does slide 35 offer in lecture 2?,lecture_2_slide_35_accuracy-recall-and-precision.md
Could you provide an explanation for image 1 on slide 11 of lecture 2?,lecture_2_slide_11_img1.md
What does image 1 on slide 11 of lecture 2 represent?,lecture_2_slide_11_img1.md
Please explain the first image found on the eleventh slide of the second lecture.,lecture_2_slide_11_img1.md
Can you describe what is shown in image 1 on slide 11 of lecture 2?,lecture_2_slide_11_img1.md
What is the significance of the first image on slide 11 in lecture 2?,lecture_2_slide_11_img1.md
I'd like an explanation of the image labeled 1 on slide 11 from lecture 2.,lecture_2_slide_11_img1.md
What information is conveyed by image 1 on slide 11 in the second lecture?,lecture_2_slide_11_img1.md
Could you detail what image 1 on the eleventh slide of lecture 2 depicts?,lecture_2_slide_11_img1.md
Please describe the contents of image 1 from slide 11 of the second lecture.,lecture_2_slide_11_img1.md
How does image 1 on slide 11 relate to the overall content of lecture 2?,lecture_2_slide_11_img1.md
Can you clarify what image 2 on slide 22 of lecture 2 is about?,lecture_2_slide_22_img2.md
Could you provide an explanation for the second image on the 22nd slide in lecture 2?,lecture_2_slide_22_img2.md
What does the second image on slide 22 in the second lecture depict?,lecture_2_slide_22_img2.md
Please explain the content of the image labeled as number 2 on slide 22 in lecture 2.,lecture_2_slide_22_img2.md
How would you interpret image 2 found on slide 22 of the second lecture?,lecture_2_slide_22_img2.md
Could you describe the details of the second image on the 22nd slide of lecture 2?,lecture_2_slide_22_img2.md
What is the significance of image 2 located at slide 22 of lecture 2?,lecture_2_slide_22_img2.md
Please elaborate on the information conveyed by the second image on slide 22 in lecture 2.,lecture_2_slide_22_img2.md
Can you break down what image 2 on slide 22 of the lecture 2 conveys?,lecture_2_slide_22_img2.md
Would you mind explaining the aspects featured in image 2 on slide 22 of lecture 2?,lecture_2_slide_22_img2.md
Could you describe the content of image 1 found on slide 37 of lecture 2?,lecture_2_slide_37_img1.md
What details are presented in image 1 of slide 37 in the second lecture?,lecture_2_slide_37_img1.md
Please explain the first image from slide 37 in the lecture 2 presentation.,lecture_2_slide_37_img1.md
"Can you elaborate on the imagery shown on slide 37, specifically image 1 in lecture 2?",lecture_2_slide_37_img1.md
Provide an explanation of what is depicted in image 1 on slide 37 from lecture 2.,lecture_2_slide_37_img1.md
What does image 1 on slide 37 of the second lecture illustrate?,lecture_2_slide_37_img1.md
Clarify the elements and message of the first image on slide 37 in lecture 2.,lecture_2_slide_37_img1.md
Can you interpret image 1 on slide 37 of lecture 2 for me?,lecture_2_slide_37_img1.md
"What information can be derived from the image on slide 37, specifically image 1, of lecture 2?",lecture_2_slide_37_img1.md
Describe the visual points shown in image 1 of the 37th slide from lecture 2.,lecture_2_slide_37_img1.md
Could you describe what is shown in image 1 of slide 27 from lecture 2?,lecture_2_slide_27_img1.md
What details are depicted in the first image on slide 27 of the second lecture?,lecture_2_slide_27_img1.md
"Can you explain the content of the image on slide 27, lecture 2?",lecture_2_slide_27_img1.md
Please provide an explanation for the image found on slide 27 in the second lecture.,lecture_2_slide_27_img1.md
What information is conveyed in image 1 of slide 27 from lecture 2?,lecture_2_slide_27_img1.md
How would you interpret image 1 on slide 27 in lecture 2?,lecture_2_slide_27_img1.md
Could you give an overview of the image located on slide 27 of lecture 2?,lecture_2_slide_27_img1.md
What is the purpose of the image displayed on slide 27 in the second lecture?,lecture_2_slide_27_img1.md
Can you detail the elements of the first image on slide 27 from lecture 2?,lecture_2_slide_27_img1.md
Would you mind explaining what image 1 on slide 27 of lecture 2 represents?,lecture_2_slide_27_img1.md
Can you describe what image 1 on slide 7 of lecture 2 depicts?,lecture_2_slide_7_img1.md
Please interpret the content of image 1 located on slide 7 in lecture 2.,lecture_2_slide_7_img1.md
What information is conveyed by image 1 on slide 7 of the second lecture?,lecture_2_slide_7_img1.md
Could you clarify the details of image 1 from slide 7 in lecture 2?,lecture_2_slide_7_img1.md
"Provide an explanation for the image found on slide 7, image 1, of lecture 2.",lecture_2_slide_7_img1.md
What does image 1 on the 7th slide of the second lecture illustrate?,lecture_2_slide_7_img1.md
Give an overview of the image presented as image 1 on slide 7 of lecture two.,lecture_2_slide_7_img1.md
What is the significance of image 1 on slide 7 in lecture 2?,lecture_2_slide_7_img1.md
How would you analyze image 1 that appears on slide 7 of lecture 2?,lecture_2_slide_7_img1.md
Describe the visuals and implications of image 1 on slide 7 in lecture 2.,lecture_2_slide_7_img1.md
Can you describe the content of slide 31 from lecture 2?,lecture_2_slide_31_pipelines.md
What information is presented on slide 31 of the second lecture?,lecture_2_slide_31_pipelines.md
Could you clarify the key points on slide 31 in lecture 2?,lecture_2_slide_31_pipelines.md
Please break down the main elements on slide 31 of lecture 2.,lecture_2_slide_31_pipelines.md
What is discussed on slide 31 of the second lecture session?,lecture_2_slide_31_pipelines.md
Could you provide an overview of what slide 31 in lecture 2 covers?,lecture_2_slide_31_pipelines.md
What are the key takeaways from slide 31 in lecture 2?,lecture_2_slide_31_pipelines.md
Can you summarize the content found on slide 31 of the second lecture?,lecture_2_slide_31_pipelines.md
What details are highlighted on slide 31 in lecture 2?,lecture_2_slide_31_pipelines.md
Please explain the significance of what's displayed on slide 31 of lecture 2.,lecture_2_slide_31_pipelines.md
Could you describe the content of image 1 on slide 18 from lecture 2?,lecture_2_slide_18_img1.md
What does image 1 on slide 18 of lecture 2 illustrate?,lecture_2_slide_18_img1.md
Please explain what's depicted in image 1 found on slide 18 of lecture 2.,lecture_2_slide_18_img1.md
Can you provide details about the first image on slide 18 from the second lecture?,lecture_2_slide_18_img1.md
What information is conveyed by image 1 on slide 18 in the second lecture?,lecture_2_slide_18_img1.md
Can you clarify the subject of image 1 from slide 18 in lecture 2?,lecture_2_slide_18_img1.md
Describe the elements and significance of image 1 on slide 18 of lecture 2.,lecture_2_slide_18_img1.md
"What is shown in image 1 on slide 18 of lecture 2, and what does it represent?",lecture_2_slide_18_img1.md
Provide an explanation for image 1 located on slide 18 of the second lecture.,lecture_2_slide_18_img1.md
Could you elaborate on image 1 from slide 18 in lecture 2?,lecture_2_slide_18_img1.md
Can you describe what's happening in slide 7 of lecture 2?,lecture_2_slide_7_unsupervised-learning.md
What information is being presented in slide 7 of the second lecture?,lecture_2_slide_7_unsupervised-learning.md
Could you clarify the content shown on slide 7 of lecture 2?,lecture_2_slide_7_unsupervised-learning.md
What's the main topic covered in slide 7 of lecture 2?,lecture_2_slide_7_unsupervised-learning.md
Please elaborate on the details found in slide 7 of the second lecture.,lecture_2_slide_7_unsupervised-learning.md
What are the key points discussed in slide 7 of lecture 2?,lecture_2_slide_7_unsupervised-learning.md
How would you summarize the information on slide 7 of the second lecture?,lecture_2_slide_7_unsupervised-learning.md
What concepts are explained in slide 7 of lecture 2?,lecture_2_slide_7_unsupervised-learning.md
Could you give a breakdown of the elements described on slide 7 of lecture 2?,lecture_2_slide_7_unsupervised-learning.md
What's depicted in slide 7 of the second lecture and how does it relate to the overall topic?,lecture_2_slide_7_unsupervised-learning.md
Could you interpret the content on slide 32 from lecture 2?,lecture_2_slide_32_train-validation-and-test-sets.md
What is depicted on slide 32 of the second lecture?,lecture_2_slide_32_train-validation-and-test-sets.md
Can you describe the information on slide 32 from lecture 2?,lecture_2_slide_32_train-validation-and-test-sets.md
What details are presented in slide 32 of lecture two?,lecture_2_slide_32_train-validation-and-test-sets.md
Please explain the topics covered on slide 32 of lecture 2.,lecture_2_slide_32_train-validation-and-test-sets.md
What is being discussed on slide 32 in lecture 2?,lecture_2_slide_32_train-validation-and-test-sets.md
Would you mind clarifying the materials on slide 32 of lecture 2?,lecture_2_slide_32_train-validation-and-test-sets.md
What content is shown on slide 32 in lecture 2?,lecture_2_slide_32_train-validation-and-test-sets.md
Can you go over what's on slide 32 of the second lecture?,lecture_2_slide_32_train-validation-and-test-sets.md
What does slide 32 of lecture 2 illustrate?,lecture_2_slide_32_train-validation-and-test-sets.md
Can you describe what is shown in image 1 on slide 25 of lecture 2?,lecture_2_slide_25_img1.md
What details can you give about image 1 on slide 25 from lecture 2?,lecture_2_slide_25_img1.md
Could you elaborate on the content of image 1 found on slide 25 in lecture 2?,lecture_2_slide_25_img1.md
What is depicted in image 1 on slide 25 of the second lecture?,lecture_2_slide_25_img1.md
Please explain the contents of image 1 located on slide 25 in lecture 2.,lecture_2_slide_25_img1.md
What insights can you provide about image 1 on slide 25 of the second lecture?,lecture_2_slide_25_img1.md
How would you interpret image 1 present on slide 25 in lecture 2?,lecture_2_slide_25_img1.md
What information is conveyed by image 1 on slide 25 from lecture 2?,lecture_2_slide_25_img1.md
Can you break down the elements of image 1 on slide 25 in lecture 2?,lecture_2_slide_25_img1.md
Please provide an explanation for image 1 on slide 25 of lecture 2.,lecture_2_slide_25_img1.md
Can you describe the content of image 1 found in slide 5 of lecture 2?,lecture_2_slide_5_img1.md
What does image 1 on slide 5 of lecture 2 illustrate?,lecture_2_slide_5_img1.md
Could you explain what is depicted in the first image on the fifth slide of lecture 2?,lecture_2_slide_5_img1.md
Please elaborate on the details shown in image 1 of slide 5 from lecture 2.,lecture_2_slide_5_img1.md
What information is conveyed by image 1 in slide 5 of the second lecture?,lecture_2_slide_5_img1.md
How would you interpret the first image on the fifth slide of lecture 2?,lecture_2_slide_5_img1.md
What is the significance of image 1 located on slide 5 in lecture 2?,lecture_2_slide_5_img1.md
Give an explanation of what is shown in image 1 on slide 5 of lecture 2.,lecture_2_slide_5_img1.md
What are the key features of image 1 displayed on the fifth slide of lecture 2?,lecture_2_slide_5_img1.md
Could you provide an analysis of the first image on slide 5 in the second lecture?,lecture_2_slide_5_img1.md
Could you describe the content of image 1 found on slide 34 from lecture 2?,lecture_2_slide_34_img1.md
Please explain what is depicted in image 1 on slide 34 of lecture 2.,lecture_2_slide_34_img1.md
What does image 1 on slide 34 of lecture 2 illustrate?,lecture_2_slide_34_img1.md
Can you provide a description of image 1 located on slide 34 in lecture 2?,lecture_2_slide_34_img1.md
What is the explanation for image 1 on slide 34 of lecture 2?,lecture_2_slide_34_img1.md
How would you interpret image 1 on slide 34 from lecture 2?,lecture_2_slide_34_img1.md
Could you clarify the details of image 1 on slide 34 in lecture 2?,lecture_2_slide_34_img1.md
Please provide an explanation for the visual in image 1 from slide 34 of lecture 2.,lecture_2_slide_34_img1.md
What information does image 1 on slide 34 of lecture 2 convey?,lecture_2_slide_34_img1.md
Can you explain the significance of image 1 on slide 34 in lecture 2?,lecture_2_slide_34_img1.md
Could you describe what is depicted in image 1 on slide 24 of lecture 2?,lecture_2_slide_24_img1.md
Can you provide an explanation for image 1 found on slide 24 in lecture 2?,lecture_2_slide_24_img1.md
What is the content of image 1 on slide 24 from lecture 2?,lecture_2_slide_24_img1.md
Please explain the details of image 1 located on slide 24 in lecture 2.,lecture_2_slide_24_img1.md
What does image 1 on slide 24 of lecture 2 illustrate?,lecture_2_slide_24_img1.md
Can you give a breakdown of what image 1 on slide 24 of lecture 2 shows?,lecture_2_slide_24_img1.md
Would you mind explaining image 1 that appears on slide 24 of lecture 2?,lecture_2_slide_24_img1.md
Could you clarify what is shown in image 1 on slide 24 from lecture 2?,lecture_2_slide_24_img1.md
What is the significance of image 1 presented on slide 24 of lecture 2?,lecture_2_slide_24_img1.md
Could you elaborate on the elements of image 1 from slide 24 in lecture 2?,lecture_2_slide_24_img1.md
Could you describe the content of slide 21 in lecture 2?,lecture_2_slide_21_exploratory-data-analysis-eda.md
What information is presented on slide 21 of lecture 2?,lecture_2_slide_21_exploratory-data-analysis-eda.md
Can you elaborate on the details found in slide 21 from lecture 2?,lecture_2_slide_21_exploratory-data-analysis-eda.md
What are the key points discussed in slide 21 of the second lecture?,lecture_2_slide_21_exploratory-data-analysis-eda.md
Provide an explanation of what is depicted in slide 21 of lecture 2.,lecture_2_slide_21_exploratory-data-analysis-eda.md
What is being illustrated on slide 21 of lecture 2?,lecture_2_slide_21_exploratory-data-analysis-eda.md
Could you interpret the material shown on slide 21 in the second lecture?,lecture_2_slide_21_exploratory-data-analysis-eda.md
What does slide 21 cover in the second lecture presentation?,lecture_2_slide_21_exploratory-data-analysis-eda.md
Can you summarize the content of slide 21 from lecture 2?,lecture_2_slide_21_exploratory-data-analysis-eda.md
What topics are addressed on slide 21 of the second lecture?,lecture_2_slide_21_exploratory-data-analysis-eda.md
Can you elaborate on the image found on slide 12 of lecture 2?,lecture_2_slide_12_img1.md
What does image 1 in slide 12 of the second lecture represent?,lecture_2_slide_12_img1.md
Please provide an explanation of the first image on slide 12 in lecture 2.,lecture_2_slide_12_img1.md
"Could you interpret the image located on slide 12, lecture 2?",lecture_2_slide_12_img1.md
What is the significance of image 1 on slide 12 from lecture 2?,lecture_2_slide_12_img1.md
How would you describe the visual on slide 12 of the second lecture?,lecture_2_slide_12_img1.md
Can you detail the contents of the image on slide 12 of lecture 2?,lecture_2_slide_12_img1.md
What is depicted in image 1 on slide 12 of lecture 2?,lecture_2_slide_12_img1.md
"Could you break down the imagery on slide 12, lecture 2?",lecture_2_slide_12_img1.md
Would you explain the graphic on the 12th slide of the second lecture?,lecture_2_slide_12_img1.md
Can you elaborate on the details of image 2 on slide 38 from lecture 5?,lecture_5_slide_38_img2.md
Could you provide an explanation for the second image on slide 38 of lecture 5?,lecture_5_slide_38_img2.md
What is depicted in image 2 of slide 38 in lecture 5?,lecture_5_slide_38_img2.md
Please explain the content of the second image on slide 38 from our fifth lecture.,lecture_5_slide_38_img2.md
Could you describe what image 2 on slide 38 in lecture 5 illustrates?,lecture_5_slide_38_img2.md
I need more information about image 2 on slide 38 from lecture 5. Can you explain?,lecture_5_slide_38_img2.md
What does image 2 on slide 38 from lecture 5 represent?,lecture_5_slide_38_img2.md
Can you break down the elements shown in image 2 on slide 38 of lecture 5?,lecture_5_slide_38_img2.md
What information is conveyed by the second image on slide 38 of lecture 5?,lecture_5_slide_38_img2.md
Could you clarify the significance of image 2 on slide 38 from lecture 5?,lecture_5_slide_38_img2.md
Can you describe what is shown in image 1 on slide 24 of lecture 5?,lecture_5_slide_24_img1.md
What does image 1 in slide 24 from lecture 5 illustrate?,lecture_5_slide_24_img1.md
Please explain the content of image 1 located on slide 24 of our fifth lecture.,lecture_5_slide_24_img1.md
What information is conveyed by image 1 on slide 24 in the fifth lecture?,lecture_5_slide_24_img1.md
Could you break down the elements of image 1 in slide 24 of lecture 5 for me?,lecture_5_slide_24_img1.md
What is the depiction in image 1 on slide 24 of lecture 5 about?,lecture_5_slide_24_img1.md
Give a detailed explanation of image 1 found on slide 24 from lecture 5.,lecture_5_slide_24_img1.md
How would you interpret image 1 on slide 24 from our lecture number five?,lecture_5_slide_24_img1.md
What does the first image on slide 24 of the fifth lecture represent?,lecture_5_slide_24_img1.md
Could you analyze the visual aspects of image 1 displayed on slide 24 in lecture 5?,lecture_5_slide_24_img1.md
Could you describe what is depicted in image 1 on slide 34 from lecture 5?,lecture_5_slide_34_img1.md
What details can be noted in the first image on the 34th slide of the fifth lecture?,lecture_5_slide_34_img1.md
Please elaborate on image 1 presented on slide 34 during lecture 5.,lecture_5_slide_34_img1.md
"Can you provide an explanation for the image found on slide 34, lecture 5?",lecture_5_slide_34_img1.md
What is the significance of the first image as shown on slide 34 in lecture 5?,lecture_5_slide_34_img1.md
How would you interpret image 1 from slide 34 of the fifth lecture?,lecture_5_slide_34_img1.md
Can you break down the elements of image 1 on slide 34 from lecture 5?,lecture_5_slide_34_img1.md
"What information is conveyed by the image on slide 34, lecture 5?",lecture_5_slide_34_img1.md
Could you analyze the content of the first image on slide 34 during lecture 5?,lecture_5_slide_34_img1.md
What is illustrated by image 1 on the 34th slide of lecture 5?,lecture_5_slide_34_img1.md
Could you describe the content presented on slide 32 of lecture 5?,lecture_5_slide_32_example.md
What information is conveyed on slide 32 of lecture 5?,lecture_5_slide_32_example.md
Can you explain what is discussed in slide 32 from lecture 5?,lecture_5_slide_32_example.md
What details are covered on slide 32 in lecture 5?,lecture_5_slide_32_example.md
Would you mind explaining what's shown on slide 32 of lecture 5?,lecture_5_slide_32_example.md
What is the subject of slide 32 in the fifth lecture?,lecture_5_slide_32_example.md
Can you break down the key points from slide 32 in lecture 5?,lecture_5_slide_32_example.md
What is explained in slide 32 during the fifth lecture?,lecture_5_slide_32_example.md
Could you clarify the content found on slide 32 of the lecture 5?,lecture_5_slide_32_example.md
Please elaborate on the details presented on slide 32 in the fifth lecture.,lecture_5_slide_32_example.md
Can you provide an explanation of what's depicted on slide 5 of lecture 5?,lecture_5_slide_5_dimensionality-reduction.md
What information is being presented on the fifth slide of lecture 5?,lecture_5_slide_5_dimensionality-reduction.md
Could you elaborate on the content of slide 5 from lecture 5?,lecture_5_slide_5_dimensionality-reduction.md
What details are explained on slide 5 in lecture 5?,lecture_5_slide_5_dimensionality-reduction.md
Please describe what slide 5 in lecture 5 is about.,lecture_5_slide_5_dimensionality-reduction.md
What is the main focus of slide 5 in lecture 5?,lecture_5_slide_5_dimensionality-reduction.md
Could you clarify the information given on slide 5 of our fifth lecture?,lecture_5_slide_5_dimensionality-reduction.md
What are the key points discussed on the fifth slide of lecture five?,lecture_5_slide_5_dimensionality-reduction.md
Would you mind explaining the details on slide 5 from our fifth lecture?,lecture_5_slide_5_dimensionality-reduction.md
Can you summarize the content of slide 5 in lecture 5?,lecture_5_slide_5_dimensionality-reduction.md
Could you detail the contents of image 2 on slide 43 from lecture 5?,lecture_5_slide_43_img2.md
Please clarify what is shown in image 2 of slide 43 in the fifth lecture.,lecture_5_slide_43_img2.md
Can you elaborate on the details of image 2 found on slide 43 in lecture 5?,lecture_5_slide_43_img2.md
What does image 2 on slide 43 of lecture 5 depict?,lecture_5_slide_43_img2.md
Would you be able to explain the illustration in image 2 on slide 43 from lecture 5?,lecture_5_slide_43_img2.md
I'm curious about image 2 on slide 43 of lecture number 5 – can you explain it?,lecture_5_slide_43_img2.md
Could you provide an explanation for image 2 on slide 43 of the fifth lecture?,lecture_5_slide_43_img2.md
"What is captured in image 2 on slide 43 of lecture 5, and can you explain it?",lecture_5_slide_43_img2.md
Please provide a detailed explanation of image 2 found in slide 43 of lecture 5.,lecture_5_slide_43_img2.md
"What's the significance of image 2 on slide 43 in lecture 5, and how does it relate to the topic?",lecture_5_slide_43_img2.md
Can you describe the content of slide 46 from lecture 5?,lecture_5_slide_46_random-forests.md
What does slide 46 in lecture 5 discuss?,lecture_5_slide_46_random-forests.md
Could you elaborate on what's presented in slide 46 of the fifth lecture?,lecture_5_slide_46_random-forests.md
What information is covered on slide 46 of lecture 5?,lecture_5_slide_46_random-forests.md
Please explain the details shown on slide 46 from lecture 5.,lecture_5_slide_46_random-forests.md
What is the main focus of slide 46 in the fifth lecture?,lecture_5_slide_46_random-forests.md
Can you provide an overview of slide 46 in lecture 5?,lecture_5_slide_46_random-forests.md
How is the topic on slide 46 of lecture 5 explained?,lecture_5_slide_46_random-forests.md
Could you summarize the information on slide 46 from lecture 5?,lecture_5_slide_46_random-forests.md
What topics are addressed in slide 46 of lecture 5?,lecture_5_slide_46_random-forests.md
Could you clarify what's being described in slide 22 of lecture 5?,lecture_5_slide_22_singular-value-decomposition-svd.md
What information is presented on slide 22 in lecture 5?,lecture_5_slide_22_singular-value-decomposition-svd.md
Can you explain the content of slide 22 from lecture 5?,lecture_5_slide_22_singular-value-decomposition-svd.md
What details are covered on slide 22 in the fifth lecture?,lecture_5_slide_22_singular-value-decomposition-svd.md
Could you provide an explanation for slide 22 in the context of lecture 5?,lecture_5_slide_22_singular-value-decomposition-svd.md
What is the main focus of slide 22 in lecture 5?,lecture_5_slide_22_singular-value-decomposition-svd.md
Please describe the key points shown in slide 22 of lecture 5.,lecture_5_slide_22_singular-value-decomposition-svd.md
Could you summarize what slide 22 of lecture 5 is about?,lecture_5_slide_22_singular-value-decomposition-svd.md
What is happening on slide 22 in the fifth lecture?,lecture_5_slide_22_singular-value-decomposition-svd.md
Can you explain what slide 22 in lecture 5 discusses?,lecture_5_slide_22_singular-value-decomposition-svd.md
Could you elaborate on the details presented in slide 42 of lecture 5?,lecture_5_slide_42_bagging-and-boosting.md
What are the key points illustrated in slide 42 from lecture 5?,lecture_5_slide_42_bagging-and-boosting.md
Can you clarify the information shown in slide 42 of lecture 5?,lecture_5_slide_42_bagging-and-boosting.md
What is the main focus of slide 42 in lecture 5?,lecture_5_slide_42_bagging-and-boosting.md
How would you interpret the content of slide 42 from the fifth lecture?,lecture_5_slide_42_bagging-and-boosting.md
What does slide 42 of lecture 5 depict?,lecture_5_slide_42_bagging-and-boosting.md
Could you summarize the concepts covered in slide 42 of lecture 5?,lecture_5_slide_42_bagging-and-boosting.md
What explanation can be given for the data on slide 42 in lecture 5?,lecture_5_slide_42_bagging-and-boosting.md
How can slide 42 of lecture 5 be analyzed in detail?,lecture_5_slide_42_bagging-and-boosting.md
What insights are presented in slide 42 of lecture 5?,lecture_5_slide_42_bagging-and-boosting.md
Could you describe the content of slide 36 from lecture 5?,lecture_5_slide_36_decision-tree-training-algorithm.md
What is depicted on slide 36 of lecture 5?,lecture_5_slide_36_decision-tree-training-algorithm.md
Can you explain the details presented in slide 36 of the fifth lecture?,lecture_5_slide_36_decision-tree-training-algorithm.md
What information is provided on slide 36 in lecture 5?,lecture_5_slide_36_decision-tree-training-algorithm.md
Please elaborate on the material covered in slide 36 of lecture 5.,lecture_5_slide_36_decision-tree-training-algorithm.md
What is the main concept shown on slide 36 of the fifth lecture?,lecture_5_slide_36_decision-tree-training-algorithm.md
Could you clarify the presentation on slide 36 from lecture 5?,lecture_5_slide_36_decision-tree-training-algorithm.md
What does slide 36 in lecture 5 explain?,lecture_5_slide_36_decision-tree-training-algorithm.md
Can you interpret the data shown on slide 36 of the fifth lecture?,lecture_5_slide_36_decision-tree-training-algorithm.md
What key points are discussed on slide 36 of lecture 5?,lecture_5_slide_36_decision-tree-training-algorithm.md
Could you describe the content of image 2 in slide 39 from lecture 5?,lecture_5_slide_39_img2.md
What details can you provide about the second image on slide 39 of the fifth lecture?,lecture_5_slide_39_img2.md
Can you explain what is shown in image 2 of slide 39 in lecture 5?,lecture_5_slide_39_img2.md
Please give an explanation of image 2 found on slide 39 in lecture 5.,lecture_5_slide_39_img2.md
What information is conveyed in the second image on slide 39 of our fifth lecture?,lecture_5_slide_39_img2.md
Would you mind explaining the second image on slide 39 from lecture 5?,lecture_5_slide_39_img2.md
What does image 2 on slide 39 of the fifth lecture illustrate?,lecture_5_slide_39_img2.md
Can you provide a detailed description of image 2 on slide 39 in lecture 5?,lecture_5_slide_39_img2.md
Could you elaborate on what is depicted in image 2 of slide 39 from lecture 5?,lecture_5_slide_39_img2.md
Please interpret the second image found on slide 39 of lecture 5.,lecture_5_slide_39_img2.md
Could you elaborate on the content presented on slide 21 of lecture 5?,lecture_5_slide_21_singular-value-decomposition-svd.md
Can you clarify what's depicted on slide 21 from lecture 5?,lecture_5_slide_21_singular-value-decomposition-svd.md
What details are discussed on slide 21 of lecture 5?,lecture_5_slide_21_singular-value-decomposition-svd.md
Please provide an explanation of slide 21 from the fifth lecture.,lecture_5_slide_21_singular-value-decomposition-svd.md
What information is conveyed in slide 21 of the lecture 5 presentation?,lecture_5_slide_21_singular-value-decomposition-svd.md
Could you describe the key points on slide 21 in lecture 5?,lecture_5_slide_21_singular-value-decomposition-svd.md
What is the main theme of slide 21 in the fifth lecture?,lecture_5_slide_21_singular-value-decomposition-svd.md
Can you summarize the topics addressed on slide 21 of lecture 5?,lecture_5_slide_21_singular-value-decomposition-svd.md
What are the highlights of the 21st slide in lecture 5?,lecture_5_slide_21_singular-value-decomposition-svd.md
Could you provide insight into the content of slide 21 from lecture 5?,lecture_5_slide_21_singular-value-decomposition-svd.md
Can you provide an explanation for the image labeled '1' on slide 25 from lecture 5?,lecture_5_slide_25_img1.md
What is the interpretation of the first image on slide 25 in the lecture 5 presentation?,lecture_5_slide_25_img1.md
Please elucidate the content of image 1 found on the 25th slide of lecture 5.,lecture_5_slide_25_img1.md
How would you describe the first image presented on slide number 25 in lecture 5?,lecture_5_slide_25_img1.md
Could you explain what's depicted in image 1 on the 25th slide of the fifth lecture?,lecture_5_slide_25_img1.md
What information does image 1 convey on slide 25 of lecture 5?,lecture_5_slide_25_img1.md
Would you mind explaining the details of image 1 seen on slide 25 from lecture 5?,lecture_5_slide_25_img1.md
What does the first image illustrate on slide 25 of the fifth lecture?,lecture_5_slide_25_img1.md
Please interpret the meaning of the image labeled '1' on the 25th slide during lecture 5.,lecture_5_slide_25_img1.md
Could you describe the contents of image 1 as shown on slide 25 in lecture 5?,lecture_5_slide_25_img1.md
Could you describe what is depicted in image 1 on slide 11 of lecture 5?,lecture_5_slide_11_img1.md
What does image 1 on slide 11 of lecture 5 illustrate?,lecture_5_slide_11_img1.md
Please explain the content shown in image 1 of slide 11 in lecture 5.,lecture_5_slide_11_img1.md
What information is conveyed in image 1 on slide 11 of the fifth lecture?,lecture_5_slide_11_img1.md
"How would you interpret the image on slide 11, lecture 5?",lecture_5_slide_11_img1.md
Can you provide an explanation for image 1 found in slide 11 of lecture 5?,lecture_5_slide_11_img1.md
What is depicted in image 1 on the 11th slide of the fifth lecture?,lecture_5_slide_11_img1.md
Could you elaborate on the contents of image 1 on slide 11 from lecture 5?,lecture_5_slide_11_img1.md
What are the key elements illustrated in the first image on slide 11 of lecture 5?,lecture_5_slide_11_img1.md
Please summarize the main points shown in image 1 on slide 11 of lecture 5.,lecture_5_slide_11_img1.md
Could you describe the content of slide 4 from lecture 5?,lecture_5_slide_4_dimension.md
What is depicted in slide 4 of the fifth lecture?,lecture_5_slide_4_dimension.md
Can you explain the main points on slide 4 of the lecture 5 presentation?,lecture_5_slide_4_dimension.md
What information is presented on slide 4 of lecture 5?,lecture_5_slide_4_dimension.md
Please elaborate on what is shown on slide 4 in the fifth lecture.,lecture_5_slide_4_dimension.md
What are the key details of slide 4 in lecture 5?,lecture_5_slide_4_dimension.md
Could you provide an overview of slide 4 from the fifth lecture?,lecture_5_slide_4_dimension.md
What topics are covered on slide 4 of lecture 5?,lecture_5_slide_4_dimension.md
How would you explain the content of slide 4 in lecture 5?,lecture_5_slide_4_dimension.md
Can you summarize the details found on slide 4 of the fifth lecture?,lecture_5_slide_4_dimension.md
Could you describe the content shown on slide 30 of lecture 5?,lecture_5_slide_30_when-to-consider-decision-trees.md
What information is being presented in slide 30 of the fifth lecture?,lecture_5_slide_30_when-to-consider-decision-trees.md
Can you elaborate on the details of slide 30 from lecture 5?,lecture_5_slide_30_when-to-consider-decision-trees.md
What is the focus of slide 30 in lecture 5?,lecture_5_slide_30_when-to-consider-decision-trees.md
Please explain the key points covered on slide 30 of lecture 5.,lecture_5_slide_30_when-to-consider-decision-trees.md
What is happening on slide 30 in the context of lecture 5?,lecture_5_slide_30_when-to-consider-decision-trees.md
Could you provide an overview of the themes in slide 30 from the fifth lecture?,lecture_5_slide_30_when-to-consider-decision-trees.md
"What is depicted in slide 30 of the fifth lecture, and why is it significant?",lecture_5_slide_30_when-to-consider-decision-trees.md
Can you break down the main elements of slide 30 in lecture 5?,lecture_5_slide_30_when-to-consider-decision-trees.md
What are the primary ideas conveyed on slide 30 of lecture 5?,lecture_5_slide_30_when-to-consider-decision-trees.md
Could you clarify the details on slide 38 of lecture 5?,lecture_5_slide_38_impurity-gini-and-entropy.md
What is depicted in slide 38 of the fifth lecture?,lecture_5_slide_38_impurity-gini-and-entropy.md
Can you provide an explanation of slide 38 from lecture 5?,lecture_5_slide_38_impurity-gini-and-entropy.md
What's the main point presented in slide 38 in lecture 5?,lecture_5_slide_38_impurity-gini-and-entropy.md
Could you break down what's happening on slide 38 of lecture 5?,lecture_5_slide_38_impurity-gini-and-entropy.md
What information is conveyed on slide 38 of lecture 5?,lecture_5_slide_38_impurity-gini-and-entropy.md
How would you describe the content of slide 38 from lecture 5?,lecture_5_slide_38_impurity-gini-and-entropy.md
Can you summarize the key elements of slide 38 from the fifth lecture?,lecture_5_slide_38_impurity-gini-and-entropy.md
What does slide 38 cover in the context of lecture 5?,lecture_5_slide_38_impurity-gini-and-entropy.md
Please interpret the content of slide 38 from lecture 5.,lecture_5_slide_38_impurity-gini-and-entropy.md
Can you describe the content of slide 11 from lecture 5?,lecture_5_slide_11_principal-component-analysis-pca.md
What is illustrated on slide 11 in the fifth lecture?,lecture_5_slide_11_principal-component-analysis-pca.md
Could you explain the information presented on slide 11 of lecture 5?,lecture_5_slide_11_principal-component-analysis-pca.md
What details are provided on slide number 11 in the lecture 5 presentation?,lecture_5_slide_11_principal-component-analysis-pca.md
Please summarize the main points from slide 11 in the fifth lecture.,lecture_5_slide_11_principal-component-analysis-pca.md
What is discussed on the eleventh slide during lecture 5?,lecture_5_slide_11_principal-component-analysis-pca.md
Could you provide an explanation of slide 11 from the fifth lecture?,lecture_5_slide_11_principal-component-analysis-pca.md
What is depicted on the 11th slide of lecture 5?,lecture_5_slide_11_principal-component-analysis-pca.md
How would you describe the content of slide 11 in the context of lecture 5?,lecture_5_slide_11_principal-component-analysis-pca.md
What are the key concepts shown on slide 11 of the fifth lecture?,lecture_5_slide_11_principal-component-analysis-pca.md
Could you describe the details presented on slide 44 of lecture 5?,lecture_5_slide_44_random-forests.md
What information is depicted on slide 44 of lecture 5?,lecture_5_slide_44_random-forests.md
Can you explain the main concepts covered on slide 44 of lecture 5?,lecture_5_slide_44_random-forests.md
Please give an overview of the content in slide 44 from lecture 5.,lecture_5_slide_44_random-forests.md
What are the key points discussed on slide 44 of lecture 5?,lecture_5_slide_44_random-forests.md
Could you summarize the information shown on slide 44 in lecture 5?,lecture_5_slide_44_random-forests.md
What is the focus of slide 44 in our fifth lecture?,lecture_5_slide_44_random-forests.md
Can you elaborate on the topics addressed in slide 44 of lecture 5?,lecture_5_slide_44_random-forests.md
What is explained in slide 44 of the fifth lecture?,lecture_5_slide_44_random-forests.md
Please clarify the subject matter of slide 44 from lecture 5.,lecture_5_slide_44_random-forests.md
Can you describe the contents of slide 17 from lecture 5?,lecture_5_slide_17_pca-example-mnist-compression.md
What information is presented on slide 17 in lecture 5?,lecture_5_slide_17_pca-example-mnist-compression.md
Please explain the details shown on slide 17 from lecture 5.,lecture_5_slide_17_pca-example-mnist-compression.md
What is happening on slide 17 of our fifth lecture?,lecture_5_slide_17_pca-example-mnist-compression.md
Could you clarify the key points on slide 17 from lecture 5?,lecture_5_slide_17_pca-example-mnist-compression.md
What are the main topics discussed on slide 17 of lecture 5?,lecture_5_slide_17_pca-example-mnist-compression.md
Can you interpret the information shown on slide 17 in lecture 5?,lecture_5_slide_17_pca-example-mnist-compression.md
Please provide an explanation for slide 17 of lecture 5.,lecture_5_slide_17_pca-example-mnist-compression.md
What does slide 17 cover in lecture 5?,lecture_5_slide_17_pca-example-mnist-compression.md
Can you summarize the content of slide 17 from lecture 5?,lecture_5_slide_17_pca-example-mnist-compression.md
Could you describe the contents of slide 24 from lecture 5?,lecture_5_slide_24_singular-value-decomposition-svd.md
What is depicted on slide 24 in the lecture 5 presentation?,lecture_5_slide_24_singular-value-decomposition-svd.md
Can you explain the main points of slide 24 from the fifth lecture?,lecture_5_slide_24_singular-value-decomposition-svd.md
Please elaborate on what is presented on slide 24 in the fifth lecture.,lecture_5_slide_24_singular-value-decomposition-svd.md
What information is conveyed in slide 24 of lecture 5?,lecture_5_slide_24_singular-value-decomposition-svd.md
Can you provide an explanation of the content on slide 24 in lecture 5?,lecture_5_slide_24_singular-value-decomposition-svd.md
What's discussed on slide number 24 in the fifth lecture?,lecture_5_slide_24_singular-value-decomposition-svd.md
Could you summarize the details on slide 24 from lecture 5?,lecture_5_slide_24_singular-value-decomposition-svd.md
What are the key elements shown on slide 24 of lecture 5?,lecture_5_slide_24_singular-value-decomposition-svd.md
Can you clarify the subject matter of slide 24 in lecture number 5?,lecture_5_slide_24_singular-value-decomposition-svd.md
Can you describe the content on slide 16 of lecture 5?,lecture_5_slide_16_pca-example-iris-data.md
What is happening on slide 16 in the fifth lecture?,lecture_5_slide_16_pca-example-iris-data.md
Could you clarify what's shown on slide 16 of lecture five?,lecture_5_slide_16_pca-example-iris-data.md
Please explain the details of slide 16 from lecture 5.,lecture_5_slide_16_pca-example-iris-data.md
What information is presented on slide 16 of lecture 5?,lecture_5_slide_16_pca-example-iris-data.md
Can you elaborate on the content of slide 16 in lecture 5?,lecture_5_slide_16_pca-example-iris-data.md
What does slide 16 in lecture 5 discuss?,lecture_5_slide_16_pca-example-iris-data.md
Could you interpret what's depicted on slide 16 of lecture 5?,lecture_5_slide_16_pca-example-iris-data.md
What key points are covered on slide 16 of the fifth lecture?,lecture_5_slide_16_pca-example-iris-data.md
Can you analyze the information on slide 16 from lecture 5?,lecture_5_slide_16_pca-example-iris-data.md
Could you clarify the content of slide 12 from lecture 5?,lecture_5_slide_12_principal-component-analysis-pca.md
Please describe what is being presented on slide 12 in lecture 5.,lecture_5_slide_12_principal-component-analysis-pca.md
Can you explain the details of slide 12 from the fifth lecture?,lecture_5_slide_12_principal-component-analysis-pca.md
What is the main focus of slide 12 in the fifth lecture?,lecture_5_slide_12_principal-component-analysis-pca.md
Could you elaborate on the information shown on slide 12 in lecture 5?,lecture_5_slide_12_principal-component-analysis-pca.md
What does slide 12 from lecture 5 indicate?,lecture_5_slide_12_principal-component-analysis-pca.md
Can you provide an explanation for the content on slide 12 of lecture 5?,lecture_5_slide_12_principal-component-analysis-pca.md
"What is depicted on slide 12 in lecture 5, and what is its significance?",lecture_5_slide_12_principal-component-analysis-pca.md
Could you summarize the key points of slide 12 from lecture 5?,lecture_5_slide_12_principal-component-analysis-pca.md
What insights are offered by slide 12 in the fifth lecture?,lecture_5_slide_12_principal-component-analysis-pca.md
Can you describe what's depicted in image 1 on slide 36 from lecture 5?,lecture_5_slide_36_img1.md
Could you provide an explanation for the image found on slide 36 of lecture 5?,lecture_5_slide_36_img1.md
Please interpret the contents of image 1 from slide 36 in lecture 5.,lecture_5_slide_36_img1.md
What is shown in image 1 on slide 36 of the fifth lecture?,lecture_5_slide_36_img1.md
Could you explain the significance of the image on slide 36 in the fifth lecture?,lecture_5_slide_36_img1.md
What details are illustrated in image 1 on slide 36 of our fifth lecture?,lecture_5_slide_36_img1.md
Can you clarify what image 1 on slide 36 depicts in lecture 5?,lecture_5_slide_36_img1.md
Please analyze the image found on slide 36 of lecture 5 and explain its context.,lecture_5_slide_36_img1.md
What explanation can be given for image 1 on slide 36 from lecture 5?,lecture_5_slide_36_img1.md
Could you break down the elements of image 1 on slide 36 in lecture 5?,lecture_5_slide_36_img1.md
Clarify the details of image 1 found on slide 26 of lecture 5.,lecture_5_slide_26_img1.md
Could you describe the content of image 1 on slide 26 from lecture 5?,lecture_5_slide_26_img1.md
What information is conveyed by image 1 in slide 26 of the fifth lecture?,lecture_5_slide_26_img1.md
Please provide an explanation for image 1 on slide 26 in the context of lecture 5.,lecture_5_slide_26_img1.md
How would you interpret image 1 shown in slide 26 of the fifth lecture?,lecture_5_slide_26_img1.md
Can you break down the elements of image 1 on slide 26 from lecture 5?,lecture_5_slide_26_img1.md
What does image 1 illustrate on slide 26 of lecture 5?,lecture_5_slide_26_img1.md
Offer an overview of what image 1 depicts on slide 26 of the fifth lecture.,lecture_5_slide_26_img1.md
Can you detail the features of image 1 located on slide 26 in lecture 5?,lecture_5_slide_26_img1.md
Please analyze image 1 on slide 26 as presented in lecture 5.,lecture_5_slide_26_img1.md
Could you describe the content of image 2 on slide 33 from lecture 5?,lecture_5_slide_33_img2.md
What does image 2 depict in slide 33 of lecture 5?,lecture_5_slide_33_img2.md
Please explain what image 2 shows on slide 33 in lecture 5.,lecture_5_slide_33_img2.md
Can you provide an explanation of image 2 found in slide 33 of lecture 5?,lecture_5_slide_33_img2.md
What is illustrated by image 2 on slide 33 of lecture 5?,lecture_5_slide_33_img2.md
Describe the details of image 2 on slide 33 from lecture 5.,lecture_5_slide_33_img2.md
Could you break down the information presented in image 2 on slide 33 from lecture 5?,lecture_5_slide_33_img2.md
What is the significance of image 2 in slide 33 of lecture 5?,lecture_5_slide_33_img2.md
How would you interpret the content of image 2 on slide 33 from lecture 5?,lecture_5_slide_33_img2.md
What information is conveyed by image 2 on slide 33 in lecture 5?,lecture_5_slide_33_img2.md
Can you describe the content presented on slide 45 of lecture 5?,lecture_5_slide_45_random-forests.md
What details are provided in slide 45 of the fifth lecture?,lecture_5_slide_45_random-forests.md
Could you explain the key points shown on slide 45 of lecture 5?,lecture_5_slide_45_random-forests.md
What is the main focus of slide 45 in lecture 5?,lecture_5_slide_45_random-forests.md
Please elaborate on what is depicted in slide 45 of the fifth lecture.,lecture_5_slide_45_random-forests.md
What information is conveyed on slide 45 of lecture 5?,lecture_5_slide_45_random-forests.md
Can you summarize the content of slide 45 from lecture 5?,lecture_5_slide_45_random-forests.md
What are the significant elements shown on slide 45 of the fifth lecture?,lecture_5_slide_45_random-forests.md
Could you break down the material presented in slide 45 of lecture 5?,lecture_5_slide_45_random-forests.md
What does slide 45 of lecture 5 illustrate?,lecture_5_slide_45_random-forests.md
Can you clarify the content presented on slide 41 of lecture 5?,lecture_5_slide_41_ensemble-learning.md
What is discussed in slide 41 of the fifth lecture?,lecture_5_slide_41_ensemble-learning.md
Could you provide an explanation for what's displayed on slide 41 from lecture 5?,lecture_5_slide_41_ensemble-learning.md
What information is conveyed in slide 41 of lecture 5?,lecture_5_slide_41_ensemble-learning.md
Please describe the material covered on slide 41 in lecture 5.,lecture_5_slide_41_ensemble-learning.md
What details are presented on slide 41 of the fifth lecture?,lecture_5_slide_41_ensemble-learning.md
Could you summarize the key points from slide 41 in lecture 5?,lecture_5_slide_41_ensemble-learning.md
What is the focus of slide 41 in the fifth lecture?,lecture_5_slide_41_ensemble-learning.md
Can you shed light on the topics illustrated on slide 41 of lecture 5?,lecture_5_slide_41_ensemble-learning.md
What are the main concepts highlighted in slide 41 of lecture 5?,lecture_5_slide_41_ensemble-learning.md
Could you elaborate on the content presented on slide 8 of lecture 5?,lecture_5_slide_8_dimensionality-reduction.md
What information is being conveyed on the eighth slide of the fifth lecture?,lecture_5_slide_8_dimensionality-reduction.md
Can you provide an explanation of slide 8 from lecture number 5?,lecture_5_slide_8_dimensionality-reduction.md
What details are covered in slide number 8 of the fifth lecture?,lecture_5_slide_8_dimensionality-reduction.md
Please clarify the main points of slide 8 in lecture 5.,lecture_5_slide_8_dimensionality-reduction.md
What is the central theme depicted on slide 8 of lecture 5?,lecture_5_slide_8_dimensionality-reduction.md
Could you summarize what slide 8 of lecture 5 is about?,lecture_5_slide_8_dimensionality-reduction.md
What does slide 8 from lecture 5 illustrate?,lecture_5_slide_8_dimensionality-reduction.md
Can you describe the content shown on slide 8 of the fifth lecture?,lecture_5_slide_8_dimensionality-reduction.md
What are the key takeaways from slide 8 in lecture 5?,lecture_5_slide_8_dimensionality-reduction.md
Could you describe the content presented on slide 31 of lecture 5?,lecture_5_slide_31_decision-trees.md
What is the main topic discussed in slide 31 of lecture 5?,lecture_5_slide_31_decision-trees.md
Can you break down the information shown on slide 31 in lecture 5?,lecture_5_slide_31_decision-trees.md
Please interpret the details mentioned on slide 31 of the fifth lecture.,lecture_5_slide_31_decision-trees.md
What are the key points depicted on slide 31 during lecture 5?,lecture_5_slide_31_decision-trees.md
Could you summarize what slide 31 of lecture 5 is about?,lecture_5_slide_31_decision-trees.md
What explanation can you offer for the material on slide 31 from lecture 5?,lecture_5_slide_31_decision-trees.md
What concepts are being addressed on slide 31 in the fifth lecture?,lecture_5_slide_31_decision-trees.md
Can you clarify the information presented on slide 31 in lecture 5?,lecture_5_slide_31_decision-trees.md
Please provide an overview of slide 31 in lecture 5.,lecture_5_slide_31_decision-trees.md
Can you describe what's happening in slide 34 of lecture 5?,lecture_5_slide_34_training-and-visualizing-a-decision-tree.md
What information is presented on slide 34 of lecture 5?,lecture_5_slide_34_training-and-visualizing-a-decision-tree.md
Could you explain the main points on slide 34 of lecture 5?,lecture_5_slide_34_training-and-visualizing-a-decision-tree.md
What details are covered in slide 34 of lecture 5?,lecture_5_slide_34_training-and-visualizing-a-decision-tree.md
Please elucidate the content shown on slide 34 of lecture 5.,lecture_5_slide_34_training-and-visualizing-a-decision-tree.md
What is the subject matter of slide 34 in lecture 5?,lecture_5_slide_34_training-and-visualizing-a-decision-tree.md
Can you summarize the key concepts from slide 34 of lecture 5?,lecture_5_slide_34_training-and-visualizing-a-decision-tree.md
What are the important elements displayed on slide 34 of lecture 5?,lecture_5_slide_34_training-and-visualizing-a-decision-tree.md
How would you interpret the data or information on slide 34 of lecture 5?,lecture_5_slide_34_training-and-visualizing-a-decision-tree.md
What does slide 34 of lecture 5 focus on?,lecture_5_slide_34_training-and-visualizing-a-decision-tree.md
Could you please clarify the content presented in slide 28 of lecture 5?,lecture_5_slide_28_decision-trees.md
What is the main focus or topic discussed on slide 28 in lecture 5?,lecture_5_slide_28_decision-trees.md
Can you provide an explanation of the information shown on slide 28 of lecture 5?,lecture_5_slide_28_decision-trees.md
"What details are covered in slide 28 of lecture 5, and could you explain them?",lecture_5_slide_28_decision-trees.md
Describe the key points and ideas illustrated in slide 28 of lecture 5.,lecture_5_slide_28_decision-trees.md
"What content is slide 28 of lecture 5 highlighting, and how should we interpret it?",lecture_5_slide_28_decision-trees.md
Could you break down the concepts presented in the 28th slide of our fifth lecture?,lecture_5_slide_28_decision-trees.md
"In lecture 5, what discussions or visuals are included on slide 28, and what do they mean?",lecture_5_slide_28_decision-trees.md
"What are the essential elements found on slide 28 of lecture 5, and how would you explain them?",lecture_5_slide_28_decision-trees.md
How can you summarize the main ideas or themes displayed on slide 28 from our fifth lecture?,lecture_5_slide_28_decision-trees.md
Can you describe what is shown in image 1 on slide 33 of lecture 5?,lecture_5_slide_33_img1.md
What does image 1 on slide 33 of lecture 5 depict?,lecture_5_slide_33_img1.md
Please explain the details of image 1 found in slide 33 of lecture 5.,lecture_5_slide_33_img1.md
What information is conveyed by image 1 in slide 33 of lecture 5?,lecture_5_slide_33_img1.md
Could you elaborate on the contents of image 1 on slide 33 from lecture 5?,lecture_5_slide_33_img1.md
What is the significance of image 1 in slide 33 of lecture 5?,lecture_5_slide_33_img1.md
Could you provide an explanation for image 1 located on slide 33 in lecture 5?,lecture_5_slide_33_img1.md
What are the key points illustrated by image 1 on slide 33 in lecture 5?,lecture_5_slide_33_img1.md
Please interpret the elements of image 1 on slide 33 in lecture 5.,lecture_5_slide_33_img1.md
How does image 1 on slide 33 of lecture 5 contribute to the lecture's topic?,lecture_5_slide_33_img1.md
Could you clarify the contents of slide 23 in lecture 5?,lecture_5_slide_23_singular-value-decomposition-svd.md
What is the main focus of slide 23 from the fifth lecture?,lecture_5_slide_23_singular-value-decomposition-svd.md
Can you explain the details presented on slide 23 of lecture 5?,lecture_5_slide_23_singular-value-decomposition-svd.md
What information is presented on the 23rd slide of the fifth lecture?,lecture_5_slide_23_singular-value-decomposition-svd.md
Could you provide an analysis of slide 23 in the context of lecture 5?,lecture_5_slide_23_singular-value-decomposition-svd.md
Can you describe what is covered in slide 23 of the fifth lecture?,lecture_5_slide_23_singular-value-decomposition-svd.md
Would you mind explaining what slide 23 of lecture 5 is about?,lecture_5_slide_23_singular-value-decomposition-svd.md
How would you summarize the material on slide 23 of lecture 5?,lecture_5_slide_23_singular-value-decomposition-svd.md
What are the key points discussed in slide 23 from lecture 5?,lecture_5_slide_23_singular-value-decomposition-svd.md
Can you shed some light on the discussion in slide 23 of lecture 5?,lecture_5_slide_23_singular-value-decomposition-svd.md
Can you describe the content featured on slide 43 of lecture 5?,lecture_5_slide_43_bagging-and-boosting.md
What details are being discussed in slide 43 from lecture 5?,lecture_5_slide_43_bagging-and-boosting.md
Could you clarify what is presented on slide 43 in lecture 5?,lecture_5_slide_43_bagging-and-boosting.md
What information is shown on slide 43 of the fifth lecture?,lecture_5_slide_43_bagging-and-boosting.md
Please explain the concepts illustrated on slide 43 of lecture 5.,lecture_5_slide_43_bagging-and-boosting.md
What are the main points covered in slide 43 of lecture 5?,lecture_5_slide_43_bagging-and-boosting.md
How is the topic on slide 43 of lecture 5 explained?,lecture_5_slide_43_bagging-and-boosting.md
Can you break down the subject matter on slide 43 from lecture 5?,lecture_5_slide_43_bagging-and-boosting.md
What is the focus of slide 43 in the context of the fifth lecture?,lecture_5_slide_43_bagging-and-boosting.md
Could you summarize what happens on slide 43 of lecture 5?,lecture_5_slide_43_bagging-and-boosting.md
Can you describe the content of slide 18 from lecture 5?,lecture_5_slide_18_pca-types.md
What information is presented on slide 18 of the fifth lecture?,lecture_5_slide_18_pca-types.md
Could you explain the details found on slide 18 in lecture 5?,lecture_5_slide_18_pca-types.md
Please summarize the key points on slide 18 of the fifth lecture.,lecture_5_slide_18_pca-types.md
What is the main focus of slide 18 in lecture 5?,lecture_5_slide_18_pca-types.md
Could you provide an overview of what's discussed on slide 18 of lecture 5?,lecture_5_slide_18_pca-types.md
What are the critical elements shown in slide 18 of lecture 5?,lecture_5_slide_18_pca-types.md
Please interpret the data or images presented on slide 18 from lecture 5.,lecture_5_slide_18_pca-types.md
What is depicted in slide 18 of the fifth lecture?,lecture_5_slide_18_pca-types.md
Can you detail the subject matter covered in slide 18 of lecture 5?,lecture_5_slide_18_pca-types.md
Can you clarify the content presented on slide 19 of lecture 5?,lecture_5_slide_19_incremental-kernel-pca.md
What is depicted in slide 19 of lecture 5?,lecture_5_slide_19_incremental-kernel-pca.md
Could you elaborate on the material shown on slide 19 in lecture 5?,lecture_5_slide_19_incremental-kernel-pca.md
What information is conveyed in slide 19 of the fifth lecture?,lecture_5_slide_19_incremental-kernel-pca.md
What is the main point discussed on slide 19 in lecture 5?,lecture_5_slide_19_incremental-kernel-pca.md
Could you describe the details of slide 19 from lecture 5?,lecture_5_slide_19_incremental-kernel-pca.md
What concepts are explained on slide 19 of the fifth lecture?,lecture_5_slide_19_incremental-kernel-pca.md
Can you provide an overview of slide 19 in lecture 5?,lecture_5_slide_19_incremental-kernel-pca.md
What does slide 19 from lecture 5 illustrate?,lecture_5_slide_19_incremental-kernel-pca.md
Could you summarize the key ideas on slide 19 of the fifth lecture?,lecture_5_slide_19_incremental-kernel-pca.md
Could you describe what's happening on slide 15 of lecture 5?,lecture_5_slide_15_principal-component-analysis-pca.md
What content is being covered in slide 15 of the fifth lecture?,lecture_5_slide_15_principal-component-analysis-pca.md
Can you clarify the information presented in slide 15 from lecture 5?,lecture_5_slide_15_principal-component-analysis-pca.md
What is the main focus of slide 15 in lecture 5?,lecture_5_slide_15_principal-component-analysis-pca.md
Could you provide a summary of the details on slide 15 of the fifth lecture?,lecture_5_slide_15_principal-component-analysis-pca.md
What's being explained on slide 15 in lecture 5?,lecture_5_slide_15_principal-component-analysis-pca.md
Can you interpret the material displayed on slide 15 of lecture 5?,lecture_5_slide_15_principal-component-analysis-pca.md
What topics are discussed on slide 15 of lecture 5?,lecture_5_slide_15_principal-component-analysis-pca.md
Could you give an overview of what's discussed in slide 15 of the fifth lecture?,lecture_5_slide_15_principal-component-analysis-pca.md
What is illustrated in slide 15 of lecture 5?,lecture_5_slide_15_principal-component-analysis-pca.md
Could you provide an explanation of the content presented on slide 39 in lecture 5?,lecture_5_slide_39_impurity-gini-and-entropy.md
What information is conveyed in slide 39 of the fifth lecture?,lecture_5_slide_39_impurity-gini-and-entropy.md
Can you break down the details found in slide 39 of lecture 5 for me?,lecture_5_slide_39_impurity-gini-and-entropy.md
What are the key points discussed on slide 39 from lecture 5?,lecture_5_slide_39_impurity-gini-and-entropy.md
Could you summarize what's shown on slide 39 in the fifth lecture?,lecture_5_slide_39_impurity-gini-and-entropy.md
What is happening in slide 39 of lecture 5?,lecture_5_slide_39_impurity-gini-and-entropy.md
Can you explain the material covered in slide 39 of lecture 5?,lecture_5_slide_39_impurity-gini-and-entropy.md
What topics are addressed on slide 39 during lecture 5?,lecture_5_slide_39_impurity-gini-and-entropy.md
Describe the main focus of slide 39 from the fifth lecture.,lecture_5_slide_39_impurity-gini-and-entropy.md
Could you clarify the concepts illustrated on slide 39 of lecture 5?,lecture_5_slide_39_impurity-gini-and-entropy.md
Could you describe what's in image 1 on slide 32 from lecture 5?,lecture_5_slide_32_img1.md
What details can be provided about image 1 on slide 32 of lecture 5?,lecture_5_slide_32_img1.md
Please explain the contents of slide 32's image 1 in lecture 5.,lecture_5_slide_32_img1.md
What is depicted in the first image of slide 32 in the fifth lecture?,lecture_5_slide_32_img1.md
Can you clarify the elements of image 1 found on slide 32 in lecture 5?,lecture_5_slide_32_img1.md
What is shown by image 1 on slide 32 in lecture 5?,lecture_5_slide_32_img1.md
How would you explain the visual in image 1 on slide 32 of lecture 5?,lecture_5_slide_32_img1.md
What information can be extracted from the first image on slide 32 in lecture 5?,lecture_5_slide_32_img1.md
Give an explanation of the first image on slide 32 from lecture 5's presentation.,lecture_5_slide_32_img1.md
Break down the components of image 1 on slide 32 in the fifth lecture.,lecture_5_slide_32_img1.md
Could you describe the content of slide 33 from lecture 5?,lecture_5_slide_33_example.md
What details are presented on slide 33 of lecture 5?,lecture_5_slide_33_example.md
Can you break down the information shown in slide 33 of lecture 5?,lecture_5_slide_33_example.md
What is depicted on slide 33 in lecture 5?,lecture_5_slide_33_example.md
How would you summarize the main points of slide 33 from lecture 5?,lecture_5_slide_33_example.md
What is the focus of slide 33 in lecture 5?,lecture_5_slide_33_example.md
Could you explain the key concepts illustrated on slide 33 of lecture 5?,lecture_5_slide_33_example.md
What does slide 33 of lecture 5 discuss?,lecture_5_slide_33_example.md
Can you provide an overview of the material covered on slide 33 from lecture 5?,lecture_5_slide_33_example.md
What topics are addressed in slide 33 of lecture 5?,lecture_5_slide_33_example.md
Can you describe the content presented on slide 29 of lecture 5?,lecture_5_slide_29_decision-trees.md
What is depicted on slide 29 of the fifth lecture?,lecture_5_slide_29_decision-trees.md
Could you clarify the information shown in slide 29 from lecture 5?,lecture_5_slide_29_decision-trees.md
What details can you provide about slide 29 in the fifth lecture?,lecture_5_slide_29_decision-trees.md
Please interpret the material on slide 29 of lecture 5.,lecture_5_slide_29_decision-trees.md
What is being explained in slide 29 of lecture 5?,lecture_5_slide_29_decision-trees.md
Could you elaborate on the topic covered in slide 29 of lecture 5?,lecture_5_slide_29_decision-trees.md
What is the main focus of slide 29 from the fifth lecture?,lecture_5_slide_29_decision-trees.md
Can you break down the information found on slide 29 from lecture 5?,lecture_5_slide_29_decision-trees.md
What is the key message conveyed on slide 29 in the fifth lecture?,lecture_5_slide_29_decision-trees.md
Could you describe the content of slide 14 from lecture 5?,lecture_5_slide_14_principal-components-pcs.md
What information is presented on slide 14 of lecture 5?,lecture_5_slide_14_principal-components-pcs.md
Can you elaborate on the details shown in slide 14 of our fifth lecture?,lecture_5_slide_14_principal-components-pcs.md
Please explain what is depicted in slide 14 from the fifth lecture.,lecture_5_slide_14_principal-components-pcs.md
What is being conveyed in slide 14 of the fifth lecture?,lecture_5_slide_14_principal-components-pcs.md
Could you walk me through the points discussed on slide 14 of lecture 5?,lecture_5_slide_14_principal-components-pcs.md
What are the main topics covered in slide 14 from lecture 5?,lecture_5_slide_14_principal-components-pcs.md
Can you provide an overview of slide 14 from the fifth lecture?,lecture_5_slide_14_principal-components-pcs.md
How would you interpret the content presented in slide 14 of lecture 5?,lecture_5_slide_14_principal-components-pcs.md
What is the subject matter of slide 14 in lecture 5?,lecture_5_slide_14_principal-components-pcs.md
Can you describe the content of slide 10 from lecture 5?,lecture_5_slide_10_principal-component-analysis-pca.md
What is happening in slide 10 of lecture 5?,lecture_5_slide_10_principal-component-analysis-pca.md
Could you explain the details presented on slide 10 of lecture 5?,lecture_5_slide_10_principal-component-analysis-pca.md
What information does slide 10 of lecture 5 convey?,lecture_5_slide_10_principal-component-analysis-pca.md
Please elaborate on the concepts shown on slide 10 of lecture 5.,lecture_5_slide_10_principal-component-analysis-pca.md
What is discussed in slide 10 of lecture 5?,lecture_5_slide_10_principal-component-analysis-pca.md
Could you break down the elements of slide 10 in lecture 5?,lecture_5_slide_10_principal-component-analysis-pca.md
What topics are covered on slide 10 in lecture 5?,lecture_5_slide_10_principal-component-analysis-pca.md
How would you interpret the information on slide 10 of lecture 5?,lecture_5_slide_10_principal-component-analysis-pca.md
What can you tell me about the contents of slide 10 in lecture 5?,lecture_5_slide_10_principal-component-analysis-pca.md
Could you describe the contents of slide 26 from lecture 5?,lecture_5_slide_26_application-of-svd-compression.md
What information is presented on slide 26 in lecture 5?,lecture_5_slide_26_application-of-svd-compression.md
Can you explain the details found on slide 26 of the fifth lecture?,lecture_5_slide_26_application-of-svd-compression.md
Provide an explanation of what is depicted on slide 26 in lecture 5.,lecture_5_slide_26_application-of-svd-compression.md
What is discussed on slide 26 of our fifth lecture?,lecture_5_slide_26_application-of-svd-compression.md
Could you summarize the key points from slide 26 in lecture 5?,lecture_5_slide_26_application-of-svd-compression.md
What are the main topics covered on slide 26 of lecture 5?,lecture_5_slide_26_application-of-svd-compression.md
How is the information on slide 26 of lecture 5 structured?,lecture_5_slide_26_application-of-svd-compression.md
Can you elaborate on the concepts shown on slide 26 in lecture 5?,lecture_5_slide_26_application-of-svd-compression.md
What visual elements are included on slide 26 of the fifth lecture?,lecture_5_slide_26_application-of-svd-compression.md
Can you describe the content of slide 25 from lecture 5?,lecture_5_slide_25_singular-value-decomposition-svd.md
What information is presented on slide 25 in lecture 5?,lecture_5_slide_25_singular-value-decomposition-svd.md
Please explain the details shown on slide 25 of lecture 5.,lecture_5_slide_25_singular-value-decomposition-svd.md
What is discussed on slide 25 in the fifth lecture?,lecture_5_slide_25_singular-value-decomposition-svd.md
Could you elaborate on the points covered in slide 25 of lecture 5?,lecture_5_slide_25_singular-value-decomposition-svd.md
What is the main focus of slide 25 in lecture 5?,lecture_5_slide_25_singular-value-decomposition-svd.md
How would you interpret the elements on slide 25 from the fifth lecture?,lecture_5_slide_25_singular-value-decomposition-svd.md
What topics are highlighted on slide 25 of lecture 5?,lecture_5_slide_25_singular-value-decomposition-svd.md
Could you summarize the key points from slide 25 of lecture 5?,lecture_5_slide_25_singular-value-decomposition-svd.md
What content is illustrated on slide 25 in the fifth lecture?,lecture_5_slide_25_singular-value-decomposition-svd.md
Can you describe the content displayed on slide 6 of lecture 5?,lecture_5_slide_6_dimensionality-reduction.md
What are the main points discussed on slide 6 in lecture 5?,lecture_5_slide_6_dimensionality-reduction.md
Please interpret the information shown on slide 6 from lecture 5.,lecture_5_slide_6_dimensionality-reduction.md
What does slide 6 in lecture 5 illustrate?,lecture_5_slide_6_dimensionality-reduction.md
Could you clarify what is presented on slide 6 of lecture 5?,lecture_5_slide_6_dimensionality-reduction.md
What explanation can be provided for the material on slide 6 of lecture 5?,lecture_5_slide_6_dimensionality-reduction.md
How would you summarize the key details on slide 6 from lecture 5?,lecture_5_slide_6_dimensionality-reduction.md
What is depicted on slide 6 in lecture 5?,lecture_5_slide_6_dimensionality-reduction.md
Can you elaborate on the themes covered in slide 6 of lecture 5?,lecture_5_slide_6_dimensionality-reduction.md
What insights does slide 6 of lecture 5 offer?,lecture_5_slide_6_dimensionality-reduction.md
What details are presented on slide 13 of lecture 5?,lecture_5_slide_13_principal-component-analysis-pca.md
Can you elaborate on the content of slide 13 from lecture 5?,lecture_5_slide_13_principal-component-analysis-pca.md
What information is conveyed in slide 13 of lecture 5?,lecture_5_slide_13_principal-component-analysis-pca.md
Could you explain the details shown in slide 13 of the fifth lecture?,lecture_5_slide_13_principal-component-analysis-pca.md
What is discussed on slide 13 in the fifth lecture?,lecture_5_slide_13_principal-component-analysis-pca.md
How is the material on slide 13 of lecture 5 explained?,lecture_5_slide_13_principal-component-analysis-pca.md
What insights are provided on slide 13 during lecture 5?,lecture_5_slide_13_principal-component-analysis-pca.md
Can you provide an explanation of slide 13 from the fifth lecture?,lecture_5_slide_13_principal-component-analysis-pca.md
What topics are covered on slide 13 in lecture 5?,lecture_5_slide_13_principal-component-analysis-pca.md
How would you describe the content of slide 13 in the fifth lecture?,lecture_5_slide_13_principal-component-analysis-pca.md
Can you elaborate on the content of slide 35 from lecture 5?,lecture_5_slide_35_learning-decision-trees.md
What is happening in slide number 35 of the fifth lecture?,lecture_5_slide_35_learning-decision-trees.md
Could you explain the details presented in slide 35 of lecture 5?,lecture_5_slide_35_learning-decision-trees.md
What information is covered in the 35th slide of the fifth lecture?,lecture_5_slide_35_learning-decision-trees.md
Could you provide an explanation for what is shown on slide 35 in lecture 5?,lecture_5_slide_35_learning-decision-trees.md
What details or key points are highlighted in slide 35 of lecture 5?,lecture_5_slide_35_learning-decision-trees.md
Can you describe the main topics discussed in slide 35 from the fifth lecture?,lecture_5_slide_35_learning-decision-trees.md
What content is depicted on slide 35 of lecture 5?,lecture_5_slide_35_learning-decision-trees.md
What does slide 35 of the fifth lecture illustrate or describe?,lecture_5_slide_35_learning-decision-trees.md
Could you clarify the information displayed on slide 35 of lecture 5?,lecture_5_slide_35_learning-decision-trees.md
Can you elaborate on the contents of image 2 on slide 24 from lecture 5?,lecture_5_slide_24_img2.md
Please explain what is depicted in image 2 of slide 24 in the fifth lecture.,lecture_5_slide_24_img2.md
Could you provide an explanation for image 2 found on slide 24 of lecture 5?,lecture_5_slide_24_img2.md
What does image 2 in slide 24 of lecture 5 represent?,lecture_5_slide_24_img2.md
I’d like some details about image 2 on slide 24 from the fifth lecture.,lecture_5_slide_24_img2.md
Can you break down the details of slide 24's image 2 in lecture 5?,lecture_5_slide_24_img2.md
Please clarify the information presented in image 2 on slide 24 of the fifth lecture.,lecture_5_slide_24_img2.md
What information is conveyed by image 2 on slide 24 in lecture 5?,lecture_5_slide_24_img2.md
Can you discuss the elements shown in image 2 of slide 24 from lecture 5?,lecture_5_slide_24_img2.md
Could you describe the content of image 2 located on slide 24 in lecture 5?,lecture_5_slide_24_img2.md
Could you clarify the content presented on slide 2 of lecture 5?,lecture_5_slide_2_overview.md
What details are covered in slide 2 of lecture 5?,lecture_5_slide_2_overview.md
Can you elaborate on the information shown in slide 2 of lecture 5?,lecture_5_slide_2_overview.md
What is explained on slide 2 of the fifth lecture?,lecture_5_slide_2_overview.md
Please describe what slide 2 of lecture 5 is about.,lecture_5_slide_2_overview.md
What topics are addressed in slide 2 of the fifth lecture?,lecture_5_slide_2_overview.md
Could you provide an overview of the material on slide 2 of lecture 5?,lecture_5_slide_2_overview.md
What are the key points discussed on slide 2 in lecture 5?,lecture_5_slide_2_overview.md
Can you summarize the main ideas on slide 2 from lecture 5?,lecture_5_slide_2_overview.md
What is the focus of slide 2 in the fifth lecture and how is it explained?,lecture_5_slide_2_overview.md
Can you describe the image located on slide 43 of lecture 5?,lecture_5_slide_43_img1.md
What details can you provide about the image on slide 43 in lecture 5?,lecture_5_slide_43_img1.md
Could you explain what's depicted in image 1 on slide 43 of lecture 5?,lecture_5_slide_43_img1.md
What information does image 1 on slide 43 of lecture 5 convey?,lecture_5_slide_43_img1.md
Please interpret the image on slide 43 from lecture 5.,lecture_5_slide_43_img1.md
What is shown in image 1 on slide 43 of the fifth lecture?,lecture_5_slide_43_img1.md
How would you explain the content of the image on slide 43 of lecture 5?,lecture_5_slide_43_img1.md
What does the image on the 43rd slide of lecture 5 illustrate?,lecture_5_slide_43_img1.md
Could you clarify the meaning of the image on slide 43 from lecture 5?,lecture_5_slide_43_img1.md
What is the significance of the image on slide 43 in the fifth lecture?,lecture_5_slide_43_img1.md
Could you describe the contents of slide 37 in lecture 5?,lecture_5_slide_37_decision-trees.md
What is being discussed on slide 37 of lecture 5?,lecture_5_slide_37_decision-trees.md
Can you explain the main points of slide 37 in the fifth lecture?,lecture_5_slide_37_decision-trees.md
What does slide 37 of lecture 5 cover?,lecture_5_slide_37_decision-trees.md
Please provide an explanation of what is presented on slide 37 of lecture 5.,lecture_5_slide_37_decision-trees.md
What information is conveyed on slide 37 from lecture 5?,lecture_5_slide_37_decision-trees.md
Can you summarize slide 37 from the fifth lecture?,lecture_5_slide_37_decision-trees.md
What is the focus of slide 37 in lecture 5?,lecture_5_slide_37_decision-trees.md
Could you detail the topics covered in slide 37 of the fifth lecture?,lecture_5_slide_37_decision-trees.md
Please elaborate on what is happening in slide 37 of lecture 5.,lecture_5_slide_37_decision-trees.md
Could you describe the contents of slide 7 from lecture 5?,lecture_5_slide_7_in-a-nutshell.md
What information is presented on slide 7 of the fifth lecture?,lecture_5_slide_7_in-a-nutshell.md
What details are covered in slide 7 of lecture 5?,lecture_5_slide_7_in-a-nutshell.md
Can you summarize the main points of slide 7 in the fifth lecture?,lecture_5_slide_7_in-a-nutshell.md
Please elaborate on what is shown on slide 7 of lecture 5.,lecture_5_slide_7_in-a-nutshell.md
What is depicted in slide 7 of the lecture 5 materials?,lecture_5_slide_7_in-a-nutshell.md
Can you go over the content of slide 7 from the fifth lecture?,lecture_5_slide_7_in-a-nutshell.md
What does slide 7 of lecture 5 discuss?,lecture_5_slide_7_in-a-nutshell.md
Could you provide an overview of slide 7 from the fifth lecture?,lecture_5_slide_7_in-a-nutshell.md
What are the key topics addressed in slide 7 of lecture 5?,lecture_5_slide_7_in-a-nutshell.md
Can you describe what's happening in slide 6 of lecture 11?,lecture_11_slide_6_lstm-components.md
What details are presented in slide 6 of the 11th lecture?,lecture_11_slide_6_lstm-components.md
Could you provide an explanation for the content on slide 6 of lecture 11?,lecture_11_slide_6_lstm-components.md
What is the main focus of slide 6 in lecture 11?,lecture_11_slide_6_lstm-components.md
Please elaborate on the information shown in slide 6 from lecture 11.,lecture_11_slide_6_lstm-components.md
What key points are covered on slide 6 of lecture 11?,lecture_11_slide_6_lstm-components.md
How would you interpret the material on slide 6 of lecture 11?,lecture_11_slide_6_lstm-components.md
Can you summarize the content of slide 6 in the 11th lecture?,lecture_11_slide_6_lstm-components.md
What is the significance of the data or information on slide 6 of lecture 11?,lecture_11_slide_6_lstm-components.md
What insights can be gleaned from slide 6 of lecture 11?,lecture_11_slide_6_lstm-components.md
Can you describe the contents depicted on slide 2 of lecture 11?,lecture_11_slide_2_overview.md
What details are covered in the second slide of lecture 11?,lecture_11_slide_2_overview.md
Could you break down what is being presented in slide 2 of the eleventh lecture?,lecture_11_slide_2_overview.md
What information is illustrated on the second slide of lecture 11?,lecture_11_slide_2_overview.md
Please explain the concepts shown on slide 2 of lecture 11.,lecture_11_slide_2_overview.md
What topics are addressed on the second slide of the eleventh lecture?,lecture_11_slide_2_overview.md
Could you elaborate on what slide 2 of lecture 11 is discussing?,lecture_11_slide_2_overview.md
What is the main focus of slide number 2 in lecture 11?,lecture_11_slide_2_overview.md
Can you interpret the data or concepts shown on the second slide of lecture 11?,lecture_11_slide_2_overview.md
What is being highlighted in slide 2 of the 11th lecture?,lecture_11_slide_2_overview.md
Can you describe what is being presented on slide 4 of lecture 11?,lecture_11_slide_4_long-short-term-memory-or-lstm.md
Could you elaborate on the content of slide 4 in lecture 11?,lecture_11_slide_4_long-short-term-memory-or-lstm.md
What is depicted in slide 4 of lecture 11?,lecture_11_slide_4_long-short-term-memory-or-lstm.md
Please explain the details shown on slide 4 of lecture 11.,lecture_11_slide_4_long-short-term-memory-or-lstm.md
What information is provided on slide 4 of lecture 11?,lecture_11_slide_4_long-short-term-memory-or-lstm.md
How would you summarize the material on slide 4 of lecture 11?,lecture_11_slide_4_long-short-term-memory-or-lstm.md
Could you break down the main points of slide 4 in lecture 11?,lecture_11_slide_4_long-short-term-memory-or-lstm.md
What key concepts are illustrated on slide 4 of lecture 11?,lecture_11_slide_4_long-short-term-memory-or-lstm.md
What does slide 4 of lecture 11 focus on?,lecture_11_slide_4_long-short-term-memory-or-lstm.md
What is the main topic discussed in slide 4 of lecture 11?,lecture_11_slide_4_long-short-term-memory-or-lstm.md
Could you describe what is depicted in image 1 on slide 8 of lecture 11?,lecture_11_slide_8_img1.md
What is the explanation for the first image on slide 8 of the eleventh lecture?,lecture_11_slide_8_img1.md
Please interpret image 1 found in slide 8 from lecture 11.,lecture_11_slide_8_img1.md
Can you provide details about the image 1 shown on slide 8 of lecture 11?,lecture_11_slide_8_img1.md
How would you explain the contents of image 1 in slide 8 from the eleventh lecture?,lecture_11_slide_8_img1.md
What does image 1 on slide 8 of lecture 11 represent?,lecture_11_slide_8_img1.md
Could you clarify the information presented in image 1 on slide 8 of lecture 11?,lecture_11_slide_8_img1.md
What insights are depicted in image 1 on the eighth slide of lecture 11?,lecture_11_slide_8_img1.md
Can you give an overview of what is shown in image 1 of slide 8 in lecture 11?,lecture_11_slide_8_img1.md
Please analyze image 1 from slide 8 of the eleventh lecture.,lecture_11_slide_8_img1.md
Can you describe the content presented on slide 5 of lecture 11?,lecture_11_slide_5_lstm-components.md
What information is provided in slide 5 of lecture 11?,lecture_11_slide_5_lstm-components.md
Could you break down what's happening in slide 5 of lecture 11?,lecture_11_slide_5_lstm-components.md
What's being discussed in slide 5 during lecture 11?,lecture_11_slide_5_lstm-components.md
Could you elaborate on the details shown in slide 5 of lecture 11?,lecture_11_slide_5_lstm-components.md
What concepts are illustrated in slide 5 of the 11th lecture?,lecture_11_slide_5_lstm-components.md
Please explain the main points of slide 5 in lecture 11.,lecture_11_slide_5_lstm-components.md
What is the significance of slide 5 in the context of lecture 11?,lecture_11_slide_5_lstm-components.md
Can you summarize the key elements of slide 5 from lecture 11?,lecture_11_slide_5_lstm-components.md
What are the main ideas conveyed in slide 5 of the eleventh lecture?,lecture_11_slide_5_lstm-components.md
Can you describe what's happening in slide 9 of lecture 11?,lecture_11_slide_9_lstm-code-snippet.md
Could you clarify the content on slide 9 from lecture 11?,lecture_11_slide_9_lstm-code-snippet.md
What information is presented in slide 9 of lecture 11?,lecture_11_slide_9_lstm-code-snippet.md
Please explain the details of slide 9 from lecture 11.,lecture_11_slide_9_lstm-code-snippet.md
What is depicted on slide 9 in lecture 11?,lecture_11_slide_9_lstm-code-snippet.md
Can you provide an explanation of slide 9 in lecture 11?,lecture_11_slide_9_lstm-code-snippet.md
What are the key points on slide 9 of lecture 11?,lecture_11_slide_9_lstm-code-snippet.md
Could you interpret the content on slide 9 of lecture 11?,lecture_11_slide_9_lstm-code-snippet.md
What's the main focus of slide 9 in lecture 11?,lecture_11_slide_9_lstm-code-snippet.md
Can you elaborate on the themes presented in slide 9 of lecture 11?,lecture_11_slide_9_lstm-code-snippet.md
Could you describe the content presented in slide 15 of lecture 11?,lecture_11_slide_15_recap-compare.md
What is depicted in slide 15 of lecture 11?,lecture_11_slide_15_recap-compare.md
Please provide an explanation of slide 15 from lecture 11.,lecture_11_slide_15_recap-compare.md
What information is conveyed on slide 15 of lecture 11?,lecture_11_slide_15_recap-compare.md
Can you summarize the key points from slide 15 of lecture 11?,lecture_11_slide_15_recap-compare.md
What does slide 15 in lecture 11 illustrate?,lecture_11_slide_15_recap-compare.md
Could you break down the main ideas presented in slide 15 of lecture 11?,lecture_11_slide_15_recap-compare.md
What topics are covered in slide 15 of lecture 11?,lecture_11_slide_15_recap-compare.md
What is the main focus of slide 15 in lecture 11?,lecture_11_slide_15_recap-compare.md
Could you clarify the details shown on slide 15 of lecture 11?,lecture_11_slide_15_recap-compare.md
Can you clarify the content on slide 11 from lecture 11?,lecture_11_slide_11_lstm-vs-gru.md
What details are presented in slide 11 of the eleventh lecture?,lecture_11_slide_11_lstm-vs-gru.md
Could you elaborate on what is depicted in slide 11 of lecture 11?,lecture_11_slide_11_lstm-vs-gru.md
What information does slide 11 of lecture 11 convey?,lecture_11_slide_11_lstm-vs-gru.md
Could you explain the key points of slide 11 in the 11th lecture?,lecture_11_slide_11_lstm-vs-gru.md
What is happening in slide 11 of lecture 11?,lecture_11_slide_11_lstm-vs-gru.md
Can you summarize the main ideas on slide 11 from lecture 11?,lecture_11_slide_11_lstm-vs-gru.md
What’s the discussion focus of slide 11 in the eleventh lecture?,lecture_11_slide_11_lstm-vs-gru.md
Please describe the content shown on slide 11 of lecture 11.,lecture_11_slide_11_lstm-vs-gru.md
What are the main themes covered in slide 11 of the eleventh lecture?,lecture_11_slide_11_lstm-vs-gru.md
Can you describe the content of image 1 on slide 14 from lecture 11?,lecture_11_slide_14_img1.md
What does image 1 in slide 14 of lecture 11 illustrate?,lecture_11_slide_14_img1.md
Could you explain image 1 found on slide 14 in lecture 11?,lecture_11_slide_14_img1.md
What is depicted in image 1 on the fourteenth slide of lecture 11?,lecture_11_slide_14_img1.md
Please provide an explanation for image 1 shown in slide 14 of lecture 11.,lecture_11_slide_14_img1.md
How would you interpret image 1 on slide 14 of the eleventh lecture?,lecture_11_slide_14_img1.md
What information is conveyed by image 1 in slide 14 of lecture 11?,lecture_11_slide_14_img1.md
Can you analyze the content of image 1 on slide 14 from lecture 11?,lecture_11_slide_14_img1.md
Describe the visual elements present in image 1 on slide 14 of lecture 11.,lecture_11_slide_14_img1.md
What is the subject matter of image 1 on the fourteenth slide in lecture 11?,lecture_11_slide_14_img1.md
Could you clarify the content presented on slide 12 from lecture 11?,lecture_11_slide_12_gated-recurrent-unit-gru.md
What is the significance of slide 12 in lecture 11?,lecture_11_slide_12_gated-recurrent-unit-gru.md
Please elaborate on what's depicted in slide 12 of lecture 11.,lecture_11_slide_12_gated-recurrent-unit-gru.md
Can you discuss the key points shown on slide 12 of lecture 11?,lecture_11_slide_12_gated-recurrent-unit-gru.md
What details are covered on slide 12 in the eleventh lecture?,lecture_11_slide_12_gated-recurrent-unit-gru.md
Could you provide an explanation for slide 12 in lecture 11?,lecture_11_slide_12_gated-recurrent-unit-gru.md
What information is presented on slide 12 of the eleventh lecture?,lecture_11_slide_12_gated-recurrent-unit-gru.md
Could you offer insights about slide 12 in lecture 11?,lecture_11_slide_12_gated-recurrent-unit-gru.md
What are the main themes discussed on slide 12 in lecture 11?,lecture_11_slide_12_gated-recurrent-unit-gru.md
Can you summarize what's happening on slide 12 from lecture 11?,lecture_11_slide_12_gated-recurrent-unit-gru.md
Could you clarify the content displayed on slide 13 of lecture 11?,lecture_11_slide_13_bidirectional-lstm-blstm.md
What information is presented on slide 13 of the eleventh lecture?,lecture_11_slide_13_bidirectional-lstm-blstm.md
Can you provide an explanation of what slide 13 covers in lecture 11?,lecture_11_slide_13_bidirectional-lstm-blstm.md
What is discussed on slide 13 in the eleventh lecture of the course?,lecture_11_slide_13_bidirectional-lstm-blstm.md
Please describe the key points from slide 13 in lecture 11.,lecture_11_slide_13_bidirectional-lstm-blstm.md
What does slide 13 illustrate in the 11th lecture?,lecture_11_slide_13_bidirectional-lstm-blstm.md
Could you elaborate on the material shown in slide 13 of lecture 11?,lecture_11_slide_13_bidirectional-lstm-blstm.md
What are the main topics covered on slide 13 of lecture 11?,lecture_11_slide_13_bidirectional-lstm-blstm.md
Can you summarize the content of slide 13 from the lecture 11 presentation?,lecture_11_slide_13_bidirectional-lstm-blstm.md
What's happening on slide 13 of the eleventh lecture in the series?,lecture_11_slide_13_bidirectional-lstm-blstm.md
Can you describe the content of image 1 on slide 7 from lecture 11?,lecture_11_slide_7_img1.md
What is depicted in the first image on slide 7 of the eleventh lecture?,lecture_11_slide_7_img1.md
"Please explain the illustration on slide 7, image 1, from lecture 11.",lecture_11_slide_7_img1.md
Could you provide an explanation for the first image shown on slide 7 in lecture 11?,lecture_11_slide_7_img1.md
What does image 1 on the seventh slide of lecture 11 illustrate?,lecture_11_slide_7_img1.md
Describe the visual content found in image 1 on slide 7 of lecture 11.,lecture_11_slide_7_img1.md
I need clarification on image 1 from slide 7 in our eleventh lecture.,lecture_11_slide_7_img1.md
"Can you interpret the diagram on slide 7, specifically image 1, from lecture 11?",lecture_11_slide_7_img1.md
Please provide details on the first picture presented on slide 7 of the eleventh lecture.,lecture_11_slide_7_img1.md
What information is conveyed by image 1 on slide 7 of our lecture 11?,lecture_11_slide_7_img1.md
Could you clarify the content presented on slide 8 of lecture 11?,lecture_11_slide_8_lstm-peephole-connection.md
What details are being discussed on slide 8 of lecture 11?,lecture_11_slide_8_lstm-peephole-connection.md
Can you provide an explanation for slide 8 in lecture 11?,lecture_11_slide_8_lstm-peephole-connection.md
Please elaborate on the information shown on slide 8 of lecture 11.,lecture_11_slide_8_lstm-peephole-connection.md
What is the significance of the material on slide 8 in lecture 11?,lecture_11_slide_8_lstm-peephole-connection.md
What are the key points illustrated on slide 8 of lecture 11?,lecture_11_slide_8_lstm-peephole-connection.md
Could you break down what is covered on slide 8 of lecture 11?,lecture_11_slide_8_lstm-peephole-connection.md
Help me understand the concepts discussed on slide 8 of lecture 11.,lecture_11_slide_8_lstm-peephole-connection.md
What topics are addressed on slide 8 in lecture 11?,lecture_11_slide_8_lstm-peephole-connection.md
Can you summarize the main ideas from slide 8 of lecture 11?,lecture_11_slide_8_lstm-peephole-connection.md
Can you describe the content of image 1 found on slide 6 of lecture 11?,lecture_11_slide_6_img1.md
What does image 1 on slide 6 of lecture 11 illustrate?,lecture_11_slide_6_img1.md
Please explain the first image on slide 6 from lecture 11.,lecture_11_slide_6_img1.md
What is depicted in image 1 on slide 6 of the 11th lecture?,lecture_11_slide_6_img1.md
How would you interpret the first image on slide 6 from lecture 11?,lecture_11_slide_6_img1.md
Could you provide a description of image 1 from slide 6 in lecture 11?,lecture_11_slide_6_img1.md
What's the explanation for image 1 located on slide 6 of lecture 11?,lecture_11_slide_6_img1.md
What information does image 1 convey on slide 6 of lecture 11?,lecture_11_slide_6_img1.md
Can you give an overview of the first image on slide 6 in lecture 11?,lecture_11_slide_6_img1.md
What is shown in the first image on slide 6 of lecture 11?,lecture_11_slide_6_img1.md
Can you describe the content of slide 10 from lecture 11?,lecture_11_slide_10_gated-recurrent-unit-gru.md
What is depicted on slide 10 of our 11th lecture?,lecture_11_slide_10_gated-recurrent-unit-gru.md
Could you clarify the information presented in slide 10 of lecture 11?,lecture_11_slide_10_gated-recurrent-unit-gru.md
What details are covered on slide 10 of the eleventh lecture?,lecture_11_slide_10_gated-recurrent-unit-gru.md
"Could you explain the main points shown in lecture 11, slide 10?",lecture_11_slide_10_gated-recurrent-unit-gru.md
What is the focus of slide 10 in lecture 11?,lecture_11_slide_10_gated-recurrent-unit-gru.md
Can you provide an overview of what's on slide 10 of lecture 11?,lecture_11_slide_10_gated-recurrent-unit-gru.md
What is the subject matter of slide 10 from the eleventh lecture?,lecture_11_slide_10_gated-recurrent-unit-gru.md
Please summarize the key elements found on slide 10 of lecture 11.,lecture_11_slide_10_gated-recurrent-unit-gru.md
What topics are addressed in slide 10 of the 11th lecture?,lecture_11_slide_10_gated-recurrent-unit-gru.md
Can you clarify the content on slide 7 of lecture 11?,lecture_11_slide_7_lstm.md
What details are presented on slide 7 in lecture 11?,lecture_11_slide_7_lstm.md
Could you elaborate on the points made in slide 7 of lecture 11?,lecture_11_slide_7_lstm.md
What information is conveyed on slide 7 of the eleventh lecture?,lecture_11_slide_7_lstm.md
Can you provide an explanation for the material on slide 7 of lecture 11?,lecture_11_slide_7_lstm.md
What's happening in slide 7 of lecture 11?,lecture_11_slide_7_lstm.md
Could you break down the key concepts on slide 7 of lecture 11?,lecture_11_slide_7_lstm.md
What is the main focus of slide 7 in lecture 11?,lecture_11_slide_7_lstm.md
Could you discuss the elements displayed on slide 7 from lecture 11?,lecture_11_slide_7_lstm.md
What topics are covered in slide 7 of lecture 11?,lecture_11_slide_7_lstm.md
Can you describe the contents of image 1 on slide 5 from lecture 11?,lecture_11_slide_5_img1.md
What details can you provide about the first image in slide 5 of lecture 11?,lecture_11_slide_5_img1.md
Could you explain the first image that appears on slide 5 of lecture 11?,lecture_11_slide_5_img1.md
What is illustrated in image 1 on slide 5 from lecture 11?,lecture_11_slide_5_img1.md
Please interpret the first image on slide 5 in lecture 11.,lecture_11_slide_5_img1.md
What information does the first image convey on slide 5 of lecture 11?,lecture_11_slide_5_img1.md
How would you explain the content of image 1 on slide 5 in lecture 11?,lecture_11_slide_5_img1.md
Describe the visual elements of the first image on slide 5 from lecture 11.,lecture_11_slide_5_img1.md
What is depicted in image 1 on the fifth slide of lecture 11?,lecture_11_slide_5_img1.md
Can you elaborate on the first image shown on slide 5 during lecture 11?,lecture_11_slide_5_img1.md
Can you describe the contents of slide 14 from lecture 11?,lecture_11_slide_14_bi-lstm.md
What information is presented on slide 14 of the 11th lecture?,lecture_11_slide_14_bi-lstm.md
Could you break down the details found in slide 14 of lecture 11?,lecture_11_slide_14_bi-lstm.md
What does slide 14 of lecture 11 illustrate?,lecture_11_slide_14_bi-lstm.md
Please explain the key points discussed on slide 14 of lecture 11.,lecture_11_slide_14_bi-lstm.md
What is the subject matter covered in slide 14 of lecture 11?,lecture_11_slide_14_bi-lstm.md
Can you provide an overview of the material presented on slide 14 of lecture 11?,lecture_11_slide_14_bi-lstm.md
What are the main topics highlighted on slide 14 of the 11th lecture?,lecture_11_slide_14_bi-lstm.md
How would you interpret the information on slide 14 of lecture 11?,lecture_11_slide_14_bi-lstm.md
Could you summarize what slide 14 of lecture 11 is about?,lecture_11_slide_14_bi-lstm.md
Could you clarify the content presented on slide 19 of lecture 10?,lecture_10_slide_19_dl-framework.md
What are the key points discussed in slide 19 of lecture 10?,lecture_10_slide_19_dl-framework.md
Can you break down the information shown on slide 19 of lecture 10?,lecture_10_slide_19_dl-framework.md
What is the main focus of slide 19 in lecture 10?,lecture_10_slide_19_dl-framework.md
Please explain the details covered in slide 19 of lecture 10.,lecture_10_slide_19_dl-framework.md
What does slide 19 of lecture 10 depict?,lecture_10_slide_19_dl-framework.md
Could you provide an analysis of slide 19 from lecture 10?,lecture_10_slide_19_dl-framework.md
What concepts are highlighted on slide 19 of lecture 10?,lecture_10_slide_19_dl-framework.md
What is the subject matter of slide 19 in lecture 10?,lecture_10_slide_19_dl-framework.md
How is the material on slide 19 of lecture 10 conveyed?,lecture_10_slide_19_dl-framework.md
Can you describe the content of image 1 found on slide 33 of lecture 10?,lecture_10_slide_33_img1.md
What details are present in image 1 on slide 33 from lecture 10?,lecture_10_slide_33_img1.md
Could you elaborate on what is depicted in image 1 of slide 33 in lecture 10?,lecture_10_slide_33_img1.md
Please explain the elements shown in image 1 on slide 33 of lecture 10.,lecture_10_slide_33_img1.md
What information is conveyed by image 1 on slide 33 of the 10th lecture?,lecture_10_slide_33_img1.md
How would you interpret image 1 in slide 33 from the tenth lecture?,lecture_10_slide_33_img1.md
What is illustrated by the first image on slide 33 in lecture number 10?,lecture_10_slide_33_img1.md
Can you provide an explanation for image 1 on slide 33 of lecture 10?,lecture_10_slide_33_img1.md
Describe what is shown in image 1 of slide 33 from the tenth lecture.,lecture_10_slide_33_img1.md
What does image 1 on the 33rd slide of lecture 10 depict?,lecture_10_slide_33_img1.md
Can you describe the content of image 1 found on slide 23 of lecture 10?,lecture_10_slide_23_img1.md
What details are presented in the first image on slide 23 from lecture 10?,lecture_10_slide_23_img1.md
Provide an explanation of the initial image on the 23rd slide of the tenth lecture.,lecture_10_slide_23_img1.md
Could you elaborate on what is depicted in image 1 on slide 23 of the tenth lecture?,lecture_10_slide_23_img1.md
Can you interpret the first image shown on the 23rd slide for lecture 10?,lecture_10_slide_23_img1.md
What does the image 1 on slide 23 from lecture 10 illustrate?,lecture_10_slide_23_img1.md
"Give a detailed explanation of the image found on slide 23, lecture 10, particularly image 1.",lecture_10_slide_23_img1.md
Could you explain what is shown in the first image on slide number 23 of lecture 10?,lecture_10_slide_23_img1.md
What is the significance of image 1 on slide 23 in lecture 10?,lecture_10_slide_23_img1.md
Would you be able to clarify the contents of the first image from slide 23 of lecture 10?,lecture_10_slide_23_img1.md
Could you describe the content of slide 11 from lecture 10?,lecture_10_slide_11_recurrent-connection-schemes.md
What details are presented in slide 11 of the tenth lecture?,lecture_10_slide_11_recurrent-connection-schemes.md
Please summarize the information shown in slide 11 of lecture 10.,lecture_10_slide_11_recurrent-connection-schemes.md
What is depicted on slide 11 of the tenth lecture?,lecture_10_slide_11_recurrent-connection-schemes.md
Can you explain the key points on slide 11 from lecture 10?,lecture_10_slide_11_recurrent-connection-schemes.md
What's happening on slide 11 in lecture 10?,lecture_10_slide_11_recurrent-connection-schemes.md
Could you break down the main ideas on slide 11 of lecture 10?,lecture_10_slide_11_recurrent-connection-schemes.md
What does slide 11 in lecture 10 illustrate?,lecture_10_slide_11_recurrent-connection-schemes.md
Can you elaborate on the topic covered in slide 11 of the tenth lecture?,lecture_10_slide_11_recurrent-connection-schemes.md
What are the highlights of slide 11 from lecture 10?,lecture_10_slide_11_recurrent-connection-schemes.md
Could you elaborate on the details presented in slide 17 of lecture 10?,lecture_10_slide_17_recurrent-network-example.md
What are the key points discussed on slide 17 of the tenth lecture?,lecture_10_slide_17_recurrent-network-example.md
Can you clarify the content shown on slide 17 from lecture 10?,lecture_10_slide_17_recurrent-network-example.md
What information is conveyed on slide 17 in lecture 10?,lecture_10_slide_17_recurrent-network-example.md
Please explain the concepts illustrated on the seventeenth slide of lecture 10.,lecture_10_slide_17_recurrent-network-example.md
What is the main focus of slide 17 from the tenth lecture?,lecture_10_slide_17_recurrent-network-example.md
Could you describe what is depicted on slide 17 of lecture 10?,lecture_10_slide_17_recurrent-network-example.md
What topics are covered on slide 17 in the 10th lecture?,lecture_10_slide_17_recurrent-network-example.md
Can you provide an explanation for the slide 17 content in lecture 10?,lecture_10_slide_17_recurrent-network-example.md
What is happening on slide 17 of lecture 10?,lecture_10_slide_17_recurrent-network-example.md
Can you describe the image on slide 15 of lecture 10?,lecture_10_slide_15_img1.md
What does the image on slide 15 in lecture 10 illustrate?,lecture_10_slide_15_img1.md
Please explain the picture found on slide 15 of lecture 10.,lecture_10_slide_15_img1.md
What is depicted in image 1 of slide 15 in lecture 10?,lecture_10_slide_15_img1.md
Could you clarify the contents of the image on slide 15 from lecture 10?,lecture_10_slide_15_img1.md
What is shown in the image on slide 15 of lecture 10?,lecture_10_slide_15_img1.md
Can you elaborate on the image featured in slide 15 of lecture 10?,lecture_10_slide_15_img1.md
What information is conveyed by the image on slide 15 of lecture 10?,lecture_10_slide_15_img1.md
Could you provide an explanation for the image on slide 15 of lecture 10?,lecture_10_slide_15_img1.md
Please interpret the visuals on slide 15 of lecture 10.,lecture_10_slide_15_img1.md
Could you clarify the content presented on slide 38 of lecture 10?,lecture_10_slide_38_references.md
What information is being conveyed on slide 38 in lecture 10?,lecture_10_slide_38_references.md
Can you provide an explanation for what's depicted on slide 38 of lecture 10?,lecture_10_slide_38_references.md
What does slide 38 in lecture 10 illustrate?,lecture_10_slide_38_references.md
Please describe the main points covered on slide 38 of lecture 10.,lecture_10_slide_38_references.md
What is the core focus of slide 38 in lecture 10?,lecture_10_slide_38_references.md
Could you elaborate on the concepts shown on slide 38 of lecture 10?,lecture_10_slide_38_references.md
What details are presented on slide 38 in lecture 10?,lecture_10_slide_38_references.md
Can you interpret the content of slide 38 from lecture 10?,lecture_10_slide_38_references.md
What is happening on slide 38 of the tenth lecture?,lecture_10_slide_38_references.md
Can you describe what's happening in slide 16 of lecture 10?,lecture_10_slide_16_recurrent-network-training.md
What content is covered in slide 16 of lecture 10?,lecture_10_slide_16_recurrent-network-training.md
Could you elaborate on the information presented in slide 16 of lecture 10?,lecture_10_slide_16_recurrent-network-training.md
What details are explained on slide 16 in lecture 10?,lecture_10_slide_16_recurrent-network-training.md
Please interpret the main points from slide 16 of lecture 10.,lecture_10_slide_16_recurrent-network-training.md
What does slide 16 of lecture 10 focus on?,lecture_10_slide_16_recurrent-network-training.md
Could you clarify the topics discussed on slide 16 of lecture 10?,lecture_10_slide_16_recurrent-network-training.md
What key elements are highlighted in slide 16 of lecture 10?,lecture_10_slide_16_recurrent-network-training.md
Can you summarize the discussion in slide 16 of lecture 10?,lecture_10_slide_16_recurrent-network-training.md
What are the major takeaways from slide 16 of lecture 10?,lecture_10_slide_16_recurrent-network-training.md
Could you provide an explanation of what's happening on slide 29 of lecture 10?,lecture_10_slide_29_what-is-tensorflow.md
What details are present on slide 29 of lecture 10?,lecture_10_slide_29_what-is-tensorflow.md
Can you summarize the information shown on slide 29 in lecture 10?,lecture_10_slide_29_what-is-tensorflow.md
What content is covered on slide 29 of the tenth lecture?,lecture_10_slide_29_what-is-tensorflow.md
Could you interpret the data presented in slide 29 from lecture 10?,lecture_10_slide_29_what-is-tensorflow.md
Please explain the key points from slide 29 in lecture 10.,lecture_10_slide_29_what-is-tensorflow.md
What is being discussed on slide 29 in the 10th lecture?,lecture_10_slide_29_what-is-tensorflow.md
Can you clarify the concepts illustrated on slide 29 of lecture 10?,lecture_10_slide_29_what-is-tensorflow.md
What is summarized on slide 29 of the tenth lecture?,lecture_10_slide_29_what-is-tensorflow.md
Could you describe the main ideas on slide 29 from lecture 10?,lecture_10_slide_29_what-is-tensorflow.md
Could you elaborate on the content of slide 22 from lecture 10?,lecture_10_slide_22_non-distributed-ml-way.md
What's being discussed on slide 22 of lecture 10?,lecture_10_slide_22_non-distributed-ml-way.md
Please explain the details on slide 22 of lecture 10.,lecture_10_slide_22_non-distributed-ml-way.md
What is the main topic covered on slide 22 of the tenth lecture?,lecture_10_slide_22_non-distributed-ml-way.md
Can you clarify what's shown in slide 22 from lecture 10?,lecture_10_slide_22_non-distributed-ml-way.md
What information is presented on slide 22 in the tenth lecture?,lecture_10_slide_22_non-distributed-ml-way.md
Would you mind explaining the content of slide 22 from lecture 10?,lecture_10_slide_22_non-distributed-ml-way.md
Could you describe what's happening on slide 22 in lecture 10?,lecture_10_slide_22_non-distributed-ml-way.md
What does slide 22 of the tenth lecture talk about?,lecture_10_slide_22_non-distributed-ml-way.md
Please provide an explanation of the contents on slide 22 from lecture 10.,lecture_10_slide_22_non-distributed-ml-way.md
Can you describe what is depicted in image 1 on slide 22 of lecture 10?,lecture_10_slide_22_img1.md
What information is conveyed by image 1 in slide 22 of the tenth lecture?,lecture_10_slide_22_img1.md
Please explain the contents of image 1 found on slide 22 of lecture 10.,lecture_10_slide_22_img1.md
Could you provide an explanation for image 1 on slide 22 in lecture 10?,lecture_10_slide_22_img1.md
What does image 1 on slide 22 of the tenth lecture represent?,lecture_10_slide_22_img1.md
Can you clarify the details of image 1 from slide 22 in lecture 10?,lecture_10_slide_22_img1.md
What is shown in image 1 located on slide 22 of the tenth lecture?,lecture_10_slide_22_img1.md
Please elaborate on the subject matter of image 1 in slide 22 of lecture 10.,lecture_10_slide_22_img1.md
What can you tell me about the content of image 1 on slide 22 of lecture 10?,lecture_10_slide_22_img1.md
Describe the key points illustrated by image 1 on slide 22 in lecture 10.,lecture_10_slide_22_img1.md
Can you describe what is depicted in image 1 on slide 32 of lecture 10?,lecture_10_slide_32_img1.md
What information is conveyed by the first image on slide 32 in lecture 10?,lecture_10_slide_32_img1.md
Could you explain the content of image 1 found on slide 32 of lecture 10?,lecture_10_slide_32_img1.md
What does image 1 on slide 32 in lecture 10 illustrate?,lecture_10_slide_32_img1.md
"Can you provide a detailed explanation of the image on slide 32, lecture 10?",lecture_10_slide_32_img1.md
What is shown in image 1 on slide 32 from lecture 10?,lecture_10_slide_32_img1.md
Describe the elements and key points in image 1 on slide 32 of lecture 10.,lecture_10_slide_32_img1.md
"In lecture 10, slide 32, what is the significance of the first image?",lecture_10_slide_32_img1.md
How would you interpret image 1 on slide 32 of lecture 10?,lecture_10_slide_32_img1.md
What details are presented in image 1 of slide 32 in the tenth lecture?,lecture_10_slide_32_img1.md
Could you elaborate on the details presented in slide 24 of lecture 10?,lecture_10_slide_24_distributed-ml-parallelization.md
Can you break down the key points discussed in slide 24 of lecture 10?,lecture_10_slide_24_distributed-ml-parallelization.md
What are the main concepts illustrated in slide 24 of lecture 10?,lecture_10_slide_24_distributed-ml-parallelization.md
Would you mind explaining the content of slide 24 from lecture 10?,lecture_10_slide_24_distributed-ml-parallelization.md
Could you provide an explanation of what is depicted in slide 24 of lecture 10?,lecture_10_slide_24_distributed-ml-parallelization.md
What information is conveyed in slide 24 of lecture 10?,lecture_10_slide_24_distributed-ml-parallelization.md
Please clarify the subject matter on slide 24 of lecture 10.,lecture_10_slide_24_distributed-ml-parallelization.md
Can you interpret the data shown on slide 24 of lecture 10?,lecture_10_slide_24_distributed-ml-parallelization.md
I would appreciate an explanation of the material on slide 24 of lecture 10.,lecture_10_slide_24_distributed-ml-parallelization.md
Can you outline the content that is shown on slide 24 in lecture 10?,lecture_10_slide_24_distributed-ml-parallelization.md
Could you provide an explanation of the content on slide 5 from lecture 10?,lecture_10_slide_5_batchnorm.md
What details are presented in slide 5 of lecture 10?,lecture_10_slide_5_batchnorm.md
Can you break down the information shown on slide 5 in lecture 10?,lecture_10_slide_5_batchnorm.md
Please describe what is depicted in slide 5 of the tenth lecture.,lecture_10_slide_5_batchnorm.md
What is the main point conveyed on slide 5 of lecture 10?,lecture_10_slide_5_batchnorm.md
How would you explain the information on the fifth slide of lecture 10?,lecture_10_slide_5_batchnorm.md
What are the key elements discussed in slide 5 of lecture 10?,lecture_10_slide_5_batchnorm.md
Can you elaborate on the topic covered in slide 5 of lecture 10?,lecture_10_slide_5_batchnorm.md
What is happening in slide 5 from the tenth lecture?,lecture_10_slide_5_batchnorm.md
Could you interpret the data or text shown on slide 5 of lecture 10?,lecture_10_slide_5_batchnorm.md
Can you interpret the image on slide 8 of lecture 10?,lecture_10_slide_8_img1.md
Please describe what is shown in image 1 of slide 8 from lecture 10.,lecture_10_slide_8_img1.md
"Could you elaborate on the visual in slide 8, lecture 10?",lecture_10_slide_8_img1.md
What are the details of the first image found on slide 8 of lecture 10?,lecture_10_slide_8_img1.md
Can you explain the content and significance of image 1 in slide 8 of our tenth lecture?,lecture_10_slide_8_img1.md
What is depicted in image 1 on the eighth slide of lecture 10?,lecture_10_slide_8_img1.md
Please provide an explanation for the image presented on slide 8 of lecture 10.,lecture_10_slide_8_img1.md
Could you clarify the first image in slide number 8 from lecture 10?,lecture_10_slide_8_img1.md
What information does image 1 on slide 8 of lecture 10 convey?,lecture_10_slide_8_img1.md
Please interpret the visual content of image 1 on slide 8 from our tenth lecture.,lecture_10_slide_8_img1.md
Could you provide an explanation of what's depicted in slide 34 of lecture 10?,lecture_10_slide_34_how-it-works.md
What information is presented on slide 34 of the tenth lecture?,lecture_10_slide_34_how-it-works.md
Can you break down the content shown in slide 34 from lecture 10?,lecture_10_slide_34_how-it-works.md
Please interpret the material covered on slide 34 in lecture 10.,lecture_10_slide_34_how-it-works.md
Can you clarify the details on slide 34 of the 10th lecture?,lecture_10_slide_34_how-it-works.md
What is the main focus of slide 34 in lecture 10?,lecture_10_slide_34_how-it-works.md
Could you summarize the key points on slide 34 of the tenth lecture?,lecture_10_slide_34_how-it-works.md
What are the major topics discussed in slide 34 of lecture 10?,lecture_10_slide_34_how-it-works.md
Can you analyze the content found on slide 34 of lecture 10?,lecture_10_slide_34_how-it-works.md
What does slide 34 of lecture 10 convey?,lecture_10_slide_34_how-it-works.md
Please provide an explanation for the first image on slide 20 from lecture 10.,lecture_10_slide_20_img1.md
Could you describe the details of image 1 located on slide 20 of lecture 10?,lecture_10_slide_20_img1.md
What does image 1 on slide 20 of lecture 10 depict?,lecture_10_slide_20_img1.md
Can you elaborate on the content shown in image 1 on slide 20 from lecture 10?,lecture_10_slide_20_img1.md
I need a breakdown of image 1 from slide 20 in lecture 10.,lecture_10_slide_20_img1.md
Could you analyze the first image from slide 20 in the tenth lecture?,lecture_10_slide_20_img1.md
Would you mind explaining what is illustrated in image 1 on slide 20 of lecture 10?,lecture_10_slide_20_img1.md
What is the significance of image 1 on slide 20 in the 10th lecture?,lecture_10_slide_20_img1.md
Please clarify the elements presented in image 1 on slide 20 of lecture 10.,lecture_10_slide_20_img1.md
Can you give a detailed description of the first image on the 20th slide in lecture 10?,lecture_10_slide_20_img1.md
Could you provide an explanation of the content presented on slide 32 from lecture 10?,lecture_10_slide_32_tensorflows-python-api.md
What information is detailed on slide 32 of the tenth lecture?,lecture_10_slide_32_tensorflows-python-api.md
Can you describe the key points covered in slide 32 of lecture 10?,lecture_10_slide_32_tensorflows-python-api.md
Please elaborate on the material shown in slide 32 from the tenth lecture.,lecture_10_slide_32_tensorflows-python-api.md
What is being depicted in slide 32 of lecture 10?,lecture_10_slide_32_tensorflows-python-api.md
Could you break down what's presented on slide 32 of lecture 10?,lecture_10_slide_32_tensorflows-python-api.md
What does slide 32 of lecture 10 discuss?,lecture_10_slide_32_tensorflows-python-api.md
Can you summarize the topic on slide 32 from the tenth lecture?,lecture_10_slide_32_tensorflows-python-api.md
What are the main themes of slide 32 in lecture 10?,lecture_10_slide_32_tensorflows-python-api.md
What's the focus of slide 32 in the tenth lecture?,lecture_10_slide_32_tensorflows-python-api.md
Could you provide an explanation of slide 27 from lecture 10?,lecture_10_slide_27_tensorflow-and-others.md
What information is being presented on slide 27 of lecture 10?,lecture_10_slide_27_tensorflow-and-others.md
Can you describe what is depicted on slide 27 of the tenth lecture?,lecture_10_slide_27_tensorflow-and-others.md
Please elaborate on the content of slide 27 in lecture 10.,lecture_10_slide_27_tensorflow-and-others.md
What details are covered on slide 27 of the tenth lecture?,lecture_10_slide_27_tensorflow-and-others.md
Could you clarify what is shown on slide 27 of lecture 10?,lecture_10_slide_27_tensorflow-and-others.md
What key points are illustrated on slide 27 in lecture 10?,lecture_10_slide_27_tensorflow-and-others.md
"In lecture 10, what is the focus of slide 27?",lecture_10_slide_27_tensorflow-and-others.md
Could you interpret the main topic of slide 27 in the tenth lecture?,lecture_10_slide_27_tensorflow-and-others.md
What is the main discussion on slide 27 from lecture 10?,lecture_10_slide_27_tensorflow-and-others.md
Could you describe the content of slide 4 from lecture 10?,lecture_10_slide_4_batchnorm.md
What is the main point presented in slide 4 of lecture 10?,lecture_10_slide_4_batchnorm.md
Summarize the information shown on slide 4 of lecture 10.,lecture_10_slide_4_batchnorm.md
What are the key elements depicted in slide 4 during lecture 10?,lecture_10_slide_4_batchnorm.md
Can you provide an analysis of slide 4 from lecture 10?,lecture_10_slide_4_batchnorm.md
What does slide 4 in lecture 10 illustrate?,lecture_10_slide_4_batchnorm.md
Give an overview of what is covered on slide 4 in lecture 10.,lecture_10_slide_4_batchnorm.md
What details are highlighted on slide 4 in lecture 10?,lecture_10_slide_4_batchnorm.md
How would you explain the content of slide 4 from lecture 10?,lecture_10_slide_4_batchnorm.md
What topics are addressed on slide 4 in the tenth lecture?,lecture_10_slide_4_batchnorm.md
Could you clarify the details of image 1 found on slide 9 of lecture 10?,lecture_10_slide_9_img1.md
What information is conveyed by the first image on slide 9 from lecture 10?,lecture_10_slide_9_img1.md
What are the key points illustrated in image 1 on slide 9 of the tenth lecture?,lecture_10_slide_9_img1.md
Can you describe the content shown in image 1 of slide 9 from our tenth lecture?,lecture_10_slide_9_img1.md
How would you interpret the first image on slide 9 of lecture 10?,lecture_10_slide_9_img1.md
"What is the significance of the image in slide 9, lecture 10?",lecture_10_slide_9_img1.md
Can you discuss the message or concept depicted in image 1 of slide 9 in lecture 10?,lecture_10_slide_9_img1.md
What does image 1 on slide 9 in lecture 10 represent?,lecture_10_slide_9_img1.md
"Could you break down the elements presented in the first image of slide 9, lecture 10?",lecture_10_slide_9_img1.md
What explanation can be provided for image 1 on the ninth slide of lecture 10?,lecture_10_slide_9_img1.md
Could you describe the content on slide 33 of lecture 10?,lecture_10_slide_33_how-it-works.md
What information is presented in slide 33 from lecture 10?,lecture_10_slide_33_how-it-works.md
Can you explain what's depicted in slide 33 of the tenth lecture?,lecture_10_slide_33_how-it-works.md
Please elaborate on what's shown on slide 33 of the tenth lecture.,lecture_10_slide_33_how-it-works.md
What details are discussed on slide 33 in lecture 10?,lecture_10_slide_33_how-it-works.md
Could you provide an explanation for slide 33 of lecture 10?,lecture_10_slide_33_how-it-works.md
What are the main points covered in slide 33 from lecture 10?,lecture_10_slide_33_how-it-works.md
Can you summarize the content of slide 33 in the tenth lecture?,lecture_10_slide_33_how-it-works.md
What is the focus of slide 33 in lecture 10?,lecture_10_slide_33_how-it-works.md
Please clarify the topic covered on slide 33 of the tenth lecture.,lecture_10_slide_33_how-it-works.md
Can you describe the content of image 1 found in slide 31 of lecture 10?,lecture_10_slide_31_img1.md
What details are in image 1 on slide 31 from lecture 10?,lecture_10_slide_31_img1.md
Could you elaborate on image 1 shown in slide 31 of lecture 10?,lecture_10_slide_31_img1.md
Please explain the context of image 1 in slide 31 of lecture 10.,lecture_10_slide_31_img1.md
What is depicted in image 1 on slide 31 from the 10th lecture?,lecture_10_slide_31_img1.md
How would you interpret image 1 located on slide 31 of lecture 10?,lecture_10_slide_31_img1.md
Give an explanation of image 1 in slide 31 from lecture 10.,lecture_10_slide_31_img1.md
What information does image 1 convey on slide 31 of the 10th lecture?,lecture_10_slide_31_img1.md
Can you provide an analysis of image 1 on slide 31 from lecture 10?,lecture_10_slide_31_img1.md
Describe the scene in image 1 featured on slide 31 of lecture 10.,lecture_10_slide_31_img1.md
Can you clarify the content presented on slide 35 of lecture 10?,lecture_10_slide_35_tensorflows-computation-dataflow-graph.md
What information is being conveyed in slide 35 of the tenth lecture?,lecture_10_slide_35_tensorflows-computation-dataflow-graph.md
Could you describe what's happening on slide 35 from lecture 10?,lecture_10_slide_35_tensorflows-computation-dataflow-graph.md
What is the main focus of the content on slide 35 in lecture 10?,lecture_10_slide_35_tensorflows-computation-dataflow-graph.md
Would you mind explaining the key points from slide 35 in lecture 10?,lecture_10_slide_35_tensorflows-computation-dataflow-graph.md
What details are outlined on slide 35 of the tenth lecture?,lecture_10_slide_35_tensorflows-computation-dataflow-graph.md
Could you provide an overview of what is depicted on slide 35 in lecture 10?,lecture_10_slide_35_tensorflows-computation-dataflow-graph.md
What key concepts are discussed on slide 35 in the tenth lecture?,lecture_10_slide_35_tensorflows-computation-dataflow-graph.md
Can you summarize the information shown on slide 35 of lecture 10?,lecture_10_slide_35_tensorflows-computation-dataflow-graph.md
What key information is slide 35 of lecture 10 trying to communicate?,lecture_10_slide_35_tensorflows-computation-dataflow-graph.md
Can you describe the content of slide 10 from lecture 10?,lecture_10_slide_10_recurrent-neural-networks-rnns.md
What information is presented on slide 10 of lecture 10?,lecture_10_slide_10_recurrent-neural-networks-rnns.md
Please explain the details shown on slide 10 from lecture 10.,lecture_10_slide_10_recurrent-neural-networks-rnns.md
What is happening on slide 10 in lecture 10?,lecture_10_slide_10_recurrent-neural-networks-rnns.md
Could you provide an explanation of slide 10 from lecture 10?,lecture_10_slide_10_recurrent-neural-networks-rnns.md
What are the key points discussed on slide 10 of lecture 10?,lecture_10_slide_10_recurrent-neural-networks-rnns.md
Can you summarize the main ideas from slide 10 in lecture 10?,lecture_10_slide_10_recurrent-neural-networks-rnns.md
What does slide 10 cover in lecture 10?,lecture_10_slide_10_recurrent-neural-networks-rnns.md
Please detail what is depicted on slide 10 of lecture 10.,lecture_10_slide_10_recurrent-neural-networks-rnns.md
What is the focus of slide 10 in the 10th lecture?,lecture_10_slide_10_recurrent-neural-networks-rnns.md
Could you describe the content presented on slide 13 of lecture 10?,lecture_10_slide_13_rnn-for-sequence-problems.md
What is depicted in slide 13 from lecture 10?,lecture_10_slide_13_rnn-for-sequence-problems.md
Can you elaborate on the information shown in slide 13 of lecture 10?,lecture_10_slide_13_rnn-for-sequence-problems.md
Please explain the details found on slide 13 of lecture 10.,lecture_10_slide_13_rnn-for-sequence-problems.md
What are the key points discussed on slide 13 of lecture 10?,lecture_10_slide_13_rnn-for-sequence-problems.md
Can you provide an explanation of the elements on slide 13 from lecture 10?,lecture_10_slide_13_rnn-for-sequence-problems.md
What is happening in slide 13 of lecture 10?,lecture_10_slide_13_rnn-for-sequence-problems.md
Could you clarify the concepts illustrated in slide 13 of lecture 10?,lecture_10_slide_13_rnn-for-sequence-problems.md
What does slide 13 of lecture 10 convey?,lecture_10_slide_13_rnn-for-sequence-problems.md
Could you summarize what slide 13 of lecture 10 is about?,lecture_10_slide_13_rnn-for-sequence-problems.md
Could you clarify the content on slide 25 from lecture 10?,lecture_10_slide_25_distributed-ml-parallelization.md
What details are presented on slide 25 in lecture 10?,lecture_10_slide_25_distributed-ml-parallelization.md
Can you analyze what's depicted on slide 25 of the tenth lecture?,lecture_10_slide_25_distributed-ml-parallelization.md
What is explained on slide 25 of the 10th lecture?,lecture_10_slide_25_distributed-ml-parallelization.md
Please elaborate on the information shown on slide 25 of lecture 10.,lecture_10_slide_25_distributed-ml-parallelization.md
Could you provide an explanation for the concepts on slide 25 from lecture 10?,lecture_10_slide_25_distributed-ml-parallelization.md
What is the focus of slide 25 in the 10th lecture?,lecture_10_slide_25_distributed-ml-parallelization.md
Can you break down the points discussed on slide 25 from lecture 10?,lecture_10_slide_25_distributed-ml-parallelization.md
What topics are covered on slide 25 of the tenth lecture?,lecture_10_slide_25_distributed-ml-parallelization.md
How is the material on slide 25 in lecture 10 explained?,lecture_10_slide_25_distributed-ml-parallelization.md
Could you break down the details presented on slide 6 of lecture 10?,lecture_10_slide_6_batchnorm.md
What information is depicted in slide 6 of lecture 10?,lecture_10_slide_6_batchnorm.md
Can you elaborate on the content found on slide 6 of lecture 10?,lecture_10_slide_6_batchnorm.md
Please describe the main points covered in slide 6 of lecture 10.,lecture_10_slide_6_batchnorm.md
What is the key focus of slide 6 in lecture 10?,lecture_10_slide_6_batchnorm.md
How would you summarize the content of slide 6 from lecture 10?,lecture_10_slide_6_batchnorm.md
What are the main topics discussed in slide 6 of lecture 10?,lecture_10_slide_6_batchnorm.md
Could you provide an analysis of slide 6 from lecture 10?,lecture_10_slide_6_batchnorm.md
What is happening on slide 6 during lecture 10?,lecture_10_slide_6_batchnorm.md
Can you explain the details shown in slide 6 from lecture 10?,lecture_10_slide_6_batchnorm.md
Could you describe the content of slide 8 from lecture 10?,lecture_10_slide_8_recurrent-neural-networks-rnns.md
What is being presented in slide 8 of the tenth lecture?,lecture_10_slide_8_recurrent-neural-networks-rnns.md
Can you elaborate on the details shown in slide 8 of lecture 10?,lecture_10_slide_8_recurrent-neural-networks-rnns.md
What information is depicted in slide 8 of lecture 10?,lecture_10_slide_8_recurrent-neural-networks-rnns.md
Please explain the main points covered in slide 8 of the lecture 10 presentation.,lecture_10_slide_8_recurrent-neural-networks-rnns.md
Could you walk me through the key aspects of slide 8 in lecture 10?,lecture_10_slide_8_recurrent-neural-networks-rnns.md
What are the highlights of slide 8 in the tenth lecture?,lecture_10_slide_8_recurrent-neural-networks-rnns.md
Can you provide a summary of what slide 8 in lecture 10 is about?,lecture_10_slide_8_recurrent-neural-networks-rnns.md
What topics are addressed in slide 8 from lecture 10?,lecture_10_slide_8_recurrent-neural-networks-rnns.md
Could you analyze the content displayed on slide 8 of lecture number 10?,lecture_10_slide_8_recurrent-neural-networks-rnns.md
Can you describe the contents of image 1 on slide 12 from lecture 10?,lecture_10_slide_12_img1.md
What does image 1 on slide 12 in lecture 10 illustrate?,lecture_10_slide_12_img1.md
Please explain the details shown in image 1 of slide 12 from lecture 10.,lecture_10_slide_12_img1.md
Could you interpret image 1 found on slide 12 of lecture 10?,lecture_10_slide_12_img1.md
What is depicted in image 1 on slide 12 of lecture 10?,lecture_10_slide_12_img1.md
Provide an explanation for image 1 on slide 12 from lecture 10.,lecture_10_slide_12_img1.md
What information is conveyed by image 1 in slide 12 of lecture 10?,lecture_10_slide_12_img1.md
How would you describe image 1 on slide 12 from lecture 10?,lecture_10_slide_12_img1.md
What do we see in image 1 on slide 12 of lecture 10?,lecture_10_slide_12_img1.md
Can you analyze image 1 found on slide 12 in lecture 10?,lecture_10_slide_12_img1.md
Can you describe the image shown on slide 5 of lecture 10?,lecture_10_slide_5_img1.md
What does the image on the fifth slide of lecture 10 depict?,lecture_10_slide_5_img1.md
Please explain the content of image 1 from slide 5 in lecture 10.,lecture_10_slide_5_img1.md
Could you give an overview of the image located on slide 5 of lecture 10?,lecture_10_slide_5_img1.md
What is illustrated in the first image on slide number 5 of lecture 10?,lecture_10_slide_5_img1.md
How would you interpret the image found on slide 5 during lecture 10?,lecture_10_slide_5_img1.md
What details are covered in the image presented on slide 5 of lecture 10?,lecture_10_slide_5_img1.md
Can you provide an explanation for the image in slide 5 of lecture 10?,lecture_10_slide_5_img1.md
Describe the main concepts shown in the image from slide 5 in lecture 10.,lecture_10_slide_5_img1.md
What information is conveyed by the first image on the fifth slide of lecture 10?,lecture_10_slide_5_img1.md
Can you describe the content of slide 12 in lecture 10?,lecture_10_slide_12_rnn-for-sequence-problems.md
What details are presented in slide 12 of lecture 10?,lecture_10_slide_12_rnn-for-sequence-problems.md
Could you elaborate on the information shown on slide 12 of lecture 10?,lecture_10_slide_12_rnn-for-sequence-problems.md
What's happening in slide 12 of lecture 10?,lecture_10_slide_12_rnn-for-sequence-problems.md
Please explain the key points highlighted in slide 12 of lecture 10.,lecture_10_slide_12_rnn-for-sequence-problems.md
What is the topic discussed in slide 12 of lecture 10?,lecture_10_slide_12_rnn-for-sequence-problems.md
How does slide 12 contribute to the overall theme of lecture 10?,lecture_10_slide_12_rnn-for-sequence-problems.md
Could you provide an overview of slide 12 from lecture 10?,lecture_10_slide_12_rnn-for-sequence-problems.md
What are the main concepts illustrated on slide 12 in lecture 10?,lecture_10_slide_12_rnn-for-sequence-problems.md
Can you summarize the discussion in slide 12 of lecture 10?,lecture_10_slide_12_rnn-for-sequence-problems.md
Can you describe the first image in slide 34 from lecture 10?,lecture_10_slide_34_img1.md
What does image 1 on slide 34 of lecture 10 illustrate?,lecture_10_slide_34_img1.md
"Provide an explanation of the image in slide 34, lecture 10.",lecture_10_slide_34_img1.md
Could you interpret the first image found in slide 34 of lecture 10?,lecture_10_slide_34_img1.md
What details can you provide about image 1 on slide 34 from lecture 10?,lecture_10_slide_34_img1.md
Can you explain what is depicted in the first image on slide 34 of lecture 10?,lecture_10_slide_34_img1.md
"What is the significance of the image presented on slide 34, lecture 10?",lecture_10_slide_34_img1.md
How would you describe the image on slide 34 from lecture 10?,lecture_10_slide_34_img1.md
What can you tell me about image 1 on slide 34 in lecture 10?,lecture_10_slide_34_img1.md
Could you elaborate on the first image on slide 34 from lecture 10?,lecture_10_slide_34_img1.md
Can you describe what is shown in image 1 on slide 24 of our tenth lecture?,lecture_10_slide_24_img1.md
What is depicted in the first image on slide 24 of lecture 10?,lecture_10_slide_24_img1.md
Please clarify the content of image 1 found on slide 24 in lecture 10.,lecture_10_slide_24_img1.md
Could you provide an explanation for image 1 on slide 24 from lecture 10?,lecture_10_slide_24_img1.md
What does the first image on the 24th slide of lecture 10 represent?,lecture_10_slide_24_img1.md
I'm looking for an explanation of the first image on slide 24 of the tenth lecture. Can you help?,lecture_10_slide_24_img1.md
Could you discuss the details shown in image 1 on slide 24 from our lecture series number 10?,lecture_10_slide_24_img1.md
What information can be derived from image 1 on slide 24 in lecture 10?,lecture_10_slide_24_img1.md
Can you interpret the content of image 1 displayed on the 24th slide of lecture 10?,lecture_10_slide_24_img1.md
Please explain the first image on slide number 24 from the tenth lecture.,lecture_10_slide_24_img1.md
Can you describe the content of slide 20 from lecture 10?,lecture_10_slide_20_model-training.md
What information is presented on slide 20 of lecture 10?,lecture_10_slide_20_model-training.md
Could you elaborate on the details shown in slide 20 of lecture 10?,lecture_10_slide_20_model-training.md
What is the main focus of slide 20 in the lecture 10?,lecture_10_slide_20_model-training.md
Please explain the key points covered in slide 20 of lecture 10.,lecture_10_slide_20_model-training.md
What is happening in slide 20 of lecture 10?,lecture_10_slide_20_model-training.md
Could you give an overview of slide 20 from lecture 10?,lecture_10_slide_20_model-training.md
What does slide 20 of lecture 10 illustrate?,lecture_10_slide_20_model-training.md
Can you summarize the topics discussed on slide 20 of lecture 10?,lecture_10_slide_20_model-training.md
What concepts are introduced in slide 20 of lecture 10?,lecture_10_slide_20_model-training.md
Can you clarify the content on slide 28 from lecture 10?,lecture_10_slide_28_what-is-tensorflow.md
Could you describe what is presented on slide 28 in the tenth lecture?,lecture_10_slide_28_what-is-tensorflow.md
What details are covered on lecture 10's slide 28?,lecture_10_slide_28_what-is-tensorflow.md
Please explain the main points mentioned on slide 28 of the 10th lecture.,lecture_10_slide_28_what-is-tensorflow.md
How would you interpret the information on the 28th slide of lecture 10?,lecture_10_slide_28_what-is-tensorflow.md
What is the essence of the content on slide 28 of the tenth lecture?,lecture_10_slide_28_what-is-tensorflow.md
Can you provide an overview of slide 28 from lecture 10?,lecture_10_slide_28_what-is-tensorflow.md
What topics are discussed on the slide numbered 28 in lecture 10?,lecture_10_slide_28_what-is-tensorflow.md
Could you give an explanation for the material found on slide 28 from the tenth lecture?,lecture_10_slide_28_what-is-tensorflow.md
What's the explanation behind the visuals or text on slide 28 of lecture 10?,lecture_10_slide_28_what-is-tensorflow.md
Can you describe the content of slide 14 from lecture 10?,lecture_10_slide_14_recurrent-network-training.md
What details are presented on slide 14 of the tenth lecture?,lecture_10_slide_14_recurrent-network-training.md
Could you provide an explanation of what's depicted on slide 14 in lecture 10?,lecture_10_slide_14_recurrent-network-training.md
What information is being conveyed on slide 14 of the tenth lecture?,lecture_10_slide_14_recurrent-network-training.md
Please elaborate on the details included in slide 14 of lecture 10.,lecture_10_slide_14_recurrent-network-training.md
What is the main focus of slide 14 from the 10th lecture?,lecture_10_slide_14_recurrent-network-training.md
Could you clarify the contents of slide 14 in the tenth lecture session?,lecture_10_slide_14_recurrent-network-training.md
What does slide 14 in lecture 10 illustrate?,lecture_10_slide_14_recurrent-network-training.md
Can you give an overview of the key points on slide 14 from lecture 10?,lecture_10_slide_14_recurrent-network-training.md
What are the main ideas shown in slide 14 of the tenth lecture?,lecture_10_slide_14_recurrent-network-training.md
Can you describe what is shown in image 1 on slide 25 of lecture 10?,lecture_10_slide_25_img1.md
What details can you provide about the first image in slide 25 of the tenth lecture?,lecture_10_slide_25_img1.md
Please explain the content of image 1 located on slide 25 of lecture 10.,lecture_10_slide_25_img1.md
What does image 1 on the 25th slide of lecture 10 depict?,lecture_10_slide_25_img1.md
Could you elaborate on the elements of the first image in slide 25 from lecture 10?,lecture_10_slide_25_img1.md
What information is conveyed by image 1 on slide 25 in the tenth lecture?,lecture_10_slide_25_img1.md
Provide an explanation of image 1 found on slide 25 of the 10th lecture.,lecture_10_slide_25_img1.md
What is the significance of the first image on slide 25 in lecture 10?,lecture_10_slide_25_img1.md
Can you interpret the details in image 1 on slide 25 of lecture 10?,lecture_10_slide_25_img1.md
What can you tell me about the depiction in image 1 on the 25th slide of lecture 10?,lecture_10_slide_25_img1.md
Could you explain the first image on slide 35 of our tenth lecture?,lecture_10_slide_35_img1.md
What is depicted in image 1 on slide 35 of lecture number 10?,lecture_10_slide_35_img1.md
Can you provide an explanation for the initial image found on slide 35 from the tenth lecture?,lecture_10_slide_35_img1.md
Please interpret the first image on slide 35 in our lecture 10 presentation.,lecture_10_slide_35_img1.md
What information is conveyed by image 1 on slide number 35 of the tenth lecture?,lecture_10_slide_35_img1.md
Can you detail the content of the first image on slide 35 from lecture 10?,lecture_10_slide_35_img1.md
Could you describe what is shown in the initial image on slide 35 from lecture 10?,lecture_10_slide_35_img1.md
Please explain the significance of image 1 on slide 35 from the tenth lecture.,lecture_10_slide_35_img1.md
Would you mind explaining the content of the first image on slide 35 from lecture 10?,lecture_10_slide_35_img1.md
Could you elaborate on the details of image 1 located on slide 35 from lecture 10?,lecture_10_slide_35_img1.md
Can you provide an explanation of what's depicted on slide 36 of lecture 10?,lecture_10_slide_36_tensorflows-computation.md
What details are presented on slide 36 in the 10th lecture?,lecture_10_slide_36_tensorflows-computation.md
Could you clarify the content of slide 36 from lecture 10?,lecture_10_slide_36_tensorflows-computation.md
What is illustrated on slide 36 of the tenth lecture?,lecture_10_slide_36_tensorflows-computation.md
Please interpret the information shown on slide 36 in lecture 10.,lecture_10_slide_36_tensorflows-computation.md
What's happening on slide 36 of the lecture 10 slides?,lecture_10_slide_36_tensorflows-computation.md
Could you summarize the key points on slide 36 from lecture 10?,lecture_10_slide_36_tensorflows-computation.md
What does slide 36 of lecture 10 elaborate on?,lecture_10_slide_36_tensorflows-computation.md
Can you describe the main focus of slide 36 in the tenth lecture?,lecture_10_slide_36_tensorflows-computation.md
What are the main ideas covered in slide 36 of lecture 10?,lecture_10_slide_36_tensorflows-computation.md
What details are covered on slide 37 of lecture 10?,lecture_10_slide_37_tensorflows-execution-framework.md
Could you provide an explanation of slide 37 from lecture 10?,lecture_10_slide_37_tensorflows-execution-framework.md
What is discussed on slide 37 in lecture 10?,lecture_10_slide_37_tensorflows-execution-framework.md
Can you summarize the information found on slide 37 of lecture 10?,lecture_10_slide_37_tensorflows-execution-framework.md
What key points are presented on slide 37 in the tenth lecture?,lecture_10_slide_37_tensorflows-execution-framework.md
Please explain the content of slide 37 in lecture 10.,lecture_10_slide_37_tensorflows-execution-framework.md
What is happening or highlighted on slide 37 of the tenth lecture?,lecture_10_slide_37_tensorflows-execution-framework.md
Could you clarify what's presented on slide 37 in lecture 10?,lecture_10_slide_37_tensorflows-execution-framework.md
What is the focus of slide 37 in the tenth lecture session?,lecture_10_slide_37_tensorflows-execution-framework.md
What topics are addressed on slide 37 during lecture 10?,lecture_10_slide_37_tensorflows-execution-framework.md
Could you elaborate on what is depicted in image 1 on slide 13 of lecture 10?,lecture_10_slide_13_img1.md
Please provide an explanation for the first image on slide 13 of the tenth lecture.,lecture_10_slide_13_img1.md
What information is presented in image 1 on the 13th slide of lecture 10?,lecture_10_slide_13_img1.md
Help me understand the content of image 1 in slide number 13 from lecture 10.,lecture_10_slide_13_img1.md
Can you give a detailed explanation of image 1 found in slide 13 of the tenth lecture?,lecture_10_slide_13_img1.md
What does the first image on the 13th slide of lecture 10 illustrate?,lecture_10_slide_13_img1.md
Please interpret image 1 on slide 13 from lecture 10 for me.,lecture_10_slide_13_img1.md
Could you describe the details shown in image 1 on slide 13 of the tenth lecture?,lecture_10_slide_13_img1.md
What is the significance of the first image on slide 13 of lecture 10?,lecture_10_slide_13_img1.md
Can you clarify the concept displayed in image 1 on the 13th slide of lecture 10?,lecture_10_slide_13_img1.md
Can you describe the content of slide 31 from lecture 10?,lecture_10_slide_31_tensorflows-architecture.md
What information is presented on slide 31 of lecture 10?,lecture_10_slide_31_tensorflows-architecture.md
Please explain the details shown on slide 31 of our lecture 10.,lecture_10_slide_31_tensorflows-architecture.md
What is the main focus of slide 31 in lecture 10?,lecture_10_slide_31_tensorflows-architecture.md
Could you summarize the key points on slide 31 from lecture 10?,lecture_10_slide_31_tensorflows-architecture.md
What concepts are being illustrated on slide 31 of lecture 10?,lecture_10_slide_31_tensorflows-architecture.md
Can you elaborate on the materials covered on slide 31 in lecture 10?,lecture_10_slide_31_tensorflows-architecture.md
What is depicted in slide 31 of lecture 10?,lecture_10_slide_31_tensorflows-architecture.md
Provide an explanation for the content of slide 31 in lecture 10.,lecture_10_slide_31_tensorflows-architecture.md
What is happening on slide 31 of lecture 10?,lecture_10_slide_31_tensorflows-architecture.md
Can you describe the image found on slide 20 of lecture 10?,lecture_10_slide_20_img2.md
"What details can you provide about the second image in lecture 10, slide 20?",lecture_10_slide_20_img2.md
Please explain the content of image 2 on slide 20 from lecture 10.,lecture_10_slide_20_img2.md
"Could you elaborate on the information shown in the image on slide 20, lecture 10?",lecture_10_slide_20_img2.md
What does image 2 illustrate on slide 20 of our tenth lecture?,lecture_10_slide_20_img2.md
Can you provide an explanation for the image that appears on slide 20 in lecture 10?,lecture_10_slide_20_img2.md
Could you break down the elements of the image on slide 20 of the tenth lecture?,lecture_10_slide_20_img2.md
What is depicted in the second image of slide 20 in the tenth lecture?,lecture_10_slide_20_img2.md
Please clarify the significance of the image found in slide 20 of lecture 10.,lecture_10_slide_20_img2.md
Would you mind explaining what is shown in image 2 on slide 20 from the tenth lecture?,lecture_10_slide_20_img2.md
Can you elaborate on the contents of slide 23 from lecture 10?,lecture_10_slide_23_distributed-ml-way.md
What is depicted on slide 23 of lecture 10?,lecture_10_slide_23_distributed-ml-way.md
Could you clarify the main points on slide 23 in lecture 10?,lecture_10_slide_23_distributed-ml-way.md
What information is presented in slide 23 of the tenth lecture?,lecture_10_slide_23_distributed-ml-way.md
Please describe the details on slide 23 from the 10th lecture.,lecture_10_slide_23_distributed-ml-way.md
What are the key concepts shown on slide 23 of lecture 10?,lecture_10_slide_23_distributed-ml-way.md
Can you detail what slide 23 covers in lecture 10?,lecture_10_slide_23_distributed-ml-way.md
Could you explain the subjects discussed on slide 23 of lecture 10?,lecture_10_slide_23_distributed-ml-way.md
What explanations does slide 23 from lecture 10 provide?,lecture_10_slide_23_distributed-ml-way.md
What is the focus of slide 23 in the tenth lecture?,lecture_10_slide_23_distributed-ml-way.md
Can you describe what's shown in image 1 of slide 37 from lecture 10?,lecture_10_slide_37_img1.md
What information is conveyed by image 1 on slide 37 in lecture 10?,lecture_10_slide_37_img1.md
Could you elaborate on the contents of image 1 in lecture 10's slide 37?,lecture_10_slide_37_img1.md
What does image 1 depict on slide 37 of the 10th lecture?,lecture_10_slide_37_img1.md
Please explain the details of image 1 found in slide 37 from lecture 10.,lecture_10_slide_37_img1.md
What is illustrated by image 1 on slide 37 during lecture 10?,lecture_10_slide_37_img1.md
Could you provide an explanation of image 1 that appears on slide 37 in lecture 10?,lecture_10_slide_37_img1.md
What is the significance of image 1 on the 37th slide of lecture 10?,lecture_10_slide_37_img1.md
How would you interpret image 1 on slide 37 of the tenth lecture?,lecture_10_slide_37_img1.md
Can you give a detailed explanation of image 1 in slide 37 from the 10th lecture?,lecture_10_slide_37_img1.md
Can you describe the content of image 1 on slide 27 from lecture 10?,lecture_10_slide_27_img1.md
Please explain what is depicted in image 1 on slide 27 of our tenth lecture.,lecture_10_slide_27_img1.md
What information does image 1 on slide 27 convey in lecture 10?,lecture_10_slide_27_img1.md
Could you provide an explanation for image 1 found on slide 27 of lecture 10?,lecture_10_slide_27_img1.md
Describe the features and significance of image 1 on slide 27 from lecture 10.,lecture_10_slide_27_img1.md
What does image 1 illustrate on slide 27 in the context of lecture 10?,lecture_10_slide_27_img1.md
Can you clarify the details shown in image 1 on slide 27 of lecture 10?,lecture_10_slide_27_img1.md
Please elucidate the contents of image 1 on slide 27 in lecture 10.,lecture_10_slide_27_img1.md
What concepts are presented in image 1 on slide 27 of lecture 10?,lecture_10_slide_27_img1.md
Could you break down the elements of image 1 on slide 27 from lecture 10?,lecture_10_slide_27_img1.md
Can you elaborate on the contents of slide 9 from lecture 10?,lecture_10_slide_9_recurrent-neural-networks-rnns.md
Could you provide an explanation of slide 9 in lecture 10?,lecture_10_slide_9_recurrent-neural-networks-rnns.md
What information is presented on slide 9 of lecture 10?,lecture_10_slide_9_recurrent-neural-networks-rnns.md
Could you explain the details found on slide 9 of the tenth lecture?,lecture_10_slide_9_recurrent-neural-networks-rnns.md
What is the main focus of slide 9 in lecture 10?,lecture_10_slide_9_recurrent-neural-networks-rnns.md
Please describe what is displayed on slide 9 of lecture 10.,lecture_10_slide_9_recurrent-neural-networks-rnns.md
What are the key points on slide 9 from lecture 10?,lecture_10_slide_9_recurrent-neural-networks-rnns.md
Can you summarize the content of slide 9 in the tenth lecture?,lecture_10_slide_9_recurrent-neural-networks-rnns.md
What does slide 9 cover in lecture 10?,lecture_10_slide_9_recurrent-neural-networks-rnns.md
Could you clarify the subject matter of slide 9 in lecture 10?,lecture_10_slide_9_recurrent-neural-networks-rnns.md
Could you clarify what's happening in slide 30 of lecture 10?,lecture_10_slide_30_what-is-tensorflow.md
Can you explain the content covered in slide 30 of lecture 10?,lecture_10_slide_30_what-is-tensorflow.md
What is discussed in slide 30 of the tenth lecture?,lecture_10_slide_30_what-is-tensorflow.md
Please provide an explanation of slide 30 from lecture 10.,lecture_10_slide_30_what-is-tensorflow.md
What information is presented on slide 30 in lecture 10?,lecture_10_slide_30_what-is-tensorflow.md
Can you describe the focus of slide 30 in the tenth lecture?,lecture_10_slide_30_what-is-tensorflow.md
What's depicted or explained in the 30th slide of lecture 10?,lecture_10_slide_30_what-is-tensorflow.md
Could you provide details on the points made in slide 30 of lecture 10?,lecture_10_slide_30_what-is-tensorflow.md
What is the main topic covered on slide 30 of the 10th lecture?,lecture_10_slide_30_what-is-tensorflow.md
"In lecture 10, what is the content of slide 30 about?",lecture_10_slide_30_what-is-tensorflow.md
What details can be extracted from slide 2 of lecture 10?,lecture_10_slide_2_topics.md
Could you describe what's presented in slide 2 of lecture 10?,lecture_10_slide_2_topics.md
What information is conveyed on the second slide of lecture 10?,lecture_10_slide_2_topics.md
How would you interpret the content of slide 2 from lecture 10?,lecture_10_slide_2_topics.md
Can you summarize the main points of slide 2 from lecture 10?,lecture_10_slide_2_topics.md
What are the key concepts illustrated on slide 2 of lecture 10?,lecture_10_slide_2_topics.md
Please explain the contents of slide 2 in lecture 10.,lecture_10_slide_2_topics.md
What is the main focus of slide 2 in lecture 10?,lecture_10_slide_2_topics.md
Could you provide an overview of slide 2 from lecture 10?,lecture_10_slide_2_topics.md
What does slide 2 of lecture 10 aim to convey?,lecture_10_slide_2_topics.md
Can you describe the image presented on slide 11 of the tenth lecture?,lecture_10_slide_11_img1.md
What details can you provide about the image on slide 11 in lecture 10?,lecture_10_slide_11_img1.md
Please explain the visual content found in slide 11 of lecture ten.,lecture_10_slide_11_img1.md
Could you provide an explanation for the image on slide 11 from the tenth lecture?,lecture_10_slide_11_img1.md
What does the image on slide 11 of the 10th lecture depict?,lecture_10_slide_11_img1.md
Describe the picture shown on slide 11 during lecture 10.,lecture_10_slide_11_img1.md
What information does the image on slide 11 of lecture 10 convey?,lecture_10_slide_11_img1.md
Can you give a summary of the image featured in the eleventh slide of the tenth lecture?,lecture_10_slide_11_img1.md
What can you explain about the image included on slide 11 of lecture number 10?,lecture_10_slide_11_img1.md
Please provide an analysis of the image found on the eleventh slide of lecture 10.,lecture_10_slide_11_img1.md
Can you describe the content of slide 21 from lecture 10?,lecture_10_slide_21_good-to-knowonnx.md
What information is presented on slide 21 of lecture 10?,lecture_10_slide_21_good-to-knowonnx.md
Could you clarify what's happening on slide 21 in lecture 10?,lecture_10_slide_21_good-to-knowonnx.md
What details are covered on slide 21 of the tenth lecture?,lecture_10_slide_21_good-to-knowonnx.md
How would you explain the material on slide 21 of lecture 10?,lecture_10_slide_21_good-to-knowonnx.md
Please elucidate the content of slide 21 in the tenth lecture.,lecture_10_slide_21_good-to-knowonnx.md
What is the subject of slide 21 in the lecture 10 presentation?,lecture_10_slide_21_good-to-knowonnx.md
Could you summarize the key points of slide 21 from lecture 10?,lecture_10_slide_21_good-to-knowonnx.md
What are the main topics discussed on slide 21 of the tenth lecture?,lecture_10_slide_21_good-to-knowonnx.md
Can you provide an overview of slide 21 from lecture 10?,lecture_10_slide_21_good-to-knowonnx.md
Could you describe the contents of image 1 on slide 10 from lecture 10?,lecture_10_slide_10_img1.md
What is depicted in image 1 of slide 10 from our tenth lecture?,lecture_10_slide_10_img1.md
Can you provide an explanation for the first image on slide 10 of lecture 10?,lecture_10_slide_10_img1.md
Please elaborate on the imagery found on the first slide of lecture 10.,lecture_10_slide_10_img1.md
What details can you offer about image 1 in slide 10 from lecture 10?,lecture_10_slide_10_img1.md
Could you clarify what's shown in the first image of slide 10 in lecture 10?,lecture_10_slide_10_img1.md
"What is the significance of the image on slide 10, lecture 10, specifically the first image?",lecture_10_slide_10_img1.md
Can you explain the first image found on slide 10 within our tenth lecture?,lecture_10_slide_10_img1.md
"Please give a detailed explanation of image number one on slide 10, lecture 10.",lecture_10_slide_10_img1.md
What information can you derive from the image found on the tenth slide of our lecture 10?,lecture_10_slide_10_img1.md
Could you describe what is depicted in image 1 from slide 36 of lecture 10?,lecture_10_slide_36_img1.md
Can you provide an explanation for the first image on slide 36 of the tenth lecture?,lecture_10_slide_36_img1.md
What details can you share about image 1 found on slide 36 in lecture 10?,lecture_10_slide_36_img1.md
Please interpret the first image from slide 36 of lecture 10.,lecture_10_slide_36_img1.md
What is the significance of image 1 on slide 36 in the tenth lecture?,lecture_10_slide_36_img1.md
Could you break down the elements of image 1 from slide 36 in lecture 10?,lecture_10_slide_36_img1.md
Can you elaborate on what image 1 on slide 36 of lecture 10 illustrates?,lecture_10_slide_36_img1.md
"What is the content of image 1 on slide 36, as discussed in lecture 10?",lecture_10_slide_36_img1.md
Could you summarize image 1 that appears on slide 36 of the tenth lecture?,lecture_10_slide_36_img1.md
What explanation can you offer for image 1 shown on slide 36 in lecture 10?,lecture_10_slide_36_img1.md
Please describe the content displayed on slide 15 of lecture 10.,lecture_10_slide_15_recurrent-network-training.md
Can you elaborate on what is presented in slide 15 of lecture 10?,lecture_10_slide_15_recurrent-network-training.md
What information is conveyed in slide 15 of lecture 10?,lecture_10_slide_15_recurrent-network-training.md
What details are shown in slide 15 of the tenth lecture?,lecture_10_slide_15_recurrent-network-training.md
Could you explain what is happening on slide 15 in the tenth lecture?,lecture_10_slide_15_recurrent-network-training.md
What is the main focus of slide 15 in lecture 10?,lecture_10_slide_15_recurrent-network-training.md
Could you provide an explanation of slide 15 from lecture 10?,lecture_10_slide_15_recurrent-network-training.md
What are the key points on slide 15 of lecture 10?,lecture_10_slide_15_recurrent-network-training.md
What is discussed on slide 15 of the tenth lecture?,lecture_10_slide_15_recurrent-network-training.md
What content is covered on the 15th slide of lecture 10?,lecture_10_slide_15_recurrent-network-training.md
Can you describe what is happening in slide 23 of the fourth lecture?,lecture_4_slide_23_linear-regression.md
What details are provided in slide 23 of lecture number 4?,lecture_4_slide_23_linear-regression.md
Could you summarize the content of slide 23 from lecture 4?,lecture_4_slide_23_linear-regression.md
What information is presented on slide 23 of the fourth lecture?,lecture_4_slide_23_linear-regression.md
How would you explain the material covered in slide 23 of lecture 4?,lecture_4_slide_23_linear-regression.md
What are the key points discussed in slide 23 of the fourth lecture?,lecture_4_slide_23_linear-regression.md
Provide an explanation of what is shown in slide 23 from lecture 4.,lecture_4_slide_23_linear-regression.md
What is the main focus of slide 23 in the context of lecture 4?,lecture_4_slide_23_linear-regression.md
Can you give an overview of slide 23 in the fourth lecture?,lecture_4_slide_23_linear-regression.md
What topics are highlighted on slide 23 of lecture 4?,lecture_4_slide_23_linear-regression.md
Could you provide an explanation of the content on slide 13 from lecture 4?,lecture_4_slide_13_compute-knn-defining-k.md
"What details are presented on slide 13 of lecture 4, and could you elaborate on them?",lecture_4_slide_13_compute-knn-defining-k.md
Can you break down what is depicted on slide 13 in lecture 4?,lecture_4_slide_13_compute-knn-defining-k.md
"What is portrayed on slide 13 of lecture 4, and what does it mean?",lecture_4_slide_13_compute-knn-defining-k.md
Could you clarify the information shown on slide 13 in lecture 4?,lecture_4_slide_13_compute-knn-defining-k.md
What is the key message conveyed in slide 13 of lecture 4?,lecture_4_slide_13_compute-knn-defining-k.md
Please explain the concepts discussed on slide 13 during lecture 4.,lecture_4_slide_13_compute-knn-defining-k.md
"What topics are covered on slide 13 in lecture 4, and how should they be understood?",lecture_4_slide_13_compute-knn-defining-k.md
Can you detail the content and purpose of slide 13 from lecture 4?,lecture_4_slide_13_compute-knn-defining-k.md
"What is happening in slide 13 during the fourth lecture, and could you explain its significance?",lecture_4_slide_13_compute-knn-defining-k.md
Can you clarify the content presented on slide 5 of lecture 4?,lecture_4_slide_5_how-supervised-ml-works.md
What is being depicted or discussed on slide 5 of lecture 4?,lecture_4_slide_5_how-supervised-ml-works.md
Could you explain what slide 5 of lecture 4 is about?,lecture_4_slide_5_how-supervised-ml-works.md
What information is conveyed on slide 5 of lecture 4?,lecture_4_slide_5_how-supervised-ml-works.md
Please describe the key points on slide 5 from lecture 4.,lecture_4_slide_5_how-supervised-ml-works.md
What is the main topic of slide 5 in lecture 4?,lecture_4_slide_5_how-supervised-ml-works.md
Could you provide an overview of slide 5 from lecture 4?,lecture_4_slide_5_how-supervised-ml-works.md
What details are covered on slide 5 of the fourth lecture?,lecture_4_slide_5_how-supervised-ml-works.md
Can you summarize the contents of slide 5 from lecture 4?,lecture_4_slide_5_how-supervised-ml-works.md
What is the significance of slide 5 in the context of lecture 4?,lecture_4_slide_5_how-supervised-ml-works.md
Could you describe the content of slide 2 from lecture 4?,lecture_4_slide_2_outline.md
What is depicted on the second slide of lecture 4?,lecture_4_slide_2_outline.md
Can you elaborate on what is happening in slide 2 of the fourth lecture?,lecture_4_slide_2_outline.md
Please interpret the information presented in slide 2 of lecture 4.,lecture_4_slide_2_outline.md
What details are covered in the second slide of the fourth lecture?,lecture_4_slide_2_outline.md
Could you break down the content of slide 2 from lecture 4?,lecture_4_slide_2_outline.md
What can you tell me about slide 2 in lecture 4?,lecture_4_slide_2_outline.md
Can you explain the key points shown on slide 2 of lecture 4?,lecture_4_slide_2_outline.md
What is the focus of slide 2 in the fourth lecture?,lecture_4_slide_2_outline.md
Could you summarize the material presented on slide 2 of lecture 4?,lecture_4_slide_2_outline.md
Could you describe the content of slide 15 from lecture 4?,lecture_4_slide_15_k-nearest-neighbors.md
What is depicted on slide 15 in the fourth lecture?,lecture_4_slide_15_k-nearest-neighbors.md
Can you elaborate on the details presented in slide 15 of lecture 4?,lecture_4_slide_15_k-nearest-neighbors.md
What information is conveyed on slide 15 of the lecture 4 presentation?,lecture_4_slide_15_k-nearest-neighbors.md
Please explain the main points of slide 15 in lecture 4.,lecture_4_slide_15_k-nearest-neighbors.md
What topics are covered on slide 15 of the fourth lecture?,lecture_4_slide_15_k-nearest-neighbors.md
Can you summarize what slide 15 of lecture 4 is about?,lecture_4_slide_15_k-nearest-neighbors.md
What is the subject matter on slide 15 of lecture 4?,lecture_4_slide_15_k-nearest-neighbors.md
Could you provide an explanation for slide 15 in lecture 4?,lecture_4_slide_15_k-nearest-neighbors.md
What details are illustrated on slide 15 of lecture 4?,lecture_4_slide_15_k-nearest-neighbors.md
Can you describe the content of slide 28 from lecture 4?,lecture_4_slide_28_linear-regression.md
What information is presented on slide 28 of the fourth lecture?,lecture_4_slide_28_linear-regression.md
Could you explain the details found on slide 28 from lecture 4?,lecture_4_slide_28_linear-regression.md
What are the key points covered in slide 28 of lecture 4?,lecture_4_slide_28_linear-regression.md
Please break down the material on slide 28 of the fourth lecture.,lecture_4_slide_28_linear-regression.md
What is being discussed on slide 28 of lecture 4?,lecture_4_slide_28_linear-regression.md
Can you summarize what slide 28 in lecture 4 is about?,lecture_4_slide_28_linear-regression.md
What does slide 28 from the fourth lecture talk about?,lecture_4_slide_28_linear-regression.md
Could you clarify what is happening in slide 28 of lecture 4?,lecture_4_slide_28_linear-regression.md
What topics are addressed on slide 28 of the fourth session?,lecture_4_slide_28_linear-regression.md
Can you describe the content of slide 26 from lecture 4?,lecture_4_slide_26_linear-regression-key-assumptions.md
What is explained on slide 26 in the fourth lecture?,lecture_4_slide_26_linear-regression-key-assumptions.md
Could you elaborate on what is shown on slide 26 of lecture 4?,lecture_4_slide_26_linear-regression-key-assumptions.md
What details are presented on slide 26 in lecture four?,lecture_4_slide_26_linear-regression-key-assumptions.md
Please summarize the information on slide 26 of the fourth lecture.,lecture_4_slide_26_linear-regression-key-assumptions.md
What is the main focus of slide 26 in lecture 4?,lecture_4_slide_26_linear-regression-key-assumptions.md
Could you provide an explanation for the material on slide 26 of lecture 4?,lecture_4_slide_26_linear-regression-key-assumptions.md
What key points are covered on slide 26 in the fourth lecture?,lecture_4_slide_26_linear-regression-key-assumptions.md
Can you clarify the content displayed on slide 26 from lecture 4?,lecture_4_slide_26_linear-regression-key-assumptions.md
What does slide 26 in lecture 4 illustrate or demonstrate?,lecture_4_slide_26_linear-regression-key-assumptions.md
Can you describe what is shown in image 1 on slide 24 of lecture 4?,lecture_4_slide_24_img1.md
What is depicted in the first image on the 24th slide of the fourth lecture?,lecture_4_slide_24_img1.md
Could you explain the content of image 1 located on slide 24 from lecture 4?,lecture_4_slide_24_img1.md
Please elaborate on the details of image 1 in slide 24 from the fourth lecture.,lecture_4_slide_24_img1.md
What information does image 1 on slide 24 of lecture 4 convey?,lecture_4_slide_24_img1.md
Could you provide an explanation of the first image on slide 24 from lecture 4?,lecture_4_slide_24_img1.md
What can be interpreted from image 1 on slide 24 in the fourth lecture?,lecture_4_slide_24_img1.md
Describe the elements shown in image 1 of slide 24 from lecture 4.,lecture_4_slide_24_img1.md
What is the significance of the first image on the 24th slide in lecture 4?,lecture_4_slide_24_img1.md
How would you explain the contents of image 1 on slide 24 from lecture 4?,lecture_4_slide_24_img1.md
Could you clarify the details presented on slide 18 of today's lecture?,lecture_4_slide_18_advantages-and-disadvantages.md
What information is conveyed on slide 18 from lecture 4?,lecture_4_slide_18_advantages-and-disadvantages.md
Can you elaborate on the content found on slide 18 in the fourth lecture?,lecture_4_slide_18_advantages-and-disadvantages.md
What is being discussed on slide 18 of lecture 4?,lecture_4_slide_18_advantages-and-disadvantages.md
Please explain the concepts shown on slide 18 from the recent lecture.,lecture_4_slide_18_advantages-and-disadvantages.md
What's the main topic of slide 18 in lecture number 4?,lecture_4_slide_18_advantages-and-disadvantages.md
Could you summarize the key points on slide 18 from lecture 4?,lecture_4_slide_18_advantages-and-disadvantages.md
What are the important details on slide 18 of the fourth lecture?,lecture_4_slide_18_advantages-and-disadvantages.md
Can you describe what's happening on slide 18 of lecture 4?,lecture_4_slide_18_advantages-and-disadvantages.md
How would you interpret the material on slide 18 from the fourth lecture?,lecture_4_slide_18_advantages-and-disadvantages.md
Could you describe what's happening in slide 8 from lecture 4?,lecture_4_slide_8_three-cs-of-ml.md
What information is presented on slide 8 of lecture 4?,lecture_4_slide_8_three-cs-of-ml.md
Can you elaborate on the content of slide 8 in lecture 4?,lecture_4_slide_8_three-cs-of-ml.md
What does slide 8 from lecture 4 illustrate?,lecture_4_slide_8_three-cs-of-ml.md
Please explain the key points of slide 8 in lecture 4.,lecture_4_slide_8_three-cs-of-ml.md
What are the main topics covered in slide 8 of lecture 4?,lecture_4_slide_8_three-cs-of-ml.md
Could you clarify the details shown in slide 8 of lecture 4?,lecture_4_slide_8_three-cs-of-ml.md
What is depicted in slide 8 of lecture 4?,lecture_4_slide_8_three-cs-of-ml.md
Can you go over the concepts introduced in slide 8 of lecture 4?,lecture_4_slide_8_three-cs-of-ml.md
What is the focus of slide 8 in lecture 4?,lecture_4_slide_8_three-cs-of-ml.md
Could you elaborate on the content of slide 22 from lecture 4?,lecture_4_slide_22_linear-regression.md
What details are presented on slide 22 in lecture 4?,lecture_4_slide_22_linear-regression.md
Can you explain the main points on slide 22 of the fourth lecture?,lecture_4_slide_22_linear-regression.md
What is depicted on the 22nd slide of the fourth lecture?,lecture_4_slide_22_linear-regression.md
Could you clarify what's shown in slide 22 of lecture 4?,lecture_4_slide_22_linear-regression.md
What information does slide 22 of the fourth lecture contain?,lecture_4_slide_22_linear-regression.md
Can you provide an overview of the content in slide 22 from lecture 4?,lecture_4_slide_22_linear-regression.md
What are the key elements discussed on slide 22 in lecture 4?,lecture_4_slide_22_linear-regression.md
Please describe the subject matter of slide 22 from lecture 4.,lecture_4_slide_22_linear-regression.md
What is the focus of slide 22 in the fourth lecture?,lecture_4_slide_22_linear-regression.md
Could you provide an explanation of what's happening in slide 14 of lecture 4?,lecture_4_slide_14_k-nearest-neighbors.md
What is the content depicted in slide 14 of the fourth lecture?,lecture_4_slide_14_k-nearest-neighbors.md
Can you describe the details presented in slide 14 from lecture 4?,lecture_4_slide_14_k-nearest-neighbors.md
What information is conveyed on slide 14 of lecture 4?,lecture_4_slide_14_k-nearest-neighbors.md
Could you interpret the material shown on slide 14 in the fourth lecture?,lecture_4_slide_14_k-nearest-neighbors.md
What's the main focus of slide 14 in lecture 4?,lecture_4_slide_14_k-nearest-neighbors.md
How would you summarize the key points of slide 14 from lecture 4?,lecture_4_slide_14_k-nearest-neighbors.md
Can you clarify the subject matter presented on slide 14 of lecture 4?,lecture_4_slide_14_k-nearest-neighbors.md
What's explained in slide 14 of the fourth lecture?,lecture_4_slide_14_k-nearest-neighbors.md
Could you break down the details of slide 14 in lecture 4?,lecture_4_slide_14_k-nearest-neighbors.md
Could you describe the contents of slide 10 from lecture 4?,lecture_4_slide_10_k-nearest-neighbors-knn.md
What information is presented on slide 10 in lecture 4?,lecture_4_slide_10_k-nearest-neighbors-knn.md
Please explain the main points of slide 10 from lecture 4.,lecture_4_slide_10_k-nearest-neighbors-knn.md
What is the focus of slide 10 in the fourth lecture?,lecture_4_slide_10_k-nearest-neighbors-knn.md
Can you summarize what slide 10 from lecture 4 conveys?,lecture_4_slide_10_k-nearest-neighbors-knn.md
What details are highlighted on slide 10 in lecture 4?,lecture_4_slide_10_k-nearest-neighbors-knn.md
Could you go over the material covered on slide 10 of lecture 4?,lecture_4_slide_10_k-nearest-neighbors-knn.md
What discussion is taking place on slide 10 of lecture 4?,lecture_4_slide_10_k-nearest-neighbors-knn.md
Can you break down the key themes of slide 10 from lecture 4?,lecture_4_slide_10_k-nearest-neighbors-knn.md
What is depicted or discussed in slide 10 of the fourth lecture?,lecture_4_slide_10_k-nearest-neighbors-knn.md
Could you explain what's depicted on slide 34 of lecture 4?,lecture_4_slide_34_logistic-regression-types.md
What details are presented on slide 34 from lecture 4?,lecture_4_slide_34_logistic-regression-types.md
Can you provide an explanation of the content on slide 34 of lecture 4?,lecture_4_slide_34_logistic-regression-types.md
What's happening on slide 34 in the fourth lecture?,lecture_4_slide_34_logistic-regression-types.md
Can you describe the information on slide 34 from the fourth lecture?,lecture_4_slide_34_logistic-regression-types.md
What is shown on the 34th slide of lecture 4 and can you explain it?,lecture_4_slide_34_logistic-regression-types.md
Please explain the slide number 34 of the fourth lecture.,lecture_4_slide_34_logistic-regression-types.md
Could you give an overview of what slide 34 in lecture 4 is about?,lecture_4_slide_34_logistic-regression-types.md
What concepts are illustrated on slide 34 in the fourth lecture?,lecture_4_slide_34_logistic-regression-types.md
Can you walk me through what's on slide 34 of the fourth lecture?,lecture_4_slide_34_logistic-regression-types.md
Can you describe the content of image 1 found on slide 5 of lecture 4?,lecture_4_slide_5_img1.md
What details are presented in image 1 on slide number 5 of the fourth lecture?,lecture_4_slide_5_img1.md
Could you elaborate on the first image located in slide 5 of the fourth lecture?,lecture_4_slide_5_img1.md
Please provide an explanation for image 1 on the fifth slide of lecture number 4.,lecture_4_slide_5_img1.md
What is depicted in the first image on the fifth slide of lecture 4?,lecture_4_slide_5_img1.md
Describe the key elements of image 1 in slide 5 from lecture 4.,lecture_4_slide_5_img1.md
What information does image 1 convey on slide 5 of the fourth lecture?,lecture_4_slide_5_img1.md
Give an overview of the content shown in the first image of slide 5 in lecture 4.,lecture_4_slide_5_img1.md
What can you tell me about the first image on the fifth slide from lecture 4?,lecture_4_slide_5_img1.md
Can you explain what is illustrated in image 1 on slide 5 of the fourth lecture?,lecture_4_slide_5_img1.md
Could you provide an explanation of what's depicted in slide 6 of lecture 4?,lecture_4_slide_6_supervised-categories.md
Can you describe the contents of slide 6 from lecture 4?,lecture_4_slide_6_supervised-categories.md
What information is presented on slide 6 in lecture 4?,lecture_4_slide_6_supervised-categories.md
Please elaborate on the details shown in slide 6 of lecture 4.,lecture_4_slide_6_supervised-categories.md
What is the main focus on slide 6 of lecture 4?,lecture_4_slide_6_supervised-categories.md
Could you give a summary of the points covered in slide 6 of lecture 4?,lecture_4_slide_6_supervised-categories.md
What topic is discussed on slide 6 in lecture 4?,lecture_4_slide_6_supervised-categories.md
Can you clarify what's outlined on slide 6 of lecture 4?,lecture_4_slide_6_supervised-categories.md
What is being addressed on slide 6 of the fourth lecture?,lecture_4_slide_6_supervised-categories.md
Could you analyze the content shown on slide 6 in lecture 4?,lecture_4_slide_6_supervised-categories.md
Can you describe the content presented on slide 4 of lecture 4?,lecture_4_slide_4_fundamentals-of-machine-learning.md
What details are highlighted in slide 4 of lecture 4?,lecture_4_slide_4_fundamentals-of-machine-learning.md
Could you provide an explanation for the information on slide 4 of lecture 4?,lecture_4_slide_4_fundamentals-of-machine-learning.md
What is the main focus of slide 4 in lecture 4?,lecture_4_slide_4_fundamentals-of-machine-learning.md
How would you interpret the data or images found on slide 4 of lecture 4?,lecture_4_slide_4_fundamentals-of-machine-learning.md
What does slide 4 of lecture 4 illustrate or demonstrate?,lecture_4_slide_4_fundamentals-of-machine-learning.md
Can you summarize the key points from slide 4 of lecture 4?,lecture_4_slide_4_fundamentals-of-machine-learning.md
What explanation can you give for the concepts on slide 4 of lecture 4?,lecture_4_slide_4_fundamentals-of-machine-learning.md
What is the significance of the material shown on slide 4 of lecture 4?,lecture_4_slide_4_fundamentals-of-machine-learning.md
How can you elaborate on the items discussed in slide 4 of lecture 4?,lecture_4_slide_4_fundamentals-of-machine-learning.md
Could you clarify the content presented on slide 24 of lecture 4?,lecture_4_slide_24_linear-regression.md
What is being depicted on slide 24 of the fourth lecture?,lecture_4_slide_24_linear-regression.md
Can you explain the details found in slide 24 of our fourth lecture?,lecture_4_slide_24_linear-regression.md
What information is contained in slide 24 of lecture number 4?,lecture_4_slide_24_linear-regression.md
Please describe what slide 24 of lecture 4 covers.,lecture_4_slide_24_linear-regression.md
What are the main points discussed on slide 24 during lecture 4?,lecture_4_slide_24_linear-regression.md
Could you provide an explanation for slide 24 in lecture 4?,lecture_4_slide_24_linear-regression.md
What topics are illustrated in slide 24 of the fourth lecture?,lecture_4_slide_24_linear-regression.md
Can you summarize the information found on slide 24 of our fourth lecture?,lecture_4_slide_24_linear-regression.md
What is the focus of slide 24 in the fourth lecture?,lecture_4_slide_24_linear-regression.md
Can you describe the contents of slide 36 from lecture 4?,lecture_4_slide_36_logistic-regression.md
What is being depicted on slide 36 in lecture 4?,lecture_4_slide_36_logistic-regression.md
"Could you interpret the information on lecture 4, slide 36?",lecture_4_slide_36_logistic-regression.md
What are the key points shown on slide 36 of lecture 4?,lecture_4_slide_36_logistic-regression.md
Please explain the details on slide 36 from our fourth lecture.,lecture_4_slide_36_logistic-regression.md
What does slide 36 in lecture 4 illustrate?,lecture_4_slide_36_logistic-regression.md
Can you summarize the main ideas on slide 36 from lecture 4?,lecture_4_slide_36_logistic-regression.md
What information is presented on slide 36 of lecture 4?,lecture_4_slide_36_logistic-regression.md
"How would you explain what's happening on lecture 4, slide 36?",lecture_4_slide_36_logistic-regression.md
Could you clarify the concepts shown on slide 36 in lecture 4?,lecture_4_slide_36_logistic-regression.md
Could you describe the content of slide 35 from lecture 4?,lecture_4_slide_35_logistic-regression-and-ml.md
What is being discussed on slide 35 in the fourth lecture?,lecture_4_slide_35_logistic-regression-and-ml.md
Can you explain the main points covered in slide 35 of lecture 4?,lecture_4_slide_35_logistic-regression-and-ml.md
What details are presented on the 35th slide of the fourth lecture?,lecture_4_slide_35_logistic-regression-and-ml.md
Please summarize what is happening in slide 35 of lecture 4.,lecture_4_slide_35_logistic-regression-and-ml.md
What information is provided on slide 35 of the fourth lecture?,lecture_4_slide_35_logistic-regression-and-ml.md
Could you clarify the subject matter of slide 35 from lecture 4?,lecture_4_slide_35_logistic-regression-and-ml.md
What are the key highlights of slide 35 in lecture 4?,lecture_4_slide_35_logistic-regression-and-ml.md
Could you break down the content of slide 35 in the fourth lecture?,lecture_4_slide_35_logistic-regression-and-ml.md
What is the focus of the discussion on slide 35 of lecture 4?,lecture_4_slide_35_logistic-regression-and-ml.md
Could you elaborate on the content presented in slide 21 of lecture 4?,lecture_4_slide_21_linear-regression.md
Can you explain the main points discussed in slide 21 from the fourth lecture?,lecture_4_slide_21_linear-regression.md
What are the key details depicted in slide 21 of lecture 4?,lecture_4_slide_21_linear-regression.md
Please provide an explanation of slide 21 from lecture 4.,lecture_4_slide_21_linear-regression.md
What information is conveyed in slide 21 of lecture 4?,lecture_4_slide_21_linear-regression.md
Can you break down what's shown on slide 21 from the fourth lecture?,lecture_4_slide_21_linear-regression.md
What are the significant highlights of slide 21 in lecture 4?,lecture_4_slide_21_linear-regression.md
How would you describe the content of slide 21 from the fourth lecture?,lecture_4_slide_21_linear-regression.md
Could you give an overview of what is happening in slide 21 of lecture 4?,lecture_4_slide_21_linear-regression.md
What is the central theme of slide 21 from the fourth lecture?,lecture_4_slide_21_linear-regression.md
Can you provide an explanation of what's happening in slide 31 from lecture 4?,lecture_4_slide_31_logistic-regression.md
What details can you share about slide 31 in the fourth lecture?,lecture_4_slide_31_logistic-regression.md
Could you break down the information presented in slide 31 of lecture 4?,lecture_4_slide_31_logistic-regression.md
What is the key information presented on slide 31 of lecture 4?,lecture_4_slide_31_logistic-regression.md
How would you interpret the contents of slide 31 from lecture 4?,lecture_4_slide_31_logistic-regression.md
Could you elaborate on the data or insights shown on slide 31 in lecture 4?,lecture_4_slide_31_logistic-regression.md
What are the main points or concepts illustrated in slide 31 of the fourth lecture?,lecture_4_slide_31_logistic-regression.md
Can you summarize the main ideas from slide 31 in lecture 4?,lecture_4_slide_31_logistic-regression.md
What explanation can you offer regarding slide 31 in the series of lectures I'm studying?,lecture_4_slide_31_logistic-regression.md
"In lecture 4, what is the significance of the information on slide 31?",lecture_4_slide_31_logistic-regression.md
Could you clarify the content of slide 27 in lecture 4?,lecture_4_slide_27_linear-regression-data-assumptions.md
What is being discussed in slide 27 of lecture 4?,lecture_4_slide_27_linear-regression-data-assumptions.md
Can you explain the details presented in slide 27 from lecture 4?,lecture_4_slide_27_linear-regression-data-assumptions.md
What information is conveyed on slide 27 in the fourth lecture?,lecture_4_slide_27_linear-regression-data-assumptions.md
Please provide an explanation of the material found on slide 27 of lecture 4.,lecture_4_slide_27_linear-regression-data-assumptions.md
What are the key points covered on slide 27 of lecture 4?,lecture_4_slide_27_linear-regression-data-assumptions.md
Could you summarize the main ideas on slide 27 from the fourth lecture?,lecture_4_slide_27_linear-regression-data-assumptions.md
What themes or concepts are introduced on slide 27 of lecture 4?,lecture_4_slide_27_linear-regression-data-assumptions.md
Would you explain what's shown on slide 27 in lecture 4?,lecture_4_slide_27_linear-regression-data-assumptions.md
Can you break down the content of slide 27 from the fourth lecture?,lecture_4_slide_27_linear-regression-data-assumptions.md
Could you describe the content presented on slide 19 of lecture 4?,lecture_4_slide_19_remember.md
What information does slide 19 of lecture 4 convey?,lecture_4_slide_19_remember.md
Can you explain the details found on slide 19 of lecture 4?,lecture_4_slide_19_remember.md
What is the main focus of slide 19 in lecture 4?,lecture_4_slide_19_remember.md
How would you summarize the material covered on slide 19 of lecture 4?,lecture_4_slide_19_remember.md
Can you provide an overview of slide 19 from lecture 4?,lecture_4_slide_19_remember.md
What key points are discussed on slide 19 in lecture 4?,lecture_4_slide_19_remember.md
Could you clarify the topic addressed in slide 19 of lecture 4?,lecture_4_slide_19_remember.md
What is being illustrated on slide 19 of lecture 4?,lecture_4_slide_19_remember.md
Can you interpret the information shown on slide 19 of lecture 4?,lecture_4_slide_19_remember.md
Can you describe the content of slide 30 from lecture 4?,lecture_4_slide_30_logistic-regression.md
What information is presented on slide 30 in the fourth lecture?,lecture_4_slide_30_logistic-regression.md
Could you elaborate on the details of slide 30 in lecture 4?,lecture_4_slide_30_logistic-regression.md
What is depicted on slide 30 of the fourth lecture?,lecture_4_slide_30_logistic-regression.md
Please explain the main points on slide 30 of lecture 4.,lecture_4_slide_30_logistic-regression.md
What are the key topics covered in slide 30 from the lecture 4 presentation?,lecture_4_slide_30_logistic-regression.md
How would you interpret the data or content shown on slide 30 in lecture 4?,lecture_4_slide_30_logistic-regression.md
What is the subject matter of slide 30 in the fourth lecture?,lecture_4_slide_30_logistic-regression.md
What does slide 30 of lecture 4 focus on?,lecture_4_slide_30_logistic-regression.md
Could you summarize the information displayed on slide 30 in lecture 4?,lecture_4_slide_30_logistic-regression.md
Can you elaborate on the diagram shown on slide 6 in the fourth lecture?,lecture_4_slide_6_img1.md
Please provide an explanation for the image found on slide 6 of lecture 4.,lecture_4_slide_6_img1.md
Could you describe the illustration located on slide 6 of the fourth lecture?,lecture_4_slide_6_img1.md
What is depicted in the picture on slide 6 of lecture 4?,lecture_4_slide_6_img1.md
"Please explain the chart displayed in lecture 4, slide 6.",lecture_4_slide_6_img1.md
Could you break down the content of image 1 on slide 6 from lecture 4?,lecture_4_slide_6_img1.md
I'd like an explanation of the visual on slide 6 in our fourth lecture.,lecture_4_slide_6_img1.md
What information is conveyed in the image on slide 6 from the fourth session?,lecture_4_slide_6_img1.md
Can you detail what is shown in image 1 from slide 6 in lecture 4?,lecture_4_slide_6_img1.md
Please provide a summary of the diagram featured on slide 6 of lecture 4.,lecture_4_slide_6_img1.md
Can you clarify the contents of slide 7 from lecture 4?,lecture_4_slide_7_three-cs-of-ml.md
What is being discussed in slide 7 of lecture 4?,lecture_4_slide_7_three-cs-of-ml.md
Could you elaborate on the information presented in slide 7 of the fourth lecture?,lecture_4_slide_7_three-cs-of-ml.md
What details are covered on slide 7 of lecture 4?,lecture_4_slide_7_three-cs-of-ml.md
Could you explain the main points presented on slide 7 from lecture 4?,lecture_4_slide_7_three-cs-of-ml.md
What is the focus of slide 7 in lecture 4?,lecture_4_slide_7_three-cs-of-ml.md
Please explain the subject matter of slide 7 in the fourth lecture.,lecture_4_slide_7_three-cs-of-ml.md
What information is conveyed in slide 7 of the lecture 4?,lecture_4_slide_7_three-cs-of-ml.md
Can you provide an overview of slide 7 from lecture 4?,lecture_4_slide_7_three-cs-of-ml.md
What is the content theme of slide 7 in the fourth lecture?,lecture_4_slide_7_three-cs-of-ml.md
Can you describe the content of slide 16 from lecture 4?,lecture_4_slide_16_compute-knn-code.md
What information is presented on slide 16 in lecture 4?,lecture_4_slide_16_compute-knn-code.md
Could you clarify the details discussed on slide 16 of lecture 4?,lecture_4_slide_16_compute-knn-code.md
What is the main topic addressed in slide 16 of lecture 4?,lecture_4_slide_16_compute-knn-code.md
Please summarize the key points from slide 16 of lecture 4.,lecture_4_slide_16_compute-knn-code.md
What does slide 16 from the fourth lecture cover?,lecture_4_slide_16_compute-knn-code.md
Could you explain the subject matter of slide 16 from lecture 4?,lecture_4_slide_16_compute-knn-code.md
What is depicted or explained on slide 16 in lecture 4?,lecture_4_slide_16_compute-knn-code.md
Can you elaborate on the details found in slide 16 of the fourth lecture?,lecture_4_slide_16_compute-knn-code.md
What are the key highlights noted on slide 16 during lecture 4?,lecture_4_slide_16_compute-knn-code.md
Could you elaborate on the contents of slide 17 from lecture 4?,lecture_4_slide_17_applications-of-k-nn.md
What is happening in slide 17 of lecture 4?,lecture_4_slide_17_applications-of-k-nn.md
Can you provide an explanation of slide 17 from the fourth lecture?,lecture_4_slide_17_applications-of-k-nn.md
Please describe what slide 17 of lecture 4 is about.,lecture_4_slide_17_applications-of-k-nn.md
What details are presented on slide 17 of the fourth lecture?,lecture_4_slide_17_applications-of-k-nn.md
What information is conveyed in slide 17 of lecture 4?,lecture_4_slide_17_applications-of-k-nn.md
Could you walk through slide 17 from lecture 4 for me?,lecture_4_slide_17_applications-of-k-nn.md
What does slide 17 in lecture 4 illustrate or depict?,lecture_4_slide_17_applications-of-k-nn.md
Would you mind explaining the key points on slide 17 of lecture 4?,lecture_4_slide_17_applications-of-k-nn.md
Can you summarize the main ideas shared on slide 17 of lecture 4?,lecture_4_slide_17_applications-of-k-nn.md
Could you describe what is shown in image 1 on slide 23 of lecture 4?,lecture_4_slide_23_img1.md
Can you provide an explanation of the first image on the 23rd slide of lecture 4?,lecture_4_slide_23_img1.md
What does image 1 illustrate on slide number 23 in the fourth lecture?,lecture_4_slide_23_img1.md
Please explain the content of the first image on slide 23 from lecture 4.,lecture_4_slide_23_img1.md
Could you go over the details of image 1 displayed on the 23rd slide of the fourth lecture?,lecture_4_slide_23_img1.md
"What is depicted in image 1 of slide 23 from lecture 4, and can you explain it?",lecture_4_slide_23_img1.md
"In lecture 4, what does the first image on the 23rd slide represent?",lecture_4_slide_23_img1.md
How would you interpret the first image found on slide 23 in the fourth lecture?,lecture_4_slide_23_img1.md
Can you describe the significance of image 1 on slide 23 in the context of lecture 4?,lecture_4_slide_23_img1.md
Please elaborate on what is shown in the first image of slide 23 in lecture 4.,lecture_4_slide_23_img1.md
Could you describe the content of slide 32 from lecture 4?,lecture_4_slide_32_logistic-regression-equation.md
What information is presented on slide 32 in lecture 4?,lecture_4_slide_32_logistic-regression-equation.md
Can you explain the main points of slide 32 from the fourth lecture?,lecture_4_slide_32_logistic-regression-equation.md
What details are covered in slide 32 of the fourth lecture?,lecture_4_slide_32_logistic-regression-equation.md
How would you summarize the material on slide 32 from lecture 4?,lecture_4_slide_32_logistic-regression-equation.md
What is being discussed in slide 32 of the lecture 4 presentation?,lecture_4_slide_32_logistic-regression-equation.md
Could you clarify the topics shown on slide 32 of the fourth lecture?,lecture_4_slide_32_logistic-regression-equation.md
What is the focus of slide 32 in the lecture 4 slides?,lecture_4_slide_32_logistic-regression-equation.md
Can you break down the key elements of slide 32 from the fourth lecture?,lecture_4_slide_32_logistic-regression-equation.md
What are the main concepts illustrated in slide 32 of lecture 4?,lecture_4_slide_32_logistic-regression-equation.md
Can you describe the contents of image 1 found on slide 7 of lecture 4?,lecture_4_slide_7_img1.md
What is depicted in image 1 on slide 7 of the fourth lecture?,lecture_4_slide_7_img1.md
Please interpret the visual in image 1 of slide 7 from lecture 4.,lecture_4_slide_7_img1.md
Could you elucidate the details of image 1 on the seventh slide of lecture 4?,lecture_4_slide_7_img1.md
What does image 1 illustrate on slide 7 of the fourth lecture?,lecture_4_slide_7_img1.md
Provide an explanation of the first image on slide 7 in lecture 4.,lecture_4_slide_7_img1.md
Can you give a breakdown of what image 1 shows on slide 7 in lecture 4?,lecture_4_slide_7_img1.md
What information does image 1 on the seventh slide of lecture 4 convey?,lecture_4_slide_7_img1.md
How would you explain the elements of image 1 on slide 7 in lecture 4?,lecture_4_slide_7_img1.md
Could you clarify the content and meaning of image 1 found on slide 7 of lecture 4?,lecture_4_slide_7_img1.md
Can you elaborate on the contents of slide 11 from lecture 4?,lecture_4_slide_11_compute-knn-distance-metrics.md
Could you clarify what is being depicted on slide 11 of the fourth lecture?,lecture_4_slide_11_compute-knn-distance-metrics.md
What details are presented on the eleventh slide of lecture number 4?,lecture_4_slide_11_compute-knn-distance-metrics.md
Please explain the main points on slide 11 from the fourth lecture.,lecture_4_slide_11_compute-knn-distance-metrics.md
What information is being conveyed on slide 11 in lecture 4?,lecture_4_slide_11_compute-knn-distance-metrics.md
Can you describe what is happening on slide 11 of the fourth lecture?,lecture_4_slide_11_compute-knn-distance-metrics.md
What is the key message on slide 11 from lecture four?,lecture_4_slide_11_compute-knn-distance-metrics.md
Could you break down the information shown on slide 11 during lecture 4?,lecture_4_slide_11_compute-knn-distance-metrics.md
How would you summarize slide 11 of lecture 4?,lecture_4_slide_11_compute-knn-distance-metrics.md
What are the main takeaways from the eleventh slide of lecture 4?,lecture_4_slide_11_compute-knn-distance-metrics.md
Could you describe the content of slide 25 from lecture 4?,lecture_4_slide_25_linear-regression.md
What is being discussed on slide 25 of the fourth lecture?,lecture_4_slide_25_linear-regression.md
Can you explain the main points covered in slide 25 of lecture 4?,lecture_4_slide_25_linear-regression.md
What topics are addressed on slide 25 from the fourth lecture?,lecture_4_slide_25_linear-regression.md
Please explain the information presented on slide 25 in lecture 4.,lecture_4_slide_25_linear-regression.md
What details are provided on slide 25 of the fourth lecture?,lecture_4_slide_25_linear-regression.md
Could you summarize what's happening on slide 25 of lecture 4?,lecture_4_slide_25_linear-regression.md
What are the key elements outlined on slide 25 from lecture 4?,lecture_4_slide_25_linear-regression.md
Can you give an overview of the content on slide 25 of the fourth lecture?,lecture_4_slide_25_linear-regression.md
What's the focus of slide 25 in lecture 4?,lecture_4_slide_25_linear-regression.md
Can you clarify the content presented in slide 12 of lecture 4?,lecture_4_slide_12_compute-knn-defining-k.md
What details are discussed in slide 12 of the fourth lecture?,lecture_4_slide_12_compute-knn-defining-k.md
Could you elaborate on the information shown in slide 12 of lecture 4?,lecture_4_slide_12_compute-knn-defining-k.md
What is being illustrated in slide 12 of the fourth lecture?,lecture_4_slide_12_compute-knn-defining-k.md
Please provide an explanation for slide 12 in lecture 4.,lecture_4_slide_12_compute-knn-defining-k.md
What insights are covered on slide 12 during lecture 4?,lecture_4_slide_12_compute-knn-defining-k.md
Could you break down the points on slide 12 of the fourth lecture?,lecture_4_slide_12_compute-knn-defining-k.md
What topics are addressed in slide 12 of lecture 4?,lecture_4_slide_12_compute-knn-defining-k.md
Can you provide an analysis of slide 12 from lecture 4?,lecture_4_slide_12_compute-knn-defining-k.md
What is the main focus of slide 12 in lecture 4?,lecture_4_slide_12_compute-knn-defining-k.md
Can you describe the content of slide 33 from lecture 4?,lecture_4_slide_33_logistic-regression.md
What is happening on slide 33 of the fourth lecture?,lecture_4_slide_33_logistic-regression.md
Could you elucidate on the details of slide 33 from lecture 4?,lecture_4_slide_33_logistic-regression.md
Please explain the information presented on slide 33 of lecture 4.,lecture_4_slide_33_logistic-regression.md
What is depicted in slide 33 of the fourth lecture?,lecture_4_slide_33_logistic-regression.md
Could you go over what is shown in slide 33 of lecture 4?,lecture_4_slide_33_logistic-regression.md
I would like a breakdown of what is covered in slide 33 from lecture 4.,lecture_4_slide_33_logistic-regression.md
Can you provide an analysis of slide 33 in lecture number 4?,lecture_4_slide_33_logistic-regression.md
Please clarify the key points illustrated on slide 33 of lecture 4.,lecture_4_slide_33_logistic-regression.md
Could you summarize the main ideas on slide 33 from the fourth lecture?,lecture_4_slide_33_logistic-regression.md
Could you describe the content of slide 32 from lecture 3?,lecture_3_slide_32_k-means-algorithm-mini-batch.md
What information is presented on slide 32 in lecture 3?,lecture_3_slide_32_k-means-algorithm-mini-batch.md
Can you explain the key points covered in slide 32 of the third lecture?,lecture_3_slide_32_k-means-algorithm-mini-batch.md
What topics are addressed in slide 32 of lecture 3?,lecture_3_slide_32_k-means-algorithm-mini-batch.md
Please elaborate on what is depicted in slide 32 of the third lecture.,lecture_3_slide_32_k-means-algorithm-mini-batch.md
What are the main highlights of slide 32 in lecture 3?,lecture_3_slide_32_k-means-algorithm-mini-batch.md
How can you summarize the content found on slide 32 of lecture 3?,lecture_3_slide_32_k-means-algorithm-mini-batch.md
What details are covered in slide 32 of the third lecture?,lecture_3_slide_32_k-means-algorithm-mini-batch.md
Can you break down the concepts illustrated in slide 32 of lecture 3?,lecture_3_slide_32_k-means-algorithm-mini-batch.md
What is the focus of slide 32 in lecture 3?,lecture_3_slide_32_k-means-algorithm-mini-batch.md
Can you clarify the content presented on slide 43 from lecture 3?,lecture_3_slide_43_dbscan-algorithm.md
What details are covered on the 43rd slide of the third lecture?,lecture_3_slide_43_dbscan-algorithm.md
Could you provide an explanation of slide 43 in lecture 3?,lecture_3_slide_43_dbscan-algorithm.md
What are the main points discussed in slide 43 of the third lecture?,lecture_3_slide_43_dbscan-algorithm.md
Give a breakdown of what slide 43 in lecture 3 is about.,lecture_3_slide_43_dbscan-algorithm.md
How would you describe the information on slide 43 from lecture 3?,lecture_3_slide_43_dbscan-algorithm.md
What concepts are highlighted on the 43rd slide of the third lecture?,lecture_3_slide_43_dbscan-algorithm.md
Could you summarize the key ideas from slide 43 of lecture 3?,lecture_3_slide_43_dbscan-algorithm.md
What is the focus of slide 43 in lecture 3?,lecture_3_slide_43_dbscan-algorithm.md
Explain the significance of what's shown on slide 43 from lecture 3.,lecture_3_slide_43_dbscan-algorithm.md
Could you clarify the content presented on slide 35 of lecture 3?,lecture_3_slide_35_elbow-method.md
What details are covered on slide 35 in the third lecture?,lecture_3_slide_35_elbow-method.md
Please provide an explanation of what's depicted on slide 35 from lecture 3.,lecture_3_slide_35_elbow-method.md
Can you describe the information on slide 35 of the third lecture?,lecture_3_slide_35_elbow-method.md
What is being discussed on slide 35 in lecture 3?,lecture_3_slide_35_elbow-method.md
Could you walk me through the points on slide 35 of lecture 3?,lecture_3_slide_35_elbow-method.md
What topics are addressed on slide 35 in the third lecture?,lecture_3_slide_35_elbow-method.md
Can you shed some light on the material presented on slide 35 of lecture 3?,lecture_3_slide_35_elbow-method.md
What are the key points of slide 35 from lecture 3?,lecture_3_slide_35_elbow-method.md
Please elaborate on the subject matter of slide 35 in lecture 3.,lecture_3_slide_35_elbow-method.md
Could you elaborate on what's depicted in slide 26 of lecture 3?,lecture_3_slide_26_k-means-algorithm.md
What information is presented in slide 26 of lecture 3?,lecture_3_slide_26_k-means-algorithm.md
Can you explain the content shown on slide 26 of lecture 3?,lecture_3_slide_26_k-means-algorithm.md
What is being illustrated in slide 26 from lecture 3?,lecture_3_slide_26_k-means-algorithm.md
Please describe the details of slide 26 from the third lecture.,lecture_3_slide_26_k-means-algorithm.md
What points are discussed on slide 26 of the third lecture?,lecture_3_slide_26_k-means-algorithm.md
Could you provide an explanation of slide 26 from lecture 3?,lecture_3_slide_26_k-means-algorithm.md
What topic is covered on slide 26 of lecture 3?,lecture_3_slide_26_k-means-algorithm.md
Can you provide insights into what's on slide 26 of lecture 3?,lecture_3_slide_26_k-means-algorithm.md
How is the information on slide 26 from lecture 3 presented?,lecture_3_slide_26_k-means-algorithm.md
Could you provide an explanation of what is happening on slide 10 from lecture 3?,lecture_3_slide_10_unsupervised-learning.md
What details are covered in slide 10 of lecture 3?,lecture_3_slide_10_unsupervised-learning.md
Can you describe the content of slide 10 in lecture 3?,lecture_3_slide_10_unsupervised-learning.md
What is the main focus of slide 10 in the third lecture?,lecture_3_slide_10_unsupervised-learning.md
Could you break down the information presented on slide 10 of lecture 3?,lecture_3_slide_10_unsupervised-learning.md
What does slide 10 in lecture 3 talk about?,lecture_3_slide_10_unsupervised-learning.md
Can you summarize the key points from slide 10 of the third lecture?,lecture_3_slide_10_unsupervised-learning.md
What is illustrated on slide 10 of lecture 3?,lecture_3_slide_10_unsupervised-learning.md
How does slide 10 contribute to the overall theme of lecture 3?,lecture_3_slide_10_unsupervised-learning.md
Could you detail the topics discussed on slide 10 during lecture 3?,lecture_3_slide_10_unsupervised-learning.md
Can you describe the content of slide 29 from lecture 3?,lecture_3_slide_29_k-means-algorithm.md
What information is presented in slide 29 of the third lecture?,lecture_3_slide_29_k-means-algorithm.md
What is depicted on slide 29 in lecture 3?,lecture_3_slide_29_k-means-algorithm.md
Could you elaborate on what slide 29 of lecture 3 is about?,lecture_3_slide_29_k-means-algorithm.md
What does slide 29 cover in the third lecture?,lecture_3_slide_29_k-means-algorithm.md
Please explain the details shown on slide 29 of lecture 3.,lecture_3_slide_29_k-means-algorithm.md
What are the key points on slide 29 from lecture 3?,lecture_3_slide_29_k-means-algorithm.md
Could you summarize what slide 29 of the third lecture discusses?,lecture_3_slide_29_k-means-algorithm.md
What subject matter is explored on slide 29 in lecture 3?,lecture_3_slide_29_k-means-algorithm.md
What is the main focus of slide 29 in the third lecture?,lecture_3_slide_29_k-means-algorithm.md
"Can you describe the image found on slide 3, lecture 3?",lecture_3_slide_3_img1.md
What details are in the first image on slide 3 of the third lecture?,lecture_3_slide_3_img1.md
Please provide an explanation for image 1 in slide 3 of lecture 3.,lecture_3_slide_3_img1.md
What does image 1 depict on slide 3 in lecture 3?,lecture_3_slide_3_img1.md
Could you clarify the content of the first image on slide 3 from lecture 3?,lecture_3_slide_3_img1.md
What is illustrated by image 1 on slide 3 in the third lecture?,lecture_3_slide_3_img1.md
Can you explain what is shown in the image on slide 3 of lecture 3?,lecture_3_slide_3_img1.md
Describe the contents of the first image on slide 3 from the third lecture.,lecture_3_slide_3_img1.md
What is the significance of the first image on slide 3 of lecture 3?,lecture_3_slide_3_img1.md
"Could you interpret the image found on slide 3, lecture 3?",lecture_3_slide_3_img1.md
Could you describe the content of slide 44 from lecture 3?,lecture_3_slide_44_example.md
What is depicted on slide 44 of the third lecture?,lecture_3_slide_44_example.md
Can you explain the main points on slide 44 from lecture 3?,lecture_3_slide_44_example.md
What information is presented on slide 44 of lecture 3?,lecture_3_slide_44_example.md
Could you clarify the details shown on slide 44 in the third lecture?,lecture_3_slide_44_example.md
Please summarize what slide 44 of lecture 3 covers.,lecture_3_slide_44_example.md
What topics are discussed on slide 44 in lecture 3?,lecture_3_slide_44_example.md
Can you provide an overview of slide 44 in the third lecture?,lecture_3_slide_44_example.md
What are the key takeaways from slide 44 of lecture 3?,lecture_3_slide_44_example.md
Could you elaborate on the content featured in slide 44 from lecture 3?,lecture_3_slide_44_example.md
Could you provide an explanation of the content presented on slide 33 from lecture 3?,lecture_3_slide_33_silhouette-score.md
What are the key points discussed on slide 33 of lecture 3?,lecture_3_slide_33_silhouette-score.md
Can you break down the information shown in slide 33 from our third lecture?,lecture_3_slide_33_silhouette-score.md
What topics are being covered on slide 33 in the third lecture?,lecture_3_slide_33_silhouette-score.md
Could you elaborate on the details found on slide 33 of lecture 3?,lecture_3_slide_33_silhouette-score.md
"What is depicted on slide 33 of lecture 3, and can you explain it?",lecture_3_slide_33_silhouette-score.md
Can you summarize the main ideas presented on slide 33 from the third lecture?,lecture_3_slide_33_silhouette-score.md
Would you mind explaining the contents of slide 33 in lecture 3?,lecture_3_slide_33_silhouette-score.md
What information is conveyed on slide 33 of our third lecture?,lecture_3_slide_33_silhouette-score.md
Please clarify what is happening on slide 33 of lecture 3.,lecture_3_slide_33_silhouette-score.md
Could you describe the content presented in slide 34 of the third lecture?,lecture_3_slide_34_silhouette-score.md
What information is being conveyed on slide 34 from lecture 3?,lecture_3_slide_34_silhouette-score.md
Can you break down the details of slide 34 found in the third lecture?,lecture_3_slide_34_silhouette-score.md
What is the subject matter of slide 34 in lecture 3?,lecture_3_slide_34_silhouette-score.md
Please explain the concepts illustrated in slide 34 of the third lecture.,lecture_3_slide_34_silhouette-score.md
How would you interpret the data on slide 34 of lecture 3?,lecture_3_slide_34_silhouette-score.md
What are the main ideas discussed on slide 34 during lecture 3?,lecture_3_slide_34_silhouette-score.md
Can you provide an analysis of slide 34 from lecture 3?,lecture_3_slide_34_silhouette-score.md
What points are highlighted on slide 34 of the third lecture?,lecture_3_slide_34_silhouette-score.md
Could you clarify the content of slide 34 from lecture 3?,lecture_3_slide_34_silhouette-score.md
Could you please describe the contents of image 1 found on slide 33 from lecture 3?,lecture_3_slide_33_img1.md
What does image 1 on slide 33 of lecture 3 illustrate?,lecture_3_slide_33_img1.md
Can you explain the details presented in image 1 on slide 33 of lecture 3?,lecture_3_slide_33_img1.md
What is the significance of image 1 displayed on slide 33 in lecture 3?,lecture_3_slide_33_img1.md
Could you provide an explanation for image 1 that appears on slide 33 of lecture 3?,lecture_3_slide_33_img1.md
What information is conveyed by image 1 on slide 33 of the third lecture?,lecture_3_slide_33_img1.md
How would you describe image 1 shown on slide 33 during lecture 3?,lecture_3_slide_33_img1.md
What key points are highlighted in image 1 on slide 33 from the third lecture?,lecture_3_slide_33_img1.md
Can you summarize the main themes of image 1 on slide 33 in lecture 3?,lecture_3_slide_33_img1.md
What details are depicted in image 1 located on slide 33 of lecture 3?,lecture_3_slide_33_img1.md
Could you clarify the content presented on slide 47 of lecture 3?,lecture_3_slide_47_hierarchal-clustering.md
What is depicted on slide 47 of the third lecture?,lecture_3_slide_47_hierarchal-clustering.md
Can you describe what slide 47 of lecture 3 discusses?,lecture_3_slide_47_hierarchal-clustering.md
What are the main points covered on slide 47 in the third lecture?,lecture_3_slide_47_hierarchal-clustering.md
Could you provide an explanation for the material on slide 47 of lecture 3?,lecture_3_slide_47_hierarchal-clustering.md
What information is being conveyed on slide 47 from lecture 3?,lecture_3_slide_47_hierarchal-clustering.md
Please explain the details highlighted on slide 47 of lecture three.,lecture_3_slide_47_hierarchal-clustering.md
What is the significance of slide 47 in the context of lecture 3?,lecture_3_slide_47_hierarchal-clustering.md
Can you give an overview of what slide 47 in lecture 3 is about?,lecture_3_slide_47_hierarchal-clustering.md
What does slide 47 represent in the third lecture?,lecture_3_slide_47_hierarchal-clustering.md
Could you provide an explanation of what's depicted on slide 36 from lecture 3?,lecture_3_slide_36_issues-of-k-means.md
What is the main focus of slide 36 in the third lecture?,lecture_3_slide_36_issues-of-k-means.md
Can you break down the content of slide 36 from the third lecture?,lecture_3_slide_36_issues-of-k-means.md
What information is being conveyed on slide 36 of lecture 3?,lecture_3_slide_36_issues-of-k-means.md
Please explain the key points highlighted on slide 36 from lecture 3.,lecture_3_slide_36_issues-of-k-means.md
What is discussed on slide 36 in the context of lecture 3?,lecture_3_slide_36_issues-of-k-means.md
Can you describe what is happening on slide 36 in lecture 3?,lecture_3_slide_36_issues-of-k-means.md
What are the core concepts shown on slide 36 from lecture 3?,lecture_3_slide_36_issues-of-k-means.md
Could you summarize what's happening in slide 36 of the third lecture?,lecture_3_slide_36_issues-of-k-means.md
What details are presented on slide 36 in the context of lecture 3?,lecture_3_slide_36_issues-of-k-means.md
Can you describe the content covered in slide 31 of lecture 3?,lecture_3_slide_31_k-means-algorithm.md
What information is presented on slide 31 of lecture 3?,lecture_3_slide_31_k-means-algorithm.md
Could you clarify the main topics discussed on slide 31 of lecture 3?,lecture_3_slide_31_k-means-algorithm.md
What is the focus of slide 31 in the third lecture?,lecture_3_slide_31_k-means-algorithm.md
Please explain the details shown on slide 31 of lecture 3.,lecture_3_slide_31_k-means-algorithm.md
What are the key points highlighted on slide 31 of the third lecture?,lecture_3_slide_31_k-means-algorithm.md
Can you provide an overview of what's depicted on slide 31 of lecture 3?,lecture_3_slide_31_k-means-algorithm.md
What is discussed on slide 31 in lecture 3?,lecture_3_slide_31_k-means-algorithm.md
Could you summarize the content of slide 31 from lecture 3?,lecture_3_slide_31_k-means-algorithm.md
What's happening on slide 31 in the third lecture session?,lecture_3_slide_31_k-means-algorithm.md
Could you describe the contents of image 1 found on slide 28 of the third lecture?,lecture_3_slide_28_img1.md
What details are shown in the first image on slide 28 of lecture 3?,lecture_3_slide_28_img1.md
Please explain what's depicted in image 1 on slide 28 from lecture three.,lecture_3_slide_28_img1.md
Can you break down the elements of image 1 on the 28th slide of the third lecture?,lecture_3_slide_28_img1.md
What is illustrated in image 1 on slide 28 of lecture 3?,lecture_3_slide_28_img1.md
Can you discuss the details of the first image on slide 28 from the third lecture?,lecture_3_slide_28_img1.md
Describe the main components of image 1 located on slide 28 in the third lecture.,lecture_3_slide_28_img1.md
What can be seen in image 1 on the 28th slide of the third lecture?,lecture_3_slide_28_img1.md
Please provide an explanation for image 1 that appears on slide 28 of lecture three.,lecture_3_slide_28_img1.md
What information does image 1 convey on slide 28 of the third lecture?,lecture_3_slide_28_img1.md
Could you describe the contents of image 1 found in slide 38 of lecture 3?,lecture_3_slide_38_img1.md
What details can be extracted from image 1 on slide 38 of the third lecture?,lecture_3_slide_38_img1.md
Please clarify the elements of image 1 located on slide 38 of lecture 3.,lecture_3_slide_38_img1.md
How would you explain the information presented in image 1 on slide 38 from lecture 3?,lecture_3_slide_38_img1.md
Can you provide an explanation of image 1 from slide 38 in the third lecture?,lecture_3_slide_38_img1.md
What is depicted in image 1 on the 38th slide of lecture 3?,lecture_3_slide_38_img1.md
"Could you elaborate on the image found on slide 38, labeled as image 1, in lecture 3?",lecture_3_slide_38_img1.md
What insights are conveyed through image 1 on slide 38 of the third lecture?,lecture_3_slide_38_img1.md
Can you interpret the meaning of image 1 that appears on slide 38 during lecture 3?,lecture_3_slide_38_img1.md
What content is illustrated in image 1 on slide 38 of lecture 3?,lecture_3_slide_38_img1.md
Could you provide an explanation of the content presented on slide 28 of lecture 3?,lecture_3_slide_28_k-means-algorithm.md
"What information is covered on slide 28 of lecture 3, and how does it relate to the overall topic?",lecture_3_slide_28_k-means-algorithm.md
Please describe the key points discussed on slide 28 from lecture 3.,lecture_3_slide_28_k-means-algorithm.md
Could you clarify the main concepts illustrated on slide 28 of the third lecture?,lecture_3_slide_28_k-means-algorithm.md
What is the significance of the information presented on slide 28 in lecture 3?,lecture_3_slide_28_k-means-algorithm.md
Can you summarize the contents and importance of slide 28 within the context of lecture 3?,lecture_3_slide_28_k-means-algorithm.md
"In lecture 3, what are the major themes or data highlighted on slide 28?",lecture_3_slide_28_k-means-algorithm.md
Could you detail what's happening on slide 28 of the third lecture and its relevance?,lecture_3_slide_28_k-means-algorithm.md
Please explain the primary focus and any insights from slide 28 in lecture number three.,lecture_3_slide_28_k-means-algorithm.md
"What topics are addressed on slide 28 of the third lecture, and how should they be interpreted?",lecture_3_slide_28_k-means-algorithm.md
Can you describe the content of image 1 found on slide 17 of lecture 3?,lecture_3_slide_17_img1.md
What is depicted in image 1 on slide 17 from lecture 3?,lecture_3_slide_17_img1.md
Could you explain what image 1 portrays in slide 17 of the third lecture?,lecture_3_slide_17_img1.md
Please interpret the meaning of image 1 on slide 17 in lecture 3.,lecture_3_slide_17_img1.md
What information is conveyed by image 1 on slide 17 of lecture 3?,lecture_3_slide_17_img1.md
Provide an explanation for image 1 on the seventeenth slide of lecture 3.,lecture_3_slide_17_img1.md
What does image 1 illustrate on slide 17 in the third lecture?,lecture_3_slide_17_img1.md
"How would you describe the image on slide 17, number 1, from the third lecture?",lecture_3_slide_17_img1.md
Can you give a detailed explanation of image 1 on slide 17 in lecture 3?,lecture_3_slide_17_img1.md
What is the significance of image 1 on the seventeenth slide of the third lecture?,lecture_3_slide_17_img1.md
Could you elaborate on the content of slide 27 from lecture 3?,lecture_3_slide_27_k-means-algorithm.md
What information is presented on slide 27 of our third lecture?,lecture_3_slide_27_k-means-algorithm.md
Can you break down the details found on slide 27 from the third lecture?,lecture_3_slide_27_k-means-algorithm.md
What concepts are being illustrated in slide 27 of lecture three?,lecture_3_slide_27_k-means-algorithm.md
Please interpret the material displayed on slide 27 of lecture 3.,lecture_3_slide_27_k-means-algorithm.md
Could you provide an analysis of slide 27 from lecture 3?,lecture_3_slide_27_k-means-algorithm.md
What is depicted on slide 27 of the third lecture session?,lecture_3_slide_27_k-means-algorithm.md
Can you summarize the key points from slide 27 in lecture 3?,lecture_3_slide_27_k-means-algorithm.md
Could you clarify what slide 27 of lecture 3 is addressing?,lecture_3_slide_27_k-means-algorithm.md
What are the main ideas covered on slide 27 of lecture 3?,lecture_3_slide_27_k-means-algorithm.md
Can you describe the content of slide 39 from lecture 3?,lecture_3_slide_39_density-clustering.md
What is happening on slide 39 in lecture 3?,lecture_3_slide_39_density-clustering.md
Could you explain the main points presented on slide 39 of lecture 3?,lecture_3_slide_39_density-clustering.md
Please summarize the information shown on slide 39 of the third lecture.,lecture_3_slide_39_density-clustering.md
What details are covered in slide 39 of lecture 3?,lecture_3_slide_39_density-clustering.md
Could you clarify the key elements of slide 39 in the third lecture?,lecture_3_slide_39_density-clustering.md
What are the concepts highlighted on slide 39 of lecture 3?,lecture_3_slide_39_density-clustering.md
Can you provide an overview of the discussion in slide 39 from lecture 3?,lecture_3_slide_39_density-clustering.md
What is the essence of slide 39 in the third lecture?,lecture_3_slide_39_density-clustering.md
How would you interpret the material on slide 39 of lecture 3?,lecture_3_slide_39_density-clustering.md
Can you describe the image found on slide 30 of lecture 3?,lecture_3_slide_30_img1.md
What is depicted in image 1 on slide 30 in lecture 3?,lecture_3_slide_30_img1.md
Please explain the content of image 1 on the 30th slide of the third lecture.,lecture_3_slide_30_img1.md
Could you elaborate on what image 1 on slide 30 of lecture 3 illustrates?,lecture_3_slide_30_img1.md
What does the first image on slide 30 of lecture 3 show?,lecture_3_slide_30_img1.md
Describe the visual elements in image 1 on slide 30 of lecture 3.,lecture_3_slide_30_img1.md
"Can you provide an explanation of the picture on the 30th slide of lecture 3, specifically image 1?",lecture_3_slide_30_img1.md
What information is conveyed by image 1 on slide 30 in the third lecture?,lecture_3_slide_30_img1.md
How would you interpret the first image on slide 30 from lecture 3?,lecture_3_slide_30_img1.md
What is shown in image 1 of the 30th slide in lecture 3?,lecture_3_slide_30_img1.md
Could you clarify what's happening on slide 41 of our third lecture?,lecture_3_slide_41_density-clustering.md
What are the main points covered on slide 41 of lecture 3?,lecture_3_slide_41_density-clustering.md
Can you explain the content presented on slide 41 from our third class lecture?,lecture_3_slide_41_density-clustering.md
What details are being discussed on slide 41 in lecture 3?,lecture_3_slide_41_density-clustering.md
Could you give an overview of what slide 41 from lecture 3 is about?,lecture_3_slide_41_density-clustering.md
Please elaborate on the key concepts shown on slide 41 in our third lecture.,lecture_3_slide_41_density-clustering.md
What information is slide 41 conveying in the third lecture?,lecture_3_slide_41_density-clustering.md
Can you break down the main ideas on slide 41 of the third lecture?,lecture_3_slide_41_density-clustering.md
"I'd like a detailed explanation of slide 41 from lecture 3, please.",lecture_3_slide_41_density-clustering.md
Can you summarize the discussion points found on slide 41 in the third lecture?,lecture_3_slide_41_density-clustering.md
Can you clarify the content presented on slide 16 of lecture 3?,lecture_3_slide_16_Supervised_Unsupervised_learning.md
What information is depicted on slide 16 of the third lecture?,lecture_3_slide_16_Supervised_Unsupervised_learning.md
Could you elaborate on the details shown in slide 16 from lecture 3?,lecture_3_slide_16_Supervised_Unsupervised_learning.md
What's being discussed on slide 16 in lecture number 3?,lecture_3_slide_16_Supervised_Unsupervised_learning.md
Please explain the key points from slide 16 of the third lecture.,lecture_3_slide_16_Supervised_Unsupervised_learning.md
What is the main focus of slide 16 in lecture 3?,lecture_3_slide_16_Supervised_Unsupervised_learning.md
Can you describe the concepts illustrated on slide 16 in lecture 3?,lecture_3_slide_16_Supervised_Unsupervised_learning.md
What details are presented on slide 16 of the third lecture?,lecture_3_slide_16_Supervised_Unsupervised_learning.md
Could you provide an explanation of the material on slide 16 from lecture 3?,lecture_3_slide_16_Supervised_Unsupervised_learning.md
What topics are covered in slide 16 of lecture 3?,lecture_3_slide_16_Supervised_Unsupervised_learning.md
Can you describe the content of slide 30 from lecture 3?,lecture_3_slide_30_k-means-algorithm.md
What is depicted on slide 30 of the third lecture?,lecture_3_slide_30_k-means-algorithm.md
Could you clarify what's presented in slide 30 of lecture 3?,lecture_3_slide_30_k-means-algorithm.md
What information is conveyed in slide 30 of the third lecture?,lecture_3_slide_30_k-means-algorithm.md
Could you provide an explanation for slide 30 in lecture 3?,lecture_3_slide_30_k-means-algorithm.md
What's the subject of slide 30 in the third lecture?,lecture_3_slide_30_k-means-algorithm.md
Can you summarize the key points from slide 30 of lecture 3?,lecture_3_slide_30_k-means-algorithm.md
What are the main topics discussed on slide 30 of the third lecture?,lecture_3_slide_30_k-means-algorithm.md
How would you interpret the data on slide 30 of lecture 3?,lecture_3_slide_30_k-means-algorithm.md
Could you go over what's happening on slide 30 in the third lecture?,lecture_3_slide_30_k-means-algorithm.md
Could you describe the content presented in slide 4 of lecture 3?,lecture_3_slide_4_fundamentals-of-machine-learning.md
What information is conveyed in the fourth slide of the third lecture?,lecture_3_slide_4_fundamentals-of-machine-learning.md
Can you explain the main points discussed in slide 4 of lecture 3?,lecture_3_slide_4_fundamentals-of-machine-learning.md
What are the key details shown in the fourth slide from lecture 3?,lecture_3_slide_4_fundamentals-of-machine-learning.md
Please provide an explanation of what is depicted on slide 4 in lecture 3.,lecture_3_slide_4_fundamentals-of-machine-learning.md
How would you interpret the content of slide 4 in the third lecture?,lecture_3_slide_4_fundamentals-of-machine-learning.md
What is the focus of the information on the fourth slide in lecture 3?,lecture_3_slide_4_fundamentals-of-machine-learning.md
Can you summarize what slide 4 of lecture 3 is about?,lecture_3_slide_4_fundamentals-of-machine-learning.md
What are the main topics covered in slide 4 of the third lecture?,lecture_3_slide_4_fundamentals-of-machine-learning.md
Could you clarify what is happening on the fourth slide in lecture 3?,lecture_3_slide_4_fundamentals-of-machine-learning.md
Can you elaborate on the content presented on slide 19 of lecture 3?,lecture_3_slide_19_unsupervised-learning.md
Could you describe what is depicted on slide 19 of the third lecture?,lecture_3_slide_19_unsupervised-learning.md
What is being discussed on slide 19 in the third lecture?,lecture_3_slide_19_unsupervised-learning.md
Can you provide an explanation for the information shown on slide 19 in lecture 3?,lecture_3_slide_19_unsupervised-learning.md
What details are covered on slide 19 in lecture 3?,lecture_3_slide_19_unsupervised-learning.md
Would you clarify the main points of slide 19 in the third lecture?,lecture_3_slide_19_unsupervised-learning.md
What topics are addressed on slide 19 of lecture 3?,lecture_3_slide_19_unsupervised-learning.md
Please explain the content of slide 19 from the third lecture.,lecture_3_slide_19_unsupervised-learning.md
What is the focus of slide 19 in lecture 3?,lecture_3_slide_19_unsupervised-learning.md
Could you summarize the material on slide 19 of lecture 3?,lecture_3_slide_19_unsupervised-learning.md
Could you describe the content of slide 7 from lecture 3?,lecture_3_slide_7_what-do-you-think.md
What's happening on slide 7 in the third lecture?,lecture_3_slide_7_what-do-you-think.md
Can you provide an explanation of slide 7 from lecture 3?,lecture_3_slide_7_what-do-you-think.md
Please elaborate on what is shown in slide 7 of the third lecture.,lecture_3_slide_7_what-do-you-think.md
What details are presented on slide 7 of lecture 3?,lecture_3_slide_7_what-do-you-think.md
Could you give an overview of slide 7 in lecture 3?,lecture_3_slide_7_what-do-you-think.md
What is the focus of slide 7 in the third lecture?,lecture_3_slide_7_what-do-you-think.md
Can you summarize the key points of slide 7 from lecture 3?,lecture_3_slide_7_what-do-you-think.md
What are the main topics covered on slide 7 of lecture 3?,lecture_3_slide_7_what-do-you-think.md
Please explain the information presented on slide 7 in lecture 3.,lecture_3_slide_7_what-do-you-think.md
Could you provide an explanation of what's presented on slide 23 from lecture 3?,lecture_3_slide_23_applications-of-clustering.md
What details are shown in slide 23 of lecture 3?,lecture_3_slide_23_applications-of-clustering.md
Can you clarify the content of slide 23 from the third lecture?,lecture_3_slide_23_applications-of-clustering.md
What's being depicted in slide 23 of the third lecture?,lecture_3_slide_23_applications-of-clustering.md
Please explain the information presented on slide 23 from lecture 3.,lecture_3_slide_23_applications-of-clustering.md
Can you describe what slide 23 of lecture 3 covers?,lecture_3_slide_23_applications-of-clustering.md
What is the focus of slide 23 in the third lecture?,lecture_3_slide_23_applications-of-clustering.md
Could you detail the main points of slide 23 in lecture 3?,lecture_3_slide_23_applications-of-clustering.md
What is the subject matter of slide 23 from the third lecture?,lecture_3_slide_23_applications-of-clustering.md
Can you summarize the content presented on slide 23 from lecture 3?,lecture_3_slide_23_applications-of-clustering.md
Could you provide an explanation of the content presented on slide 42 of lecture 3?,lecture_3_slide_42_dbscan.md
What details can you offer about slide 42 from the third lecture?,lecture_3_slide_42_dbscan.md
Can you elaborate on the points discussed in slide 42 of the third lecture?,lecture_3_slide_42_dbscan.md
What is the main focus of slide 42 in lecture 3?,lecture_3_slide_42_dbscan.md
I'd like to understand what slide 42 from lecture 3 is about. Can you explain?,lecture_3_slide_42_dbscan.md
Could you summarize the information covered on slide 42 of lecture 3?,lecture_3_slide_42_dbscan.md
What are the key points presented on slide 42 in the third lecture?,lecture_3_slide_42_dbscan.md
Could you clarify the concepts shown on slide 42 of lecture 3?,lecture_3_slide_42_dbscan.md
What is being discussed on slide 42 of lecture 3?,lecture_3_slide_42_dbscan.md
Can you outline the main ideas from slide 42 in lecture 3?,lecture_3_slide_42_dbscan.md
Please describe the content of image 1 on slide 4 from lecture 3.,lecture_3_slide_4_img1.md
Can you clarify what is shown in image 1 on the fourth slide of the third lecture?,lecture_3_slide_4_img1.md
What does image 1 on slide 4 of lecture 3 illustrate?,lecture_3_slide_4_img1.md
Could you provide an explanation for image 1 found on the fourth slide during lecture 3?,lecture_3_slide_4_img1.md
What information is conveyed by image 1 on slide 4 of the third lecture?,lecture_3_slide_4_img1.md
How would you interpret the first image on the fourth slide from the third lecture?,lecture_3_slide_4_img1.md
Could you detail the elements present in image 1 on slide 4 from lecture 3?,lecture_3_slide_4_img1.md
What is depicted in image 1 of slide 4 in the third lecture?,lecture_3_slide_4_img1.md
Can you elaborate on the details of image 1 located on slide 4 from lecture 3?,lecture_3_slide_4_img1.md
How can image 1 on slide 4 in lecture 3 be explained?,lecture_3_slide_4_img1.md
Can you elaborate on the content presented in slide 21 of lecture 3?,lecture_3_slide_21_clustering.md
What is discussed on slide 21 in lecture 3?,lecture_3_slide_21_clustering.md
Could you clarify the details on slide 21 from lecture 3?,lecture_3_slide_21_clustering.md
What information is provided in slide 21 of the third lecture?,lecture_3_slide_21_clustering.md
Can you explain the concepts shown on slide 21 in lecture 3?,lecture_3_slide_21_clustering.md
What is the main focus of slide 21 in the third lecture?,lecture_3_slide_21_clustering.md
What are the key points covered on slide 21 of lecture 3?,lecture_3_slide_21_clustering.md
Could you provide an overview of slide 21 from the third lecture?,lecture_3_slide_21_clustering.md
What does slide 21 in lecture 3 talk about?,lecture_3_slide_21_clustering.md
Can you summarize the content of slide 21 in the third lecture?,lecture_3_slide_21_clustering.md
Could you clarify what's depicted on slide 2 of lecture 3?,lecture_3_slide_2_outline.md
What information is presented in slide 2 of lecture 3?,lecture_3_slide_2_outline.md
Can you describe the content shown on slide 2 of lecture 3?,lecture_3_slide_2_outline.md
What details are illustrated on slide 2 of lecture 3?,lecture_3_slide_2_outline.md
Please explain the contents of slide 2 from lecture 3.,lecture_3_slide_2_outline.md
What is the main idea conveyed in slide 2 of lecture 3?,lecture_3_slide_2_outline.md
Can you provide an overview of what's on slide 2 of lecture 3?,lecture_3_slide_2_outline.md
What's the subject covered in slide 2 of lecture 3?,lecture_3_slide_2_outline.md
How would you interpret the data or visuals on slide 2 of lecture 3?,lecture_3_slide_2_outline.md
Could you give a summary of the concepts discussed on slide 2 of lecture 3?,lecture_3_slide_2_outline.md
Could you describe what's happening on slide 12 of lecture 3?,lecture_3_slide_12_three-cs-of-ml.md
Can you explain the content of slide 12 from lecture 3?,lecture_3_slide_12_three-cs-of-ml.md
What is depicted on slide 12 of the third lecture?,lecture_3_slide_12_three-cs-of-ml.md
Could you clarify the information presented on slide 12 in lecture 3?,lecture_3_slide_12_three-cs-of-ml.md
What details are covered in slide 12 of lecture 3?,lecture_3_slide_12_three-cs-of-ml.md
Can you break down the key points of slide 12 from the third lecture?,lecture_3_slide_12_three-cs-of-ml.md
What is being illustrated or explained on slide 12 of lecture 3?,lecture_3_slide_12_three-cs-of-ml.md
Could you provide a summary of the material on slide 12 of lecture 3?,lecture_3_slide_12_three-cs-of-ml.md
What are the main ideas discussed on slide 12 in lecture 3?,lecture_3_slide_12_three-cs-of-ml.md
How would you interpret the data or content on slide 12 of lecture 3?,lecture_3_slide_12_three-cs-of-ml.md
Can you provide an analysis of the image found in slide 35 of lecture 3?,lecture_3_slide_35_img1.md
What details are depicted in image 1 on slide 35 from our third lecture?,lecture_3_slide_35_img1.md
Could you explain the contents of the first image on slide 35 from lecture 3?,lecture_3_slide_35_img1.md
"What information does the image on slide 35, lecture 3, convey?",lecture_3_slide_35_img1.md
Please describe the image presented in slide 35 of our third lecture.,lecture_3_slide_35_img1.md
How would you interpret the first image shown on slide 35 in lecture 3?,lecture_3_slide_35_img1.md
"Can you elaborate on the visual content on slide 35, specifically image 1, from lecture 3?",lecture_3_slide_35_img1.md
What is the significance of the image on slide 35 of the third lecture?,lecture_3_slide_35_img1.md
Could you summarize the elements present in the image on slide 35 from lecture 3?,lecture_3_slide_35_img1.md
What message is conveyed by the first image on slide 35 in lecture 3?,lecture_3_slide_35_img1.md
Could you describe the content of image 1 on slide 25 from the third lecture?,lecture_3_slide_25_img1.md
What does image 1 on slide 25 of lecture 3 illustrate?,lecture_3_slide_25_img1.md
Please explain the details in image 1 found on slide 25 of the third lecture.,lecture_3_slide_25_img1.md
How would you interpret image 1 from slide 25 in the third lecture?,lecture_3_slide_25_img1.md
Can you provide an explanation for image 1 on slide 25 of lecture 3?,lecture_3_slide_25_img1.md
What information is conveyed by image 1 on slide 25 of the third lecture?,lecture_3_slide_25_img1.md
Could you elaborate on the meaning of image 1 on slide 25 from lecture 3?,lecture_3_slide_25_img1.md
"What is depicted in image 1 on slide 25 of lecture 3, and what does it mean?",lecture_3_slide_25_img1.md
Can you clarify the contents of image 1 on slide 25 in lecture 3?,lecture_3_slide_25_img1.md
What is the significance of image 1 on slide 25 from the third lecture?,lecture_3_slide_25_img1.md
Could you describe the content of slide 48 in lecture 3?,lecture_3_slide_48_hierarchal-clustering.md
What information is presented on slide 48 of the third lecture?,lecture_3_slide_48_hierarchal-clustering.md
Can you explain the details shown on slide 48 from lecture 3?,lecture_3_slide_48_hierarchal-clustering.md
What is being addressed in slide 48 of lecture number 3?,lecture_3_slide_48_hierarchal-clustering.md
Could you provide an overview of what slide 48 in lecture 3 describes?,lecture_3_slide_48_hierarchal-clustering.md
What is the main focus of slide 48 in the third lecture?,lecture_3_slide_48_hierarchal-clustering.md
Can you summarize the key points on slide 48 from lecture 3?,lecture_3_slide_48_hierarchal-clustering.md
What are the main topics covered on slide 48 of lecture 3?,lecture_3_slide_48_hierarchal-clustering.md
Can you clarify the concepts presented on slide 48 in lecture 3?,lecture_3_slide_48_hierarchal-clustering.md
What explanations are provided on slide 48 of the third lecture?,lecture_3_slide_48_hierarchal-clustering.md
Can you describe the content of slide 3 from lecture 3?,lecture_3_slide_3_fundamentals-of-machine-learning.md
What information is presented on slide 3 of the third lecture?,lecture_3_slide_3_fundamentals-of-machine-learning.md
Could you elaborate on the details shown in slide 3 of lecture 3?,lecture_3_slide_3_fundamentals-of-machine-learning.md
Please explain the main points covered in slide 3 of lecture 3.,lecture_3_slide_3_fundamentals-of-machine-learning.md
What is being discussed in slide 3 of the third lecture?,lecture_3_slide_3_fundamentals-of-machine-learning.md
Can you provide an explanation of what's on slide 3 from lecture 3?,lecture_3_slide_3_fundamentals-of-machine-learning.md
What does slide 3 from lecture 3 illustrate?,lecture_3_slide_3_fundamentals-of-machine-learning.md
May I have a summary of the content on slide 3 of lecture 3?,lecture_3_slide_3_fundamentals-of-machine-learning.md
What key topics are highlighted in slide 3 from lecture 3?,lecture_3_slide_3_fundamentals-of-machine-learning.md
Is there a detailed explanation for the material on slide 3 of the third lecture?,lecture_3_slide_3_fundamentals-of-machine-learning.md
Can you describe what image 1 depicts in slide 34 of lecture 3?,lecture_3_slide_34_img1.md
What does image 1 on slide 34 in lecture 3 illustrate?,lecture_3_slide_34_img1.md
Could you elaborate on the content of image 1 in slide 34 of our third lecture?,lecture_3_slide_34_img1.md
Please explain the significance of image 1 found on slide 34 in lecture 3.,lecture_3_slide_34_img1.md
What is being shown in image 1 of slide 34 in the third lecture?,lecture_3_slide_34_img1.md
How would you interpret image 1 located in slide 34 of lecture 3?,lecture_3_slide_34_img1.md
Can you clarify the details presented in image 1 on slide 34 from lecture 3?,lecture_3_slide_34_img1.md
What information does image 1 convey in slide 34 of lecture 3?,lecture_3_slide_34_img1.md
Could you break down the elements of image 1 from slide 34 in lecture 3?,lecture_3_slide_34_img1.md
What are the key points depicted in image 1 on slide 34 of the third lecture?,lecture_3_slide_34_img1.md
Could you clarify the content presented on slide 40 of lecture 3?,lecture_3_slide_40_core-border-and-noiseoutlier.md
What is depicted on slide 40 of the third lecture?,lecture_3_slide_40_core-border-and-noiseoutlier.md
Can you explain the information shown on slide 40 in lecture 3?,lecture_3_slide_40_core-border-and-noiseoutlier.md
What topics are covered on slide 40 of lecture 3?,lecture_3_slide_40_core-border-and-noiseoutlier.md
Please describe what is being discussed on slide 40 in the third lecture.,lecture_3_slide_40_core-border-and-noiseoutlier.md
What details are presented on slide 40 from lecture 3?,lecture_3_slide_40_core-border-and-noiseoutlier.md
Could you provide an explanation of slide 40 from lecture 3?,lecture_3_slide_40_core-border-and-noiseoutlier.md
Can you elaborate on the concepts illustrated on slide 40 of lecture 3?,lecture_3_slide_40_core-border-and-noiseoutlier.md
What is the main focus of slide 40 in the third lecture?,lecture_3_slide_40_core-border-and-noiseoutlier.md
Please elucidate the material contained in slide 40 of the third lecture.,lecture_3_slide_40_core-border-and-noiseoutlier.md
Can you describe the content presented on slide 13 of lecture 3?,lecture_3_slide_13_three-cs-of-ml.md
What information is covered on slide 13 of lecture 3?,lecture_3_slide_13_three-cs-of-ml.md
Could you clarify the details shown on slide 13 of lecture 3?,lecture_3_slide_13_three-cs-of-ml.md
What is depicted on slide 13 of the third lecture?,lecture_3_slide_13_three-cs-of-ml.md
How would you explain the subject matter of slide 13 from lecture 3?,lecture_3_slide_13_three-cs-of-ml.md
What are the key points on slide 13 of the third lecture?,lecture_3_slide_13_three-cs-of-ml.md
Could you summarize the concepts discussed on slide 13 of lecture 3?,lecture_3_slide_13_three-cs-of-ml.md
What are the main ideas illustrated on slide 13 in lecture 3?,lecture_3_slide_13_three-cs-of-ml.md
Can you break down the content of slide 13 from lecture 3 for me?,lecture_3_slide_13_three-cs-of-ml.md
What should we understand from the slide 13 of the third lecture?,lecture_3_slide_13_three-cs-of-ml.md
Could you describe the content presented on slide 22 from lecture 3?,lecture_3_slide_22_clustering.md
What information is covered on slide number 22 of the third lecture?,lecture_3_slide_22_clustering.md
Please elaborate on the main points of slide 22 in lecture 3.,lecture_3_slide_22_clustering.md
Can you explain the details shown on slide 22 of the third lecture?,lecture_3_slide_22_clustering.md
What is the subject matter illustrated on slide 22 of lecture 3?,lecture_3_slide_22_clustering.md
Could you provide an explanation of the material on slide 22 from the third lecture?,lecture_3_slide_22_clustering.md
What are the key topics discussed on slide 22 in lecture 3?,lecture_3_slide_22_clustering.md
Please clarify the concepts presented on slide 22 of the third lecture.,lecture_3_slide_22_clustering.md
What does slide 22 of lecture 3 depict?,lecture_3_slide_22_clustering.md
Can you outline the important elements of slide 22 from lecture 3?,lecture_3_slide_22_clustering.md
Can you describe what's shown in image 1 on slide 19 of lecture 3?,lecture_3_slide_19_img1.md
What does image 1 illustrate on slide 19 of lecture 3?,lecture_3_slide_19_img1.md
Please elucidate the content of image 1 in slide 19 from lecture 3.,lecture_3_slide_19_img1.md
Could you provide an explanation for image 1 found on slide 19 of lecture 3?,lecture_3_slide_19_img1.md
What is the significance of image 1 located on slide 19 of the third lecture?,lecture_3_slide_19_img1.md
How would you interpret image 1 displayed in slide 19 during lecture 3?,lecture_3_slide_19_img1.md
Can you give a detailed explanation of image 1 on the 19th slide of the third lecture?,lecture_3_slide_19_img1.md
Please clarify the details shown in image 1 of slide 19 in lecture 3.,lecture_3_slide_19_img1.md
What information is being conveyed by image 1 on slide 19 in lecture 3?,lecture_3_slide_19_img1.md
How should image 1 from slide 19 of lecture 3 be understood?,lecture_3_slide_19_img1.md
Could you elaborate on the content presented in slide 20 of lecture 3?,lecture_3_slide_20_example.md
What information is being conveyed in slide 20 of our third lecture?,lecture_3_slide_20_example.md
Can you provide a detailed explanation of what slide 20 in lecture 3 discusses?,lecture_3_slide_20_example.md
What is the main focus of slide 20 in the third lecture session?,lecture_3_slide_20_example.md
Please clarify the concepts presented in slide 20 of the third lecture.,lecture_3_slide_20_example.md
What are the key points highlighted on slide 20 of lecture 3?,lecture_3_slide_20_example.md
How can you describe the material covered in slide 20 of our third lecture?,lecture_3_slide_20_example.md
Could you shed some light on the topics addressed in slide 20 of lecture 3?,lecture_3_slide_20_example.md
What explanation can you give for the details found on slide 20 of lecture 3?,lecture_3_slide_20_example.md
Can you summarize the information shown on slide 20 from lecture 3?,lecture_3_slide_20_example.md
Could you describe the contents of slide 6 from lecture 3?,lecture_3_slide_6_fundamentals-of-machine-learning.md
What information is presented on slide 6 of lecture 3?,lecture_3_slide_6_fundamentals-of-machine-learning.md
Can you summarize what slide 6 of lecture 3 is about?,lecture_3_slide_6_fundamentals-of-machine-learning.md
What details are highlighted on slide 6 of the third lecture?,lecture_3_slide_6_fundamentals-of-machine-learning.md
Could you clarify the main points on slide 6 in lecture number 3?,lecture_3_slide_6_fundamentals-of-machine-learning.md
What is explained on slide 6 during lecture 3?,lecture_3_slide_6_fundamentals-of-machine-learning.md
How is the information on slide 6 structured in lecture 3?,lecture_3_slide_6_fundamentals-of-machine-learning.md
What are the key topics addressed in slide 6 of lecture 3?,lecture_3_slide_6_fundamentals-of-machine-learning.md
Can you break down the elements shown on slide 6 of lecture 3?,lecture_3_slide_6_fundamentals-of-machine-learning.md
What does slide 6 of the third lecture cover?,lecture_3_slide_6_fundamentals-of-machine-learning.md
Could you elaborate on the content presented in slide 17 of the third lecture?,lecture_3_slide_17_before-you-start.md
What is depicted or explained in slide 17 from our lecture 3 session?,lecture_3_slide_17_before-you-start.md
Can you provide an explanation of what's covered in slide 17 of the third lecture?,lecture_3_slide_17_before-you-start.md
Please clarify what’s happening in slide 17 of lecture 3?,lecture_3_slide_17_before-you-start.md
What information is conveyed in slide 17 of our third lecture?,lecture_3_slide_17_before-you-start.md
Could you shed some light on the material presented in slide 17 from lecture 3?,lecture_3_slide_17_before-you-start.md
What key points are discussed in slide 17 of the third lecture?,lecture_3_slide_17_before-you-start.md
Can you summarize the main ideas shown in slide 17 of lecture 3?,lecture_3_slide_17_before-you-start.md
Would you mind explaining the details of slide 17 from our third lecture?,lecture_3_slide_17_before-you-start.md
What are the main topics addressed in slide 17 of lecture 3?,lecture_3_slide_17_before-you-start.md
Can you elaborate on what's depicted in slide 14 of lecture 3?,lecture_3_slide_14_no-best.md
What details are presented in slide 14 of the third lecture?,lecture_3_slide_14_no-best.md
Could you clarify the content shown in slide 14 of lecture 3?,lecture_3_slide_14_no-best.md
What is the main information conveyed in slide 14 of the third lecture?,lecture_3_slide_14_no-best.md
Please explain the material on slide 14 from lecture 3.,lecture_3_slide_14_no-best.md
What's happening in slide 14 of lecture 3?,lecture_3_slide_14_no-best.md
What is the subject matter of slide 14 from lecture 3?,lecture_3_slide_14_no-best.md
Describe the key points found in slide 14 of the third lecture.,lecture_3_slide_14_no-best.md
What are the important aspects of slide 14 in lecture 3?,lecture_3_slide_14_no-best.md
Could you provide an overview of slide 14 in the third lecture?,lecture_3_slide_14_no-best.md
Can you describe the content of image 1 found on slide 44 of lecture 3?,lecture_3_slide_44_img1.md
What details are depicted in the first image on slide 44 from lecture 3?,lecture_3_slide_44_img1.md
Please explain what is shown in image 1 on the 44th slide of the third lecture.,lecture_3_slide_44_img1.md
Could you provide an explanation for image 1 located on slide 44 of lecture 3?,lecture_3_slide_44_img1.md
What is illustrated in the first image of slide 44 in the third lecture?,lecture_3_slide_44_img1.md
"Interpret the image on slide 44, lecture 3, specifically the first one.",lecture_3_slide_44_img1.md
What information does image 1 convey on slide 44 of the third lecture?,lecture_3_slide_44_img1.md
Describe the visual content of the first image on slide 44 in lecture 3.,lecture_3_slide_44_img1.md
What does image 1 illustrate on slide 44 in the third lecture?,lecture_3_slide_44_img1.md
Can you interpret the first image found on the 44th slide of lecture 3?,lecture_3_slide_44_img1.md
Could you elaborate on the content presented in slide 25 of lecture 3?,lecture_3_slide_25_k-means.md
What information is depicted on slide 25 from lecture 3?,lecture_3_slide_25_k-means.md
Can you provide details about what is discussed on slide 25 of the third lecture?,lecture_3_slide_25_k-means.md
What is being illustrated on slide 25 in lecture 3?,lecture_3_slide_25_k-means.md
Please explain the main points on slide 25 of lecture 3.,lecture_3_slide_25_k-means.md
What's the explanation for the material shown on slide 25 in the third lecture?,lecture_3_slide_25_k-means.md
Could you give an overview of slide 25 from the third lecture's presentation?,lecture_3_slide_25_k-means.md
What is the subject of slide 25 in lecture 3?,lecture_3_slide_25_k-means.md
Can you describe the concepts covered in slide 25 of the third class lecture?,lecture_3_slide_25_k-means.md
What is slide 25 addressing in the context of lecture 3?,lecture_3_slide_25_k-means.md
Could you describe the content shown on slide 15 of lecture 3?,lecture_3_slide_15_applications.md
What information is presented on slide 15 in the third lecture?,lecture_3_slide_15_applications.md
Can you clarify the details on slide 15 from lecture 3?,lecture_3_slide_15_applications.md
Please provide an explanation of what is displayed on slide 15 of lecture 3.,lecture_3_slide_15_applications.md
What topics are covered on slide 15 of the third lecture?,lecture_3_slide_15_applications.md
How would you summarize the key points on slide 15 in lecture 3?,lecture_3_slide_15_applications.md
Can you interpret the visuals and text shown on slide 15 of the third lecture?,lecture_3_slide_15_applications.md
What is the main focus of slide 15 in the context of lecture 3?,lecture_3_slide_15_applications.md
Could you analyze the elements presented on slide 15 from lecture 3?,lecture_3_slide_15_applications.md
What insights or information does slide 15 of lecture 3 convey?,lecture_3_slide_15_applications.md
Could you elaborate on the content of slide 9 from lecture 3?,lecture_3_slide_9_unsupervised-model.md
What is the main focus of slide 9 in lecture 3?,lecture_3_slide_9_unsupervised-model.md
Can you provide an explanation for what is shown on slide 9 of lecture 3?,lecture_3_slide_9_unsupervised-model.md
What details are covered on slide 9 of the third lecture?,lecture_3_slide_9_unsupervised-model.md
Please explain the information presented in slide 9 from the third lecture.,lecture_3_slide_9_unsupervised-model.md
What does slide 9 of lecture 3 discuss or depict?,lecture_3_slide_9_unsupervised-model.md
How would you describe the key points on slide 9 of lecture 3?,lecture_3_slide_9_unsupervised-model.md
Could you clarify the topics addressed in slide 9 of the third lecture?,lecture_3_slide_9_unsupervised-model.md
Can you summarize the content of slide 9 in the third lecture?,lecture_3_slide_9_unsupervised-model.md
What is being explained in slide 9 of lecture 3?,lecture_3_slide_9_unsupervised-model.md
Can you describe the content on slide 46 from the third lecture?,lecture_3_slide_46_hierarchical-cluster.md
What information is presented on slide 46 in lecture 3?,lecture_3_slide_46_hierarchical-cluster.md
How would you interpret the details on slide 46 of lecture 3?,lecture_3_slide_46_hierarchical-cluster.md
Could you clarify the main points shown on slide 46 of the third lecture?,lecture_3_slide_46_hierarchical-cluster.md
Would you mind explaining what is depicted on slide 46 of the third lecture?,lecture_3_slide_46_hierarchical-cluster.md
Please provide an explanation of slide 46 from lecture 3.,lecture_3_slide_46_hierarchical-cluster.md
What are the key points discussed on slide 46 in lecture 3?,lecture_3_slide_46_hierarchical-cluster.md
Could you summarize the material covered on slide 46 of lecture 3?,lecture_3_slide_46_hierarchical-cluster.md
What does slide 46 from the third lecture illustrate?,lecture_3_slide_46_hierarchical-cluster.md
Can you provide details about the content on slide 46 in lecture 3?,lecture_3_slide_46_hierarchical-cluster.md
Could you describe what is covered in slide 5 of lecture 3?,lecture_3_slide_5_fundamentals-of-machine-learning.md
What details are presented on slide 5 during the third lecture?,lecture_3_slide_5_fundamentals-of-machine-learning.md
Help me understand the content of slide number 5 from lecture three.,lecture_3_slide_5_fundamentals-of-machine-learning.md
What is the main focus of slide 5 in the third lecture?,lecture_3_slide_5_fundamentals-of-machine-learning.md
Can you explain the highlights of slide 5 from lecture 3?,lecture_3_slide_5_fundamentals-of-machine-learning.md
What does slide 5 in lecture 3 illustrate?,lecture_3_slide_5_fundamentals-of-machine-learning.md
Provide an explanation of the information on slide 5 in lecture 3.,lecture_3_slide_5_fundamentals-of-machine-learning.md
What topic is discussed on slide 5 during the third lecture?,lecture_3_slide_5_fundamentals-of-machine-learning.md
Can you give a summary of the content found on slide 5 of lecture 3?,lecture_3_slide_5_fundamentals-of-machine-learning.md
What is depicted on the fifth slide of the third lecture?,lecture_3_slide_5_fundamentals-of-machine-learning.md
Can you describe what image 1 on slide 11 of lecture 3 illustrates?,lecture_3_slide_11_img1.md
What does the first image on slide 11 of lecture 3 represent?,lecture_3_slide_11_img1.md
Could you explain the content of image 1 found on slide 11 in lecture 3?,lecture_3_slide_11_img1.md
Please provide an explanation for the first image on slide 11 from lecture 3.,lecture_3_slide_11_img1.md
What is depicted in image 1 on slide 11 of the third lecture?,lecture_3_slide_11_img1.md
Would you mind explaining the significance of the first image on the 11th slide of lecture 3?,lecture_3_slide_11_img1.md
How would you describe the first image on slide 11 of the third lecture?,lecture_3_slide_11_img1.md
Could you elaborate on the details shown in image 1 on slide 11 of lecture 3?,lecture_3_slide_11_img1.md
What information does the initial image on slide 11 in the third lecture convey?,lecture_3_slide_11_img1.md
"In lecture 3, what does image 1 on the 11th slide explain?",lecture_3_slide_11_img1.md
Could you describe what's happening in slide 11 of lecture 3?,lecture_3_slide_11_three-cs-of-ml.md
What details can you provide about slide 11 from lecture 3?,lecture_3_slide_11_three-cs-of-ml.md
Can you explain the content of slide 11 in lecture 3?,lecture_3_slide_11_three-cs-of-ml.md
What is illustrated on slide 11 of the third lecture?,lecture_3_slide_11_three-cs-of-ml.md
Please summarize the key points from slide 11 of lecture 3.,lecture_3_slide_11_three-cs-of-ml.md
What are the main ideas presented on slide 11 of lecture 3?,lecture_3_slide_11_three-cs-of-ml.md
Could you give an explanation of the material on slide 11 of lecture 3?,lecture_3_slide_11_three-cs-of-ml.md
What information is covered in slide 11 of lecture 3?,lecture_3_slide_11_three-cs-of-ml.md
How would you interpret the content shown on slide 11 of the third lecture?,lecture_3_slide_11_three-cs-of-ml.md
Could you clarify what slide 11 in lecture 3 is about?,lecture_3_slide_11_three-cs-of-ml.md
Could you describe the content of slide 38 from lecture 3?,lecture_3_slide_38_density-clustering.md
What is depicted in slide 38 of the third lecture?,lecture_3_slide_38_density-clustering.md
Can you elaborate on the material presented in slide 38 from lecture 3?,lecture_3_slide_38_density-clustering.md
Please explain the details shown on slide 38 of lecture 3.,lecture_3_slide_38_density-clustering.md
What information is conveyed in slide 38 of the third lecture?,lecture_3_slide_38_density-clustering.md
Could you walk me through the points made on slide 38 of lecture 3?,lecture_3_slide_38_density-clustering.md
What are the key topics covered in slide 38 of lecture 3?,lecture_3_slide_38_density-clustering.md
Can you summarize what's displayed on slide 38 from the third lecture?,lecture_3_slide_38_density-clustering.md
What explanation is provided in slide 38 of lecture 3?,lecture_3_slide_38_density-clustering.md
Could you clarify the main ideas presented on slide 38 of lecture 3?,lecture_3_slide_38_density-clustering.md
Can you describe the content of image 1 on slide 27 from lecture 3?,lecture_3_slide_27_img1.md
What details are depicted in image 1 of slide 27 in the third lecture?,lecture_3_slide_27_img1.md
Provide an explanation for image 1 found on slide 27 of lecture 3.,lecture_3_slide_27_img1.md
Could you give a summary of image 1 on slide 27 in the third lecture?,lecture_3_slide_27_img1.md
What is shown in the first image on slide 27 of lecture 3?,lecture_3_slide_27_img1.md
Please elaborate on the first image located on slide 27 of the third lecture.,lecture_3_slide_27_img1.md
Give an interpretation of image 1 shown on slide 27 in lecture 3.,lecture_3_slide_27_img1.md
What information does image 1 convey on slide 27 from lecture 3?,lecture_3_slide_27_img1.md
Explain the contents of the first image on slide 27 in the third lecture.,lecture_3_slide_27_img1.md
Describe what image 1 represents on slide 27 of lecture 3.,lecture_3_slide_27_img1.md
Could you describe what is being presented in slide 49 of lecture 3?,lecture_3_slide_49_hierarchal-clustering-lifetime.md
What information is depicted on slide 49 of lecture 3?,lecture_3_slide_49_hierarchal-clustering-lifetime.md
Can you explain the content of slide 49 from the third lecture?,lecture_3_slide_49_hierarchal-clustering-lifetime.md
Please elaborate on the main points covered in slide 49 of the third lecture.,lecture_3_slide_49_hierarchal-clustering-lifetime.md
What is discussed on slide 49 of lecture 3?,lecture_3_slide_49_hierarchal-clustering-lifetime.md
Could you clarify the details shown in slide 49 of lecture 3?,lecture_3_slide_49_hierarchal-clustering-lifetime.md
What are the key topics highlighted in slide 49 from lecture 3?,lecture_3_slide_49_hierarchal-clustering-lifetime.md
Can you give an overview of what's shown on slide 49 in lecture 3?,lecture_3_slide_49_hierarchal-clustering-lifetime.md
What is the main focus of slide 49 in the third lecture?,lecture_3_slide_49_hierarchal-clustering-lifetime.md
Can you summarize the information presented on slide 49 from lecture 3?,lecture_3_slide_49_hierarchal-clustering-lifetime.md
Can you describe the content of image 1 found on slide 30 of the sixth lecture?,lecture_6_slide_30_img1.md
What details are presented in image 1 on slide 30 from lecture number 6?,lecture_6_slide_30_img1.md
Please provide an explanation of image 1 located on the 30th slide of lecture 6.,lecture_6_slide_30_img1.md
Could you elaborate on the first image shown on slide 30 in lecture six?,lecture_6_slide_30_img1.md
What is depicted in image 1 on the 30th slide of the sixth lecture?,lecture_6_slide_30_img1.md
Give a detailed explanation of the image located on slide 30 of lecture 6.,lecture_6_slide_30_img1.md
What information is illustrated in image 1 on the 30th slide of the sixth lecture?,lecture_6_slide_30_img1.md
Can you interpret the visuals of image 1 from slide 30 in lecture number 6?,lecture_6_slide_30_img1.md
Describe the key elements of image 1 that appears on the 30th slide of lecture 6.,lecture_6_slide_30_img1.md
What does image 1 convey on slide 30 from the sixth lecture?,lecture_6_slide_30_img1.md
Can you clarify the content presented on slide 18 of lecture 6?,lecture_6_slide_18_svm-and-iris-data-set.md
What information is depicted on slide 18 from lecture 6?,lecture_6_slide_18_svm-and-iris-data-set.md
Could you interpret the details shown in slide 18 of the sixth lecture?,lecture_6_slide_18_svm-and-iris-data-set.md
Please explain the main points highlighted on slide 18 of lecture 6.,lecture_6_slide_18_svm-and-iris-data-set.md
What is the significance of the data on slide 18 in lecture 6?,lecture_6_slide_18_svm-and-iris-data-set.md
How would you describe the concepts illustrated on slide 18 of lecture 6?,lecture_6_slide_18_svm-and-iris-data-set.md
Could you provide an overview of slide 18 from the sixth lecture?,lecture_6_slide_18_svm-and-iris-data-set.md
What topics are covered on slide 18 of lecture 6?,lecture_6_slide_18_svm-and-iris-data-set.md
Can you summarize the key elements of slide 18 in lecture 6?,lecture_6_slide_18_svm-and-iris-data-set.md
"What is discussed on slide 18 of lecture 6, and why is it important?",lecture_6_slide_18_svm-and-iris-data-set.md
Can you describe the contents of image 1 on slide 31 from lecture 6?,lecture_6_slide_31_img1.md
What is depicted in the first image of slide 31 in our sixth lecture?,lecture_6_slide_31_img1.md
Could you elaborate on the details of image 1 found on slide 31 of lecture 6?,lecture_6_slide_31_img1.md
What does the first image on slide 31 convey in the context of lecture 6?,lecture_6_slide_31_img1.md
Provide an explanation for the image 1 shown on slide 31 in lecture 6.,lecture_6_slide_31_img1.md
How would you interpret the contents of image 1 on slide 31 in lecture 6?,lecture_6_slide_31_img1.md
What information does image 1 on slide 31 of lecture 6 present?,lecture_6_slide_31_img1.md
Can you provide insights into the visual content of image 1 on slide 31 from lecture 6?,lecture_6_slide_31_img1.md
Could you analyze the elements of image 1 on slide 31 in lecture 6?,lecture_6_slide_31_img1.md
Please explain what is shown in the first image on slide 31 of lecture 6.,lecture_6_slide_31_img1.md
Could you elaborate on the content presented in slide 24 from lecture 6?,lecture_6_slide_24_auc---roc-curve.md
What information is conveyed in slide 24 of lecture 6?,lecture_6_slide_24_auc---roc-curve.md
Please interpret the details shown in slide 24 of the sixth lecture.,lecture_6_slide_24_auc---roc-curve.md
What is the main concept discussed in lecture 6’s slide 24?,lecture_6_slide_24_auc---roc-curve.md
Can you provide an explanation of slide 24 from lecture 6?,lecture_6_slide_24_auc---roc-curve.md
What are the key points covered in slide 24 of lecture 6?,lecture_6_slide_24_auc---roc-curve.md
How would you describe the material on slide 24 from lecture 6?,lecture_6_slide_24_auc---roc-curve.md
Could you analyze the data presented in slide 24 of the sixth lecture?,lecture_6_slide_24_auc---roc-curve.md
What is happening on slide 24 in the context of lecture 6?,lecture_6_slide_24_auc---roc-curve.md
Would you be able to clarify the topic illustrated in slide 24 of lecture 6?,lecture_6_slide_24_auc---roc-curve.md
Could you describe the content of slide 6 from lecture 6?,lecture_6_slide_6_gradient-boosting.md
What information is presented on slide 6 of lecture 6?,lecture_6_slide_6_gradient-boosting.md
Please clarify the concepts discussed on slide 6 in lecture 6.,lecture_6_slide_6_gradient-boosting.md
What is being explained in slide 6 of our sixth lecture?,lecture_6_slide_6_gradient-boosting.md
Can you elaborate on the details of slide 6 from our sixth lecture?,lecture_6_slide_6_gradient-boosting.md
How would you summarize the main points on slide 6 of lecture 6?,lecture_6_slide_6_gradient-boosting.md
What are the key elements depicted on slide 6 of lecture 6?,lecture_6_slide_6_gradient-boosting.md
Could you go over the highlights from slide 6 in lecture 6?,lecture_6_slide_6_gradient-boosting.md
What is the focus of slide 6 in the sixth lecture?,lecture_6_slide_6_gradient-boosting.md
Please provide an explanation of slide 6 presented during lecture 6.,lecture_6_slide_6_gradient-boosting.md
Could you clarify the content presented in slide 8 from lecture 6?,lecture_6_slide_8_gradient.md
What details are provided on slide 8 of lecture 6?,lecture_6_slide_8_gradient.md
Can you describe what is shown on slide 8 in lecture 6?,lecture_6_slide_8_gradient.md
Please explain the information presented on slide 8 of lecture 6.,lecture_6_slide_8_gradient.md
What's happening in slide 8 of lecture 6?,lecture_6_slide_8_gradient.md
Can you elaborate on the elements discussed in slide 8 of lecture 6?,lecture_6_slide_8_gradient.md
What is the main focus of slide 8 in lecture 6?,lecture_6_slide_8_gradient.md
Could you provide an explanation for slide 8 in lecture 6?,lecture_6_slide_8_gradient.md
What points are covered in slide 8 of lecture 6?,lecture_6_slide_8_gradient.md
How is the topic approached on slide 8 of lecture 6?,lecture_6_slide_8_gradient.md
Can you describe the content and details presented on slide 13 of lecture 6?,lecture_6_slide_13_support-vector-machine-svm.md
"What information is conveyed on slide 13 in lecture 6, and how is it explained?",lecture_6_slide_13_support-vector-machine-svm.md
Could you provide an explanation of what is depicted on slide 13 from lecture 6?,lecture_6_slide_13_support-vector-machine-svm.md
"What is happening in slide 13 of lecture 6, and can you elaborate on its significance?",lecture_6_slide_13_support-vector-machine-svm.md
Please summarize the key points and visuals presented on slide 13 of lecture 6.,lecture_6_slide_13_support-vector-machine-svm.md
What are the main themes or topics covered in slide 13 of lecture 6?,lecture_6_slide_13_support-vector-machine-svm.md
How would you interpret the data or visuals shown on slide 13 of lecture 6?,lecture_6_slide_13_support-vector-machine-svm.md
What insights or concepts are highlighted on slide 13 of lecture 6?,lecture_6_slide_13_support-vector-machine-svm.md
Can you break down the information presented on slide 13 during lecture 6?,lecture_6_slide_13_support-vector-machine-svm.md
What narrative or data is being communicated in slide 13 of lecture 6?,lecture_6_slide_13_support-vector-machine-svm.md
Can you describe the content of slide 25 from lecture 6?,lecture_6_slide_25_regression-metrics.md
What details are presented on slide 25 of lecture 6?,lecture_6_slide_25_regression-metrics.md
Could you elucidate what is happening on slide 25 in lecture 6?,lecture_6_slide_25_regression-metrics.md
Please explain the information found on slide 25 of the sixth lecture.,lecture_6_slide_25_regression-metrics.md
What is being conveyed in slide 25 of lecture 6?,lecture_6_slide_25_regression-metrics.md
What's the main focus of slide 25 in lecture 6?,lecture_6_slide_25_regression-metrics.md
Could you provide an explanation for the content on slide 25 from lecture 6?,lecture_6_slide_25_regression-metrics.md
What does slide 25 in lecture 6 illustrate?,lecture_6_slide_25_regression-metrics.md
Can you clarify what slide 25 covers in the sixth lecture?,lecture_6_slide_25_regression-metrics.md
Please summarize the key points on slide 25 of lecture 6.,lecture_6_slide_25_regression-metrics.md
Can you describe the details presented on slide 21 of lecture 6?,lecture_6_slide_21_auc---roc-curve.md
What information is being conveyed on slide 21 in lecture 6?,lecture_6_slide_21_auc---roc-curve.md
Could you provide an explanation of the contents on slide 21 from lecture 6?,lecture_6_slide_21_auc---roc-curve.md
What is depicted on slide 21 of the sixth lecture?,lecture_6_slide_21_auc---roc-curve.md
Can you clarify the points covered on slide 21 in the lecture 6 presentation?,lecture_6_slide_21_auc---roc-curve.md
What are the key elements discussed on slide 21 of lecture 6?,lecture_6_slide_21_auc---roc-curve.md
Could you summarize the main topics on slide 21 of the 6th lecture?,lecture_6_slide_21_auc---roc-curve.md
What insights are offered on slide 21 of the sixth lecture?,lecture_6_slide_21_auc---roc-curve.md
Can you break down the content of slide 21 from lecture 6?,lecture_6_slide_21_auc---roc-curve.md
What does slide 21 illustrate in the context of lecture 6?,lecture_6_slide_21_auc---roc-curve.md
Could you elaborate on the content presented in slide 7 of lecture 6?,lecture_6_slide_7_gradient-boosting.md
What details are being discussed on slide 7 of lecture 6?,lecture_6_slide_7_gradient-boosting.md
Can you provide an explanation of what's happening in slide 7 from lecture 6?,lecture_6_slide_7_gradient-boosting.md
What is the main topic covered in slide 7 of the sixth lecture?,lecture_6_slide_7_gradient-boosting.md
Could you clarify the information shown on slide 7 of lecture 6?,lecture_6_slide_7_gradient-boosting.md
What is being demonstrated or explained on slide 7 in lecture 6?,lecture_6_slide_7_gradient-boosting.md
Please describe the key points illustrated on slide 7 of lecture 6.,lecture_6_slide_7_gradient-boosting.md
What concepts are being introduced in slide 7 of the 6th lecture?,lecture_6_slide_7_gradient-boosting.md
Can you summarize the slide 7 content from the sixth lecture?,lecture_6_slide_7_gradient-boosting.md
What are the highlights of slide 7 from lecture number 6?,lecture_6_slide_7_gradient-boosting.md
Could you provide an explanation for the image on slide 22 of lecture 6?,lecture_6_slide_22_img1.md
What is depicted in image 1 on slide 22 of the sixth lecture?,lecture_6_slide_22_img1.md
Can you elaborate on the content of image 1 found in slide 22 of lecture 6?,lecture_6_slide_22_img1.md
Please explain what image 1 on slide 22 of lecture 6 illustrates.,lecture_6_slide_22_img1.md
"I need details about the image on slide 22, lecture 6. Can you help?",lecture_6_slide_22_img1.md
What information is conveyed by image 1 in slide 22 of the sixth lecture?,lecture_6_slide_22_img1.md
Could you describe what is shown in image 1 of slide 22 from lecture 6?,lecture_6_slide_22_img1.md
"Would you mind explaining the significance of image 1 on slide 22, lecture 6?",lecture_6_slide_22_img1.md
What is the purpose of image 1 in slide 22 of lecture 6?,lecture_6_slide_22_img1.md
Please summarize the key aspects of image 1 from slide 22 in lecture 6.,lecture_6_slide_22_img1.md
Could you provide an explanation of the content presented on slide 20 in lecture 6?,lecture_6_slide_20_classification-metrics.md
What information is depicted on slide 20 of the sixth lecture?,lecture_6_slide_20_classification-metrics.md
"Can you break down the details shown in lecture 6, slide 20?",lecture_6_slide_20_classification-metrics.md
What is being discussed in the 20th slide of lecture 6?,lecture_6_slide_20_classification-metrics.md
Can you summarize the main points from slide 20 in the sixth lecture?,lecture_6_slide_20_classification-metrics.md
What are the key elements featured on slide 20 of lecture 6?,lecture_6_slide_20_classification-metrics.md
Could you describe what is illustrated in slide 20 of our lecture 6?,lecture_6_slide_20_classification-metrics.md
What topics are covered on slide 20 from lecture 6?,lecture_6_slide_20_classification-metrics.md
How can you interpret the information on slide 20 of lecture 6?,lecture_6_slide_20_classification-metrics.md
What's the significance of the content on slide 20 in the sixth lecture session?,lecture_6_slide_20_classification-metrics.md
Could you describe the content of slide 28 from lecture 6?,lecture_6_slide_28_r.md
What is depicted on slide 28 of lecture 6?,lecture_6_slide_28_r.md
Can you explain the information presented on slide 28 in lecture 6?,lecture_6_slide_28_r.md
What details are covered on slide 28 in lecture 6?,lecture_6_slide_28_r.md
Could you provide an explanation of the material on slide 28 of lecture 6?,lecture_6_slide_28_r.md
What is the focus of slide 28 from lecture 6?,lecture_6_slide_28_r.md
Can you summarize what slide 28 of lecture 6 is about?,lecture_6_slide_28_r.md
What does slide 28 of lecture 6 illustrate?,lecture_6_slide_28_r.md
Please explain what is presented on slide 28 in lecture 6.,lecture_6_slide_28_r.md
Can you clarify the key points shown on slide 28 of lecture 6?,lecture_6_slide_28_r.md
Could you clarify the content displayed on slide 27 of lecture 6?,lecture_6_slide_27_regression-metrics.md
What details are presented in slide 27 of the sixth lecture?,lecture_6_slide_27_regression-metrics.md
Can you provide an explanation for what is shown on slide 27 from lecture 6?,lecture_6_slide_27_regression-metrics.md
What information is being conveyed on slide 27 of the sixth lecture?,lecture_6_slide_27_regression-metrics.md
Please describe the elements found on slide 27 during lecture 6.,lecture_6_slide_27_regression-metrics.md
What are the key points illustrated on slide 27 in lecture 6?,lecture_6_slide_27_regression-metrics.md
Could you summarize the main topics covered on slide 27 of lecture 6?,lecture_6_slide_27_regression-metrics.md
What is the focus of slide 27 in the sixth lecture?,lecture_6_slide_27_regression-metrics.md
"In lecture 6, what is depicted on the slide numbered 27?",lecture_6_slide_27_regression-metrics.md
Could you interpret the slide numbered 27 from the sixth lecture?,lecture_6_slide_27_regression-metrics.md
Can you describe what is depicted in image 1 on slide 18 of lecture 6?,lecture_6_slide_18_img1.md
What details are presented in image 1 on slide 18 of lecture 6?,lecture_6_slide_18_img1.md
Could you elaborate on the contents of image 1 found in slide 18 of lecture 6?,lecture_6_slide_18_img1.md
"Please explain the image shown on slide 18, image 1, of lecture 6.",lecture_6_slide_18_img1.md
What is illustrated in image 1 on the 18th slide of lecture 6?,lecture_6_slide_18_img1.md
How can image 1 on slide 18 of the sixth lecture be interpreted?,lecture_6_slide_18_img1.md
What information is conveyed by the first image on the 18th slide of lecture 6?,lecture_6_slide_18_img1.md
Could you provide an explanation of image 1 on slide 18 from lecture 6?,lecture_6_slide_18_img1.md
What does image 1 on slide 18 of lecture 6 demonstrate?,lecture_6_slide_18_img1.md
Give an overview of the first image on slide 18 in the sixth lecture.,lecture_6_slide_18_img1.md
Can you elaborate on the content presented in slide 17 of lecture 6?,lecture_6_slide_17_support-vector-machine-svm.md
What details are explained on slide 17 of lecture 6?,lecture_6_slide_17_support-vector-machine-svm.md
Could you clarify the information shown in slide 17 of lecture 6?,lecture_6_slide_17_support-vector-machine-svm.md
What is the focus of slide 17 in lecture 6?,lecture_6_slide_17_support-vector-machine-svm.md
Please summarize the key points of slide 17 in lecture 6.,lecture_6_slide_17_support-vector-machine-svm.md
What is the main discussion in slide 17 of lecture 6?,lecture_6_slide_17_support-vector-machine-svm.md
What concepts are covered on slide 17 of lecture 6?,lecture_6_slide_17_support-vector-machine-svm.md
Could you give an overview of the topic discussed in slide 17 of lecture 6?,lecture_6_slide_17_support-vector-machine-svm.md
What information is conveyed on slide 17 of lecture 6?,lecture_6_slide_17_support-vector-machine-svm.md
What is depicted in slide 17 of lecture 6?,lecture_6_slide_17_support-vector-machine-svm.md
Can you describe the content of image 1 found on slide 8 of lecture 6?,lecture_6_slide_8_img1.md
What information is conveyed by image 1 on slide 8 in lecture 6?,lecture_6_slide_8_img1.md
Please explain the details of image 1 on the eighth slide of lecture 6.,lecture_6_slide_8_img1.md
What does image 1 illustrate in slide 8 of the sixth lecture?,lecture_6_slide_8_img1.md
Could you clarify the meaning of image 1 in slide 8 of lecture 6?,lecture_6_slide_8_img1.md
What is shown in image 1 on slide 8 of the lecture 6 presentation?,lecture_6_slide_8_img1.md
Can you provide an explanation for image 1 located on slide 8 of lecture 6?,lecture_6_slide_8_img1.md
Discuss the contents depicted in image 1 of slide 8 from lecture 6.,lecture_6_slide_8_img1.md
What is the significance of image 1 on slide 8 in lecture 6?,lecture_6_slide_8_img1.md
How would you interpret the visuals in image 1 on slide 8 of lecture 6?,lecture_6_slide_8_img1.md
Can you describe the content of slide 10 from lecture 6?,lecture_6_slide_10_support-vector-machine-svm.md
What information is presented in slide 10 of the sixth lecture?,lecture_6_slide_10_support-vector-machine-svm.md
Could you summarize the key points on slide 10 from lecture 6?,lecture_6_slide_10_support-vector-machine-svm.md
What is happening in slide 10 of lecture 6?,lecture_6_slide_10_support-vector-machine-svm.md
Please explain the main ideas shown on slide 10 from the sixth lecture.,lecture_6_slide_10_support-vector-machine-svm.md
What does slide 10 cover in lecture 6?,lecture_6_slide_10_support-vector-machine-svm.md
Could you provide an overview of slide 10 from the sixth lecture?,lecture_6_slide_10_support-vector-machine-svm.md
What topics are discussed on slide 10 of lecture 6?,lecture_6_slide_10_support-vector-machine-svm.md
What details are highlighted in the tenth slide of lecture 6?,lecture_6_slide_10_support-vector-machine-svm.md
Can you walk me through the content of the tenth slide in lecture 6?,lecture_6_slide_10_support-vector-machine-svm.md
Could you clarify the contents of slide 11 from lecture 6?,lecture_6_slide_11_classification-and-regression.md
What is the information presented on slide 11 of lecture 6?,lecture_6_slide_11_classification-and-regression.md
Can you describe the main points of slide 11 in lecture 6?,lecture_6_slide_11_classification-and-regression.md
What details are covered in slide 11 of lecture 6?,lecture_6_slide_11_classification-and-regression.md
Please explain the concepts shown on slide 11 from lecture 6.,lecture_6_slide_11_classification-and-regression.md
What explanations are provided on slide 11 of lecture 6?,lecture_6_slide_11_classification-and-regression.md
Could you go over the information on slide 11 from lecture 6?,lecture_6_slide_11_classification-and-regression.md
What is depicted in slide 11 of lecture 6?,lecture_6_slide_11_classification-and-regression.md
Can you summarize the key aspects of slide 11 from lecture 6?,lecture_6_slide_11_classification-and-regression.md
What's being discussed on slide 11 in lecture 6?,lecture_6_slide_11_classification-and-regression.md
Could you elaborate on the content presented in slide 30 of lecture 6?,lecture_6_slide_30_model-fit.md
What information is conveyed in slide 30 of lecture 6?,lecture_6_slide_30_model-fit.md
Can you describe what is depicted on slide 30 of lecture 6?,lecture_6_slide_30_model-fit.md
What is the main focus of slide 30 in lecture 6?,lecture_6_slide_30_model-fit.md
Please clarify the details shown on slide 30 of lecture 6.,lecture_6_slide_30_model-fit.md
What concepts are discussed in slide 30 of lecture 6?,lecture_6_slide_30_model-fit.md
Could you break down the material on slide 30 of lecture 6?,lecture_6_slide_30_model-fit.md
What does slide 30 of lecture 6 emphasize?,lecture_6_slide_30_model-fit.md
Can you provide an overview of slide 30 from lecture 6?,lecture_6_slide_30_model-fit.md
What key points are highlighted in slide 30 of lecture 6?,lecture_6_slide_30_model-fit.md
Could you provide an explanation of slide 23 in lecture 6?,lecture_6_slide_23_auc---roc-curve.md
What is happening in slide 23 of our sixth lecture?,lecture_6_slide_23_auc---roc-curve.md
Can you clarify the content presented on slide 23 of lecture 6?,lecture_6_slide_23_auc---roc-curve.md
What details are covered on slide 23 of lecture 6?,lecture_6_slide_23_auc---roc-curve.md
Please explain the key points of slide 23 from lecture 6.,lecture_6_slide_23_auc---roc-curve.md
What information does slide 23 of lecture 6 convey?,lecture_6_slide_23_auc---roc-curve.md
Could you shed some light on the main ideas of slide 23 from lecture 6?,lecture_6_slide_23_auc---roc-curve.md
What is the significance of slide 23 in the context of lecture 6?,lecture_6_slide_23_auc---roc-curve.md
How would you interpret slide 23 from lecture 6?,lecture_6_slide_23_auc---roc-curve.md
What are the critical elements discussed on slide 23 of lecture 6?,lecture_6_slide_23_auc---roc-curve.md
Can you describe the content of slide 31 from lecture 6?,lecture_6_slide_31_case-high-accuracy-in-imbalanced-data.md
What are the key points on slide 31 of lecture 6?,lecture_6_slide_31_case-high-accuracy-in-imbalanced-data.md
Could you provide an explanation of slide 31 in lecture 6?,lecture_6_slide_31_case-high-accuracy-in-imbalanced-data.md
What is being discussed in slide 31 of lecture 6?,lecture_6_slide_31_case-high-accuracy-in-imbalanced-data.md
Can you summarize the information on slide 31 of lecture 6?,lecture_6_slide_31_case-high-accuracy-in-imbalanced-data.md
What is the main idea presented on slide 31 of our sixth lecture?,lecture_6_slide_31_case-high-accuracy-in-imbalanced-data.md
Please elaborate on what slide 31 from lecture 6 covers.,lecture_6_slide_31_case-high-accuracy-in-imbalanced-data.md
What topics are covered on slide 31 in the sixth lecture?,lecture_6_slide_31_case-high-accuracy-in-imbalanced-data.md
Could you interpret the contents of slide 31 from lecture 6?,lecture_6_slide_31_case-high-accuracy-in-imbalanced-data.md
What explanations are provided on slide 31 of lecture 6?,lecture_6_slide_31_case-high-accuracy-in-imbalanced-data.md
Could you describe the details presented in slide 14 of lecture 6?,lecture_6_slide_14_svm-nonlinear-data.md
What are the key points discussed in slide 14 of lecture 6?,lecture_6_slide_14_svm-nonlinear-data.md
Can you summarize the information shown on slide 14 of lecture 6?,lecture_6_slide_14_svm-nonlinear-data.md
What is explained in slide 14 of lecture 6?,lecture_6_slide_14_svm-nonlinear-data.md
Please provide an explanation of the content on slide 14 from lecture 6.,lecture_6_slide_14_svm-nonlinear-data.md
What concepts are illustrated on slide 14 of lecture 6?,lecture_6_slide_14_svm-nonlinear-data.md
How does slide 14 of lecture 6 contribute to the overall topic discussed?,lecture_6_slide_14_svm-nonlinear-data.md
Could you shed light on the main ideas conveyed in slide 14 from lecture 6?,lecture_6_slide_14_svm-nonlinear-data.md
What is the slide 14 from lecture 6 trying to convey?,lecture_6_slide_14_svm-nonlinear-data.md
Can you unpack the information given in slide 14 of lecture 6?,lecture_6_slide_14_svm-nonlinear-data.md
Could you provide a summary of slide 12 from lecture 6?,lecture_6_slide_12_classification-and-regression.md
What details are presented on slide 12 of the sixth lecture?,lecture_6_slide_12_classification-and-regression.md
Can you explain the content found on slide 12 in lecture 6?,lecture_6_slide_12_classification-and-regression.md
Give an overview of the information in slide 12 from lecture 6.,lecture_6_slide_12_classification-and-regression.md
What is depicted on slide 12 of the 6th lecture?,lecture_6_slide_12_classification-and-regression.md
Describe what is being shown on slide 12 of lecture 6.,lecture_6_slide_12_classification-and-regression.md
What are the key points mentioned on slide 12 of the sixth lecture?,lecture_6_slide_12_classification-and-regression.md
Can you clarify the concepts discussed on slide 12 of lecture 6?,lecture_6_slide_12_classification-and-regression.md
What can be understood from slide 12 in lecture 6?,lecture_6_slide_12_classification-and-regression.md
Please elucidate the content on slide 12 of lecture six.,lecture_6_slide_12_classification-and-regression.md
Could you describe the content of slide 5 from lecture 6?,lecture_6_slide_5_boosting.md
What are the key points on slide 5 of lecture 6?,lecture_6_slide_5_boosting.md
Please explain the information presented on slide 5 in lecture 6.,lecture_6_slide_5_boosting.md
What is being discussed in slide 5 of the sixth lecture?,lecture_6_slide_5_boosting.md
Can you provide an analysis of slide 5 from the sixth lecture?,lecture_6_slide_5_boosting.md
What details are shown in slide 5 during lecture 6?,lecture_6_slide_5_boosting.md
Could you summarize the main ideas on slide 5 of lecture 6?,lecture_6_slide_5_boosting.md
What's happening on slide 5 of the sixth lecture?,lecture_6_slide_5_boosting.md
Can you clarify the concepts covered on slide 5 in lecture 6?,lecture_6_slide_5_boosting.md
What does slide 5 of the sixth lecture illustrate?,lecture_6_slide_5_boosting.md
Can you describe what is depicted in slide 4 from lecture 6?,lecture_6_slide_4_bagging-and-boosting-from-lecture-05.md
What details are presented on slide 4 of lecture 6?,lecture_6_slide_4_bagging-and-boosting-from-lecture-05.md
Could you clarify the content of slide 4 in lecture 6?,lecture_6_slide_4_bagging-and-boosting-from-lecture-05.md
What is the main topic covered in slide 4 of the sixth lecture?,lecture_6_slide_4_bagging-and-boosting-from-lecture-05.md
Please explain the information shown on slide 4 of lecture 6.,lecture_6_slide_4_bagging-and-boosting-from-lecture-05.md
What are the key points discussed on slide 4 during lecture 6?,lecture_6_slide_4_bagging-and-boosting-from-lecture-05.md
How would you interpret the material on slide 4 from lecture 6?,lecture_6_slide_4_bagging-and-boosting-from-lecture-05.md
What is happening on the fourth slide of lecture 6?,lecture_6_slide_4_bagging-and-boosting-from-lecture-05.md
Can you break down the elements on slide 4 of the sixth lecture?,lecture_6_slide_4_bagging-and-boosting-from-lecture-05.md
What is the focus of slide 4 in lecture 6?,lecture_6_slide_4_bagging-and-boosting-from-lecture-05.md
Could you clarify the content presented on slide 22 of lecture 6?,lecture_6_slide_22_binary-classification.md
What details are covered in slide 22 of the sixth lecture?,lecture_6_slide_22_binary-classification.md
Can you provide an explanation of what's depicted in slide 22 from lecture 6?,lecture_6_slide_22_binary-classification.md
What information does slide 22 of lecture 6 convey?,lecture_6_slide_22_binary-classification.md
Please describe what's shown on slide 22 of the sixth lecture.,lecture_6_slide_22_binary-classification.md
Would you mind explaining the material on slide 22 from lecture 6?,lecture_6_slide_22_binary-classification.md
What are the main points highlighted in slide 22 of lecture number 6?,lecture_6_slide_22_binary-classification.md
Could you break down the contents of slide 22 from the sixth lecture?,lecture_6_slide_22_binary-classification.md
What is the focus of slide 22 in the lecture 6 presentation?,lecture_6_slide_22_binary-classification.md
"How is slide 22 of lecture 6 significant, and what does it illustrate?",lecture_6_slide_22_binary-classification.md
Could you describe the content presented on slide 2 of lecture 6?,lecture_6_slide_2_overview.md
What information is depicted on the second slide of the sixth lecture?,lecture_6_slide_2_overview.md
Can you provide details about slide 2 in lecture 6?,lecture_6_slide_2_overview.md
What key points are highlighted on the second slide of lecture 6?,lecture_6_slide_2_overview.md
Please explain the concepts illustrated in slide 2 of the sixth lecture.,lecture_6_slide_2_overview.md
What is the main focus of slide 2 in lecture 6?,lecture_6_slide_2_overview.md
Can you break down the elements shown on the second slide of lecture 6?,lecture_6_slide_2_overview.md
What is being discussed on slide 2 of lecture 6?,lecture_6_slide_2_overview.md
Could you summarize the information on the second slide of lecture 6?,lecture_6_slide_2_overview.md
What are the important details on slide 2 of the sixth lecture?,lecture_6_slide_2_overview.md
Can you describe the content covered on slide 26 of lecture 6?,lecture_6_slide_26_regression-metrics.md
What details are presented on the 26th slide of our sixth lecture?,lecture_6_slide_26_regression-metrics.md
Could you elaborate on what slide 26 from lecture 6 talks about?,lecture_6_slide_26_regression-metrics.md
What topics are discussed on slide 26 of the lecture 6 presentation?,lecture_6_slide_26_regression-metrics.md
Please explain the information shown on slide 26 of lecture 6.,lecture_6_slide_26_regression-metrics.md
What is the theme or main point of slide 26 in our sixth lecture?,lecture_6_slide_26_regression-metrics.md
Could you provide an overview of the material on slide 26 of lecture 6?,lecture_6_slide_26_regression-metrics.md
What is the subject of slide 26 from the lecture 6 session?,lecture_6_slide_26_regression-metrics.md
Can you summarize the key points on the 26th slide of lecture 6?,lecture_6_slide_26_regression-metrics.md
What kind of information is displayed on lecture 6’s slide number 26?,lecture_6_slide_26_regression-metrics.md
Can you provide an explanation of the content shown on slide 16 of lecture 6?,lecture_6_slide_16_svm-kernel.md
What details are presented on slide 16 of lecture 6?,lecture_6_slide_16_svm-kernel.md
Describe the information displayed on slide 16 in lecture 6.,lecture_6_slide_16_svm-kernel.md
What is depicted on slide 16 of the sixth lecture?,lecture_6_slide_16_svm-kernel.md
Could you clarify what is happening on slide 16 of lecture 6?,lecture_6_slide_16_svm-kernel.md
What's the main focus of slide 16 in lecture 6?,lecture_6_slide_16_svm-kernel.md
What points are covered on the 16th slide of lecture 6?,lecture_6_slide_16_svm-kernel.md
What are the key elements discussed on slide 16 in lecture 6?,lecture_6_slide_16_svm-kernel.md
Can you summarize what slide 16 in lecture 6 is about?,lecture_6_slide_16_svm-kernel.md
What topics are addressed on slide 16 of the sixth lecture?,lecture_6_slide_16_svm-kernel.md
Could you clarify the content of slide 15 from lecture 6?,lecture_6_slide_15_svm-parameter-c.md
What information is presented on slide 15 in lecture 6?,lecture_6_slide_15_svm-parameter-c.md
Can you describe the details found on slide 15 of lecture 6?,lecture_6_slide_15_svm-parameter-c.md
Please explain the main points of slide 15 from lecture 6.,lecture_6_slide_15_svm-parameter-c.md
What does slide 15 in lecture 6 illustrate?,lecture_6_slide_15_svm-parameter-c.md
How would you interpret the information on slide 15 from lecture 6?,lecture_6_slide_15_svm-parameter-c.md
What is the significance of the content on slide 15 in lecture 6?,lecture_6_slide_15_svm-parameter-c.md
Can you provide an explanation of slide 15 from lecture 6?,lecture_6_slide_15_svm-parameter-c.md
What is the key message of slide 15 in lecture 6?,lecture_6_slide_15_svm-parameter-c.md
Could you give an overview of what slide 15 from lecture 6 is about?,lecture_6_slide_15_svm-parameter-c.md
Can you describe the content on slide 38 from the first lecture?,lecture_1_slide_38_data-science-and-machine-learning.md
What details are covered on slide 38 in lecture 1?,lecture_1_slide_38_data-science-and-machine-learning.md
Could you summarize what is presented on slide 38 of the initial lecture?,lecture_1_slide_38_data-science-and-machine-learning.md
What information is conveyed in slide 38 of lecture 1?,lecture_1_slide_38_data-science-and-machine-learning.md
Please explain the key points on slide 38 from the first lecture.,lecture_1_slide_38_data-science-and-machine-learning.md
What is happening in slide 38 of the first lecture?,lecture_1_slide_38_data-science-and-machine-learning.md
Could you clarify what is shown on slide 38 of lecture 1?,lecture_1_slide_38_data-science-and-machine-learning.md
What topics are discussed in slide 38 of the first lecture?,lecture_1_slide_38_data-science-and-machine-learning.md
Can you provide an overview of slide 38 from lecture 1?,lecture_1_slide_38_data-science-and-machine-learning.md
What is illustrated in slide 38 of the first lecture?,lecture_1_slide_38_data-science-and-machine-learning.md
Could you elaborate on the content presented on slide 50 of the first lecture?,lecture_1_slide_50_generalization-of-ml.md
What information is covered in slide 50 of lecture 1?,lecture_1_slide_50_generalization-of-ml.md
Can you explain the key points depicted in slide 50 from the first lecture?,lecture_1_slide_50_generalization-of-ml.md
What are the main topics discussed on slide 50 of lecture 1?,lecture_1_slide_50_generalization-of-ml.md
Would you mind clarifying the details shown in slide 50 of lecture 1?,lecture_1_slide_50_generalization-of-ml.md
What is the significance of the material presented on slide 50 in lecture 1?,lecture_1_slide_50_generalization-of-ml.md
Could you describe what is being conveyed on slide 50 of the first lecture?,lecture_1_slide_50_generalization-of-ml.md
What does slide 50 of lecture one illustrate?,lecture_1_slide_50_generalization-of-ml.md
Can you provide an analysis of the content on slide 50 of the initial lecture?,lecture_1_slide_50_generalization-of-ml.md
"What is happening on slide 50 of lecture 1, and what should we understand from it?",lecture_1_slide_50_generalization-of-ml.md
Could you describe the main points covered in slide 42 of the first lecture?,lecture_1_slide_42_functioning-of-ml.md
What are the key topics discussed in slide 42 of lecture 1?,lecture_1_slide_42_functioning-of-ml.md
Can you summarize the content of slide 42 from the initial lecture?,lecture_1_slide_42_functioning-of-ml.md
Please explain the information presented on slide 42 in lecture 1.,lecture_1_slide_42_functioning-of-ml.md
What is the focus of slide 42 in the first lecture?,lecture_1_slide_42_functioning-of-ml.md
Provide an explanation of the material shown on slide 42 of lecture 1.,lecture_1_slide_42_functioning-of-ml.md
What details are highlighted on slide 42 of the first lecture?,lecture_1_slide_42_functioning-of-ml.md
Could you clarify what is depicted on slide 42 in lecture 1?,lecture_1_slide_42_functioning-of-ml.md
What is the essence of the message conveyed in slide 42 of the initial lecture?,lecture_1_slide_42_functioning-of-ml.md
Please break down the concepts illustrated on slide 42 of lecture 1.,lecture_1_slide_42_functioning-of-ml.md
Could you describe the content of slide 32 in lecture 1?,lecture_1_slide_32_what-is-data-science.md
What is being presented on slide 32 of the first lecture?,lecture_1_slide_32_what-is-data-science.md
Can you elaborate on the details shown on slide 32 in lecture 1?,lecture_1_slide_32_what-is-data-science.md
Could you explain the key points of slide 32 from lecture 1?,lecture_1_slide_32_what-is-data-science.md
What information is conveyed on slide 32 of the initial lecture?,lecture_1_slide_32_what-is-data-science.md
Can you clarify what slide 32 of lecture 1 covers?,lecture_1_slide_32_what-is-data-science.md
Would you mind explaining the concepts discussed on slide 32 in the first lecture?,lecture_1_slide_32_what-is-data-science.md
Please summarize the main ideas on slide 32 of lecture 1.,lecture_1_slide_32_what-is-data-science.md
What topics are addressed in slide 32 of the first lecture?,lecture_1_slide_32_what-is-data-science.md
Could you provide an overview of slide 32 from lecture 1?,lecture_1_slide_32_what-is-data-science.md
Could you clarify the content presented in slide 11 of lecture 1?,lecture_1_slide_11_nordic_nine.md
What details are covered in slide 11 of lecture 1?,lecture_1_slide_11_nordic_nine.md
Please provide an explanation of what is depicted in slide 11 of lecture 1.,lecture_1_slide_11_nordic_nine.md
What is the main topic illustrated in slide 11 from the first lecture?,lecture_1_slide_11_nordic_nine.md
Can you describe the information shown on slide 11 of the first lecture?,lecture_1_slide_11_nordic_nine.md
What does slide 11 cover in the first lecture presentation?,lecture_1_slide_11_nordic_nine.md
Could you summarize the key points found on slide 11 of lecture 1?,lecture_1_slide_11_nordic_nine.md
What insights are provided in slide 11 of the initial lecture?,lecture_1_slide_11_nordic_nine.md
Please elaborate on the subject matter of slide 11 from the first lecture.,lecture_1_slide_11_nordic_nine.md
What are the focus areas addressed in slide 11 of lecture 1?,lecture_1_slide_11_nordic_nine.md
Could you describe what is happening in slide 20 of the first lecture?,lecture_1_slide_20_final-exam-guidelines.md
What details are presented on slide 20 of lecture 1?,lecture_1_slide_20_final-exam-guidelines.md
Can you explain the content found on slide 20 in lecture one?,lecture_1_slide_20_final-exam-guidelines.md
What information is depicted in slide 20 of the first lecture?,lecture_1_slide_20_final-exam-guidelines.md
Could you clarify the points discussed on slide 20 from lecture 1?,lecture_1_slide_20_final-exam-guidelines.md
What is the main topic covered in slide 20 of lecture one?,lecture_1_slide_20_final-exam-guidelines.md
Can you provide an explanation for slide 20 in the initial lecture?,lecture_1_slide_20_final-exam-guidelines.md
How is the information on slide 20 of the first lecture explained?,lecture_1_slide_20_final-exam-guidelines.md
What are the key highlights presented on slide 20 in lecture 1?,lecture_1_slide_20_final-exam-guidelines.md
Can you break down the contents of slide 20 from lecture one for me?,lecture_1_slide_20_final-exam-guidelines.md
Can you describe the contents of image 1 found on slide 34 of the first lecture?,lecture_1_slide_34_img1.md
What details are presented in the first image on slide 34 of lecture 1?,lecture_1_slide_34_img1.md
Could you explain the first image displayed on slide 34 from lecture 1?,lecture_1_slide_34_img1.md
What is depicted in image 1 on slide 34 of lecture 1?,lecture_1_slide_34_img1.md
Please provide an explanation of image 1 that appears on slide 34 of the initial lecture.,lecture_1_slide_34_img1.md
How would you interpret the first image on the 34th slide of lecture 1?,lecture_1_slide_34_img1.md
What information does the first image on slide 34 of lecture 1 convey?,lecture_1_slide_34_img1.md
Can you elaborate on the first image shown on slide 34 in lecture 1?,lecture_1_slide_34_img1.md
What can be inferred from image 1 on slide 34 in the first lecture?,lecture_1_slide_34_img1.md
Please explain what image 1 illustrates on the 34th slide of lecture 1.,lecture_1_slide_34_img1.md
Can you elaborate on the image located in slide 46 of the first lecture?,lecture_1_slide_46_img1.md
Please provide an explanation for the image on slide 46 from lecture 1.,lecture_1_slide_46_img1.md
Could you clarify the content of image 1 found in slide 46 of the initial lecture?,lecture_1_slide_46_img1.md
What does the image in slide 46 of lecture 1 illustrate?,lecture_1_slide_46_img1.md
Would you mind explaining the first image in slide 46 from the first lecture?,lecture_1_slide_46_img1.md
Can you describe the image that appears on slide 46 of lecture number one?,lecture_1_slide_46_img1.md
Please interpret the significance of image 1 from slide 46 in the first lecture.,lecture_1_slide_46_img1.md
What details can you provide about the image on slide 46 of lecture 1?,lecture_1_slide_46_img1.md
Could you provide insights into the image presented in slide 46 of the inaugural lecture?,lecture_1_slide_46_img1.md
Would you explain the image featured on slide 46 in the first lecture?,lecture_1_slide_46_img1.md
Can you describe what's happening on slide 41 from lecture 1?,lecture_1_slide_41_example.md
What is being presented in slide 41 of the first lecture?,lecture_1_slide_41_example.md
Could you elaborate on the content of slide 41 in lecture 1?,lecture_1_slide_41_example.md
Please explain the details of slide 41 from the initial lecture.,lecture_1_slide_41_example.md
What information is depicted on slide 41 of lecture 1?,lecture_1_slide_41_example.md
Can you provide an overview of slide 41 in the first lecture?,lecture_1_slide_41_example.md
What are the key points of slide 41 from lecture 1?,lecture_1_slide_41_example.md
Could you clarify the main ideas on slide 41 of lecture 1?,lecture_1_slide_41_example.md
What is the focus of slide 41 in the first lecture?,lecture_1_slide_41_example.md
How would you interpret the content of slide 41 from lecture 1?,lecture_1_slide_41_example.md
Can you describe the content of image 2 found on slide 38 from lecture 1?,lecture_1_slide_38_img2.md
What details can you provide about the second image on slide 38 in the first lecture?,lecture_1_slide_38_img2.md
"Please explain the graphic located on slide 38, image number 2, from our first lecture.",lecture_1_slide_38_img2.md
How would you interpret image 2 that is presented on slide 38 from lecture 1?,lecture_1_slide_38_img2.md
Could you clarify what is depicted in the second image on slide 38 of lecture 1?,lecture_1_slide_38_img2.md
Describe the elements and significance of image 2 shown on slide 38 in the initial lecture.,lecture_1_slide_38_img2.md
What information is portrayed in image 2 on slide 38 of the first lecture?,lecture_1_slide_38_img2.md
Can you elaborate on the second image presented on slide 38 from our lecture 1?,lecture_1_slide_38_img2.md
What is the main point of image 2 on slide 38 in the context of lecture 1?,lecture_1_slide_38_img2.md
Provide an explanation for the second image that appears on slide 38 of the first lecture.,lecture_1_slide_38_img2.md
Can you describe the content of slide 10 from lecture 1?,lecture_1_slide_10_learning-objectives.md
What is being explained in slide 10 of the first lecture?,lecture_1_slide_10_learning-objectives.md
Could you summarize the main points from slide 10 in lecture 1?,lecture_1_slide_10_learning-objectives.md
What information is presented on slide 10 of lecture 1?,lecture_1_slide_10_learning-objectives.md
How would you interpret the details shown on slide 10 of the first lecture?,lecture_1_slide_10_learning-objectives.md
What are the key points discussed on slide 10 in lecture 1?,lecture_1_slide_10_learning-objectives.md
Please provide an overview of slide 10 from lecture 1.,lecture_1_slide_10_learning-objectives.md
What does slide 10 of the first lecture illustrate?,lecture_1_slide_10_learning-objectives.md
Can you detail what is covered in slide 10 from lecture 1?,lecture_1_slide_10_learning-objectives.md
What explanations are provided on slide 10 of lecture 1?,lecture_1_slide_10_learning-objectives.md
Could you describe what is shown in image 2 on slide 51 of the first lecture?,lecture_1_slide_51_img2.md
What details are depicted in the second image on slide 51 of Lecture 1?,lecture_1_slide_51_img2.md
Can you provide an explanation for image 2 found on slide 51 of the initial lecture?,lecture_1_slide_51_img2.md
Please clarify the content of image 2 on slide 51 of the first lecture.,lecture_1_slide_51_img2.md
What information does image 2 on slide 51 of the first lecture convey?,lecture_1_slide_51_img2.md
Could you walk me through the second image on slide 51 from lecture 1?,lecture_1_slide_51_img2.md
What does the image 2 on page 51 of lecture 1 illustrate?,lecture_1_slide_51_img2.md
Can you elaborate on image 2 presented in slide 51 of lecture 1?,lecture_1_slide_51_img2.md
What is explained by the image labeled as number 2 on slide 51 of the first lecture?,lecture_1_slide_51_img2.md
Could you interpret the content and meaning of image 2 on slide 51 in Lecture 1?,lecture_1_slide_51_img2.md
Could you elaborate on the content presented in slide 44 of the first lecture?,lecture_1_slide_44_subfields-of-ml.md
What is the detailed explanation of slide 44 from lecture one?,lecture_1_slide_44_subfields-of-ml.md
Can you summarize the key points from slide 44 of lecture 1?,lecture_1_slide_44_subfields-of-ml.md
What information is conveyed in slide 44 of lecture number 1?,lecture_1_slide_44_subfields-of-ml.md
How would you describe the content of the 44th slide from the initial lecture?,lecture_1_slide_44_subfields-of-ml.md
What are the main concepts illustrated in slide 44 of the first lecture?,lecture_1_slide_44_subfields-of-ml.md
Can you break down the details shown in slide 44 of lecture 1?,lecture_1_slide_44_subfields-of-ml.md
What is being discussed in slide 44 of the first lecture?,lecture_1_slide_44_subfields-of-ml.md
Can you provide a detailed description of what slide 44 of lecture one covers?,lecture_1_slide_44_subfields-of-ml.md
What is the focus of slide 44 in the first lecture?,lecture_1_slide_44_subfields-of-ml.md
Could you describe what's happening on slide 39 of lecture 1?,lecture_1_slide_39_ml-to-deep-learning.md
What is the content of slide 39 in lecture 1?,lecture_1_slide_39_ml-to-deep-learning.md
Can you explain the details on slide 39 from the first lecture?,lecture_1_slide_39_ml-to-deep-learning.md
What information is presented on slide 39 in lecture 1?,lecture_1_slide_39_ml-to-deep-learning.md
Please clarify what is depicted on slide 39 of the initial lecture.,lecture_1_slide_39_ml-to-deep-learning.md
What are the key points covered in slide 39 of lecture 1?,lecture_1_slide_39_ml-to-deep-learning.md
Could you interpret the data or visuals on slide 39 of the first lecture?,lecture_1_slide_39_ml-to-deep-learning.md
What does slide 39 of lecture 1 illustrate?,lecture_1_slide_39_ml-to-deep-learning.md
Can you provide an analysis of slide 39 from lecture 1?,lecture_1_slide_39_ml-to-deep-learning.md
What are the main ideas conveyed in slide 39 of lecture 1?,lecture_1_slide_39_ml-to-deep-learning.md
Could you clarify the content discussed in slide 47 of lecture 1?,lecture_1_slide_47_ml-flow.md
What is the main focus of slide 47 in the first lecture?,lecture_1_slide_47_ml-flow.md
Can you walk me through what is depicted on slide 47 of lecture 1?,lecture_1_slide_47_ml-flow.md
What information is presented on slide 47 of the initial lecture?,lecture_1_slide_47_ml-flow.md
Could you describe the key points covered in slide 47 from lecture 1?,lecture_1_slide_47_ml-flow.md
What is the slide 47 of lecture 1 all about?,lecture_1_slide_47_ml-flow.md
Can you explain the details of slide 47 in the first lecture?,lecture_1_slide_47_ml-flow.md
What concepts are introduced in slide 47 of lecture 1?,lecture_1_slide_47_ml-flow.md
How does slide 47 fit into the overall topic of lecture 1?,lecture_1_slide_47_ml-flow.md
Could you give an overview of what slide 47 in lecture 1 is addressing?,lecture_1_slide_47_ml-flow.md
Can you describe the content of slide 52 from lecture 1?,lecture_1_slide_52_industry-perspective.md
What details are provided on slide 52 in the first lecture?,lecture_1_slide_52_industry-perspective.md
Could you elaborate on the information presented in slide 52 of lecture 1?,lecture_1_slide_52_industry-perspective.md
What is depicted in slide 52 of the initial lecture?,lecture_1_slide_52_industry-perspective.md
Please explain the key points covered in slide 52 of lecture 1.,lecture_1_slide_52_industry-perspective.md
How would you interpret the data on slide 52 from the first lecture?,lecture_1_slide_52_industry-perspective.md
What is the main topic addressed in slide 52 of lecture 1?,lecture_1_slide_52_industry-perspective.md
Could you provide an analysis of slide 52 from the first lecture?,lecture_1_slide_52_industry-perspective.md
What are the highlights of slide 52 in lecture 1?,lecture_1_slide_52_industry-perspective.md
Would you mind clarifying the material presented in slide 52 of lecture 1?,lecture_1_slide_52_industry-perspective.md
Can you clarify the content presented on slide 8 of lecture 1?,lecture_1_slide_8_team.md
What are the key points discussed on the eighth slide of the first lecture?,lecture_1_slide_8_team.md
Could you describe what slide 8 of lecture 1 is focusing on?,lecture_1_slide_8_team.md
What information is covered in slide 8 of the first lecture?,lecture_1_slide_8_team.md
Please summarize the main topics of slide 8 from lecture 1.,lecture_1_slide_8_team.md
What is the main idea conveyed in the eighth slide of lecture 1?,lecture_1_slide_8_team.md
Explain the content of slide number 8 in the initial lecture.,lecture_1_slide_8_team.md
What details are presented on slide 8 in the first lecture?,lecture_1_slide_8_team.md
Could you elaborate on the subject matter of the eighth slide from lecture one?,lecture_1_slide_8_team.md
What is the theme of slide 8 in the first lecture session?,lecture_1_slide_8_team.md
Could you describe what is depicted in image 1 on slide 45 of lecture 1?,lecture_1_slide_45_img1.md
Can you explain the contents of image 1 found on slide 45 of lecture 1?,lecture_1_slide_45_img1.md
What does image 1 on slide 45 of lecture 1 illustrate?,lecture_1_slide_45_img1.md
Please provide an explanation for image 1 shown on slide 45 of lecture 1.,lecture_1_slide_45_img1.md
What information is conveyed by image 1 on slide 45 of lecture 1?,lecture_1_slide_45_img1.md
How would you interpret image 1 located on slide 45 of lecture 1?,lecture_1_slide_45_img1.md
Could you elaborate on the features of image 1 on slide 45 from lecture 1?,lecture_1_slide_45_img1.md
What details are highlighted in image 1 on slide 45 of the first lecture?,lecture_1_slide_45_img1.md
Can you describe the main points of image 1 present on slide 45 of lecture 1?,lecture_1_slide_45_img1.md
What is the significance of image 1 shown on slide 45 in the context of lecture 1?,lecture_1_slide_45_img1.md
Could you clarify the content presented on slide 48 of the first lecture?,lecture_1_slide_48_challenges.md
What is depicted on slide 48 in the initial lecture?,lecture_1_slide_48_challenges.md
Can you provide details about what slide 48 covers in lecture one?,lecture_1_slide_48_challenges.md
Could you summarize the main points of slide 48 from the first lecture?,lecture_1_slide_48_challenges.md
What information is conveyed on slide 48 of lecture 1?,lecture_1_slide_48_challenges.md
Can you explain the key topics discussed on slide 48 in the first lecture?,lecture_1_slide_48_challenges.md
What are the highlights of slide 48 from lecture one?,lecture_1_slide_48_challenges.md
Could you describe what is happening on slide 48 of the initial lecture?,lecture_1_slide_48_challenges.md
What are the main themes presented on slide 48 in lecture 1?,lecture_1_slide_48_challenges.md
Could you give an overview of slide 48 from the first lecture?,lecture_1_slide_48_challenges.md
Can you describe image 1 on slide 37 from lecture 1?,lecture_1_slide_37_img1.md
Please explain the first image found on slide 37 in lecture 1.,lecture_1_slide_37_img1.md
What does image 1 depict on slide 37 of the first lecture?,lecture_1_slide_37_img1.md
Give an explanation of image 1 located on slide 37 of lecture 1.,lecture_1_slide_37_img1.md
Could you provide insights on image 1 from slide 37 in the initial lecture?,lecture_1_slide_37_img1.md
What is shown in image 1 on slide 37 of lecture 1?,lecture_1_slide_37_img1.md
Can you analyze the content of image 1 on slide 37 from lecture 1?,lecture_1_slide_37_img1.md
Please interpret image 1 that appears on slide 37 in the first lecture.,lecture_1_slide_37_img1.md
What details are included in image 1 on slide 37 of lecture 1?,lecture_1_slide_37_img1.md
How would you explain the first image on slide 37 of lecture 1?,lecture_1_slide_37_img1.md
Could you clarify the content presented on slide 25 of the first lecture?,lecture_1_slide_25_rule-final-exam-compulsory-assignments.md
What information is depicted on slide 25 of lecture 1?,lecture_1_slide_25_rule-final-exam-compulsory-assignments.md
Can you describe what is happening on slide 25 from the initial lecture?,lecture_1_slide_25_rule-final-exam-compulsory-assignments.md
What details are covered in slide 25 of the first lecture?,lecture_1_slide_25_rule-final-exam-compulsory-assignments.md
Please explain the key points on slide 25 from lecture 1.,lecture_1_slide_25_rule-final-exam-compulsory-assignments.md
What is the main subject of slide 25 in the first lecture?,lecture_1_slide_25_rule-final-exam-compulsory-assignments.md
How would you summarize the content of slide 25 in lecture 1?,lecture_1_slide_25_rule-final-exam-compulsory-assignments.md
Could you elaborate on the material shown on slide 25 of lecture 1?,lecture_1_slide_25_rule-final-exam-compulsory-assignments.md
What happens to be the focus of slide 25 during the first lecture?,lecture_1_slide_25_rule-final-exam-compulsory-assignments.md
What topics are addressed on slide 25 of the inaugural lecture?,lecture_1_slide_25_rule-final-exam-compulsory-assignments.md
Can you describe the content of slide 37 from lecture 1?,lecture_1_slide_37_what-is-machine-learning.md
What information is presented on slide 37 in the first lecture?,lecture_1_slide_37_what-is-machine-learning.md
Could you detail what's depicted in slide 37 of lecture 1?,lecture_1_slide_37_what-is-machine-learning.md
What is discussed on slide 37 of the initial lecture?,lecture_1_slide_37_what-is-machine-learning.md
Please explain the key points shown on slide 37 in lecture 1.,lecture_1_slide_37_what-is-machine-learning.md
How would you interpret the material on slide 37 of the first lecture?,lecture_1_slide_37_what-is-machine-learning.md
What does slide 37 cover in the first lecture?,lecture_1_slide_37_what-is-machine-learning.md
Can you summarize the main ideas presented on slide 37 of lecture 1?,lecture_1_slide_37_what-is-machine-learning.md
What are the primary topics addressed on slide 37 in lecture 1?,lecture_1_slide_37_what-is-machine-learning.md
Could you clarify the message conveyed by slide 37 in the first lecture?,lecture_1_slide_37_what-is-machine-learning.md
Could you clarify the content presented on slide 36 of the first lecture?,lecture_1_slide_36_httpswwwyoutubecomwatchvmpugh0qaqwa.md
What information is being conveyed in slide 36 from lecture 1?,lecture_1_slide_36_httpswwwyoutubecomwatchvmpugh0qaqwa.md
Can you elaborate on the subject matter covered in slide 36 of lecture 1?,lecture_1_slide_36_httpswwwyoutubecomwatchvmpugh0qaqwa.md
What details are discussed on slide 36 in the first lecture?,lecture_1_slide_36_httpswwwyoutubecomwatchvmpugh0qaqwa.md
Please explain the concepts illustrated on slide 36 in lecture 1.,lecture_1_slide_36_httpswwwyoutubecomwatchvmpugh0qaqwa.md
What is the main point of discussion on slide 36 of the initial lecture?,lecture_1_slide_36_httpswwwyoutubecomwatchvmpugh0qaqwa.md
"How is slide 36 of lecture 1 presented, and what does it explain?",lecture_1_slide_36_httpswwwyoutubecomwatchvmpugh0qaqwa.md
Can you provide an overview of what slide 36 in lecture 1 is about?,lecture_1_slide_36_httpswwwyoutubecomwatchvmpugh0qaqwa.md
What topics are addressed in slide 36 of the first lecture?,lecture_1_slide_36_httpswwwyoutubecomwatchvmpugh0qaqwa.md
Could you dissect the elements displayed on slide 36 of lecture one?,lecture_1_slide_36_httpswwwyoutubecomwatchvmpugh0qaqwa.md
Can you describe the contents of slide 18 from lecture 1?,lecture_1_slide_18_submission-process.md
What is being presented on slide 18 in the first lecture?,lecture_1_slide_18_submission-process.md
Would you explain the main points of slide 18 in lecture 1?,lecture_1_slide_18_submission-process.md
What information is conveyed in slide 18 of the initial lecture?,lecture_1_slide_18_submission-process.md
Could you clarify what's happening on slide 18 in lecture 1?,lecture_1_slide_18_submission-process.md
Please summarize the key details of slide 18 from lecture 1.,lecture_1_slide_18_submission-process.md
What are the key elements shown on slide 18 of the first lecture?,lecture_1_slide_18_submission-process.md
Could you provide an explanation of slide 18 in lecture 1?,lecture_1_slide_18_submission-process.md
What is the focus of slide 18 in the first lecture?,lecture_1_slide_18_submission-process.md
How would you interpret the content of slide 18 in lecture 1?,lecture_1_slide_18_submission-process.md
Could you describe the content of slide 19 from the first lecture?,lecture_1_slide_19_final-exam.md
What is depicted on slide 19 in the initial lecture?,lecture_1_slide_19_final-exam.md
Can you explain the details presented on slide 19 of lecture 1?,lecture_1_slide_19_final-exam.md
What information is being conveyed on slide 19 of the first lecture?,lecture_1_slide_19_final-exam.md
Please elaborate on what slide 19 of lecture 1 is about.,lecture_1_slide_19_final-exam.md
What does slide 19 from the first lecture illustrate?,lecture_1_slide_19_final-exam.md
Could you provide an explanation of slide 19 in lecture 1?,lecture_1_slide_19_final-exam.md
What are the main points discussed on slide 19 of the opening lecture?,lecture_1_slide_19_final-exam.md
Can you clarify the concepts shown on slide 19 in the first lecture?,lecture_1_slide_19_final-exam.md
What is the main focus of slide 19 in lecture 1?,lecture_1_slide_19_final-exam.md
Could you describe the content presented on slide 49 of lecture 1?,lecture_1_slide_49_generalization-of-ml.md
What information is provided on slide 49 of the first lecture?,lecture_1_slide_49_generalization-of-ml.md
Can you explain the main points being addressed on slide 49 of lecture 1?,lecture_1_slide_49_generalization-of-ml.md
What is the key message conveyed in slide 49 from the initial lecture?,lecture_1_slide_49_generalization-of-ml.md
Please elaborate on what is shown on slide 49 in lecture 1.,lecture_1_slide_49_generalization-of-ml.md
What are the details discussed in slide 49 of the first lecture?,lecture_1_slide_49_generalization-of-ml.md
Could you clarify the concepts presented on slide 49 of lecture 1?,lecture_1_slide_49_generalization-of-ml.md
What topics are covered on slide 49 in the first lecture?,lecture_1_slide_49_generalization-of-ml.md
Explain the significance of the content on slide 49 in lecture 1.,lecture_1_slide_49_generalization-of-ml.md
What is the focus of slide 49 in lecture 1 and its importance?,lecture_1_slide_49_generalization-of-ml.md
What information is presented in slide 1 of lecture 1?,lecture_1_slide_1_to_7_intro.md
Can you describe the content of the first slide in lecture 1?,lecture_1_slide_1_to_7_intro.md
What details are covered in lecture 1's opening slide?,lecture_1_slide_1_to_7_intro.md
Could you elaborate on the main points from slide 1 of the first lecture?,lecture_1_slide_1_to_7_intro.md
What is the message conveyed by slide 1 in lecture 1?,lecture_1_slide_1_to_7_intro.md
Please explain the key topics in the initial slide of lecture 1.,lecture_1_slide_1_to_7_intro.md
What is the significance of the first slide in lecture 1?,lecture_1_slide_1_to_7_intro.md
"How would you summarize the information on lecture 1, slide 1?",lecture_1_slide_1_to_7_intro.md
Can you provide an overview of slide 1 in lecture 1?,lecture_1_slide_1_to_7_intro.md
What are the core ideas presented in the first slide of lecture 1?,lecture_1_slide_1_to_7_intro.md
Can you describe the content on slide 46 from lecture 1?,lecture_1_slide_46_ml-application.md
What is the main focus of slide 46 in the first lecture?,lecture_1_slide_46_ml-application.md
Could you explain the details presented on slide 46 of lecture 1?,lecture_1_slide_46_ml-application.md
What information is being conveyed on slide 46 in lecture 1?,lecture_1_slide_46_ml-application.md
Please elaborate on the points covered on slide 46 from the initial lecture.,lecture_1_slide_46_ml-application.md
What are the key topics discussed on slide 46 of the first lecture?,lecture_1_slide_46_ml-application.md
Could you summarize the material shown on slide 46 in lecture 1?,lecture_1_slide_46_ml-application.md
What is the essential message on slide 46 of the first lecture?,lecture_1_slide_46_ml-application.md
How would you interpret the contents of slide 46 from lecture 1?,lecture_1_slide_46_ml-application.md
What explanation can you provide for the topics on slide 46 in lecture 1?,lecture_1_slide_46_ml-application.md
Can you describe what is shown in the first image on slide 49 of the first lecture?,lecture_1_slide_49_img1.md
What details are provided in image 1 on slide 49 from lecture 1?,lecture_1_slide_49_img1.md
Please explain the content of the first image on the 49th slide of lecture 1.,lecture_1_slide_49_img1.md
Could you interpret the information presented in image 1 of slide 49 in the initial lecture?,lecture_1_slide_49_img1.md
What is depicted in the first image on slide 49 from the first lecture?,lecture_1_slide_49_img1.md
Can you provide an explanation for the contents of image 1 on slide 49 in lecture 1?,lecture_1_slide_49_img1.md
What can you infer from the first image on slide number 49 of lecture 1?,lecture_1_slide_49_img1.md
Please elucidate on the visual details shown in image 1 on the 49th slide of the first lecture.,lecture_1_slide_49_img1.md
Could you clarify the elements presented in the initial image on slide 49 of lecture 1?,lecture_1_slide_49_img1.md
What does the first image convey on the 49th slide of lecture 1?,lecture_1_slide_49_img1.md
Could you elaborate on the details of image 1 from slide 50 in lecture 1?,lecture_1_slide_50_img1.md
What is depicted in image 1 on slide 50 of the first lecture?,lecture_1_slide_50_img1.md
"Please provide an explanation for the image found on slide 50, image 1, of lecture 1.",lecture_1_slide_50_img1.md
Can you clarify the content of image 1 on the 50th slide of lecture 1?,lecture_1_slide_50_img1.md
I'd like a description of image 1 on slide 50 from lecture 1.,lecture_1_slide_50_img1.md
What information is conveyed by image 1 on slide 50 of the first lecture?,lecture_1_slide_50_img1.md
"Could you describe the image on the 50th slide, image 1, in lecture 1?",lecture_1_slide_50_img1.md
Please explain the first image present on slide 50 of lecture 1.,lecture_1_slide_50_img1.md
What does image 1 on slide 50 of Lecture 1 illustrate?,lecture_1_slide_50_img1.md
Could you interpret the content of image 1 on slide 50 in the first lecture?,lecture_1_slide_50_img1.md
Can you describe what is shown in image 1 on slide 32 of the first lecture?,lecture_1_slide_32_img1.md
What details are illustrated in image 1 found on slide 32 of lecture 1?,lecture_1_slide_32_img1.md
"Could you provide an explanation of the image on slide 32, lecture 1, specifically image 1?",lecture_1_slide_32_img1.md
What does image 1 depict in slide 32 from the first lecture?,lecture_1_slide_32_img1.md
"Can you clarify the contents of the image located on slide 32, image 1, of lecture 1?",lecture_1_slide_32_img1.md
What is illustrated in image 1 on the 32nd slide of the first lecture?,lecture_1_slide_32_img1.md
Please explain what image 1 represents on slide 32 of lecture 1.,lecture_1_slide_32_img1.md
Could you elaborate on the first image presented in the 32nd slide of lecture 1?,lecture_1_slide_32_img1.md
What information does image 1 convey on slide 32 of the initial lecture?,lecture_1_slide_32_img1.md
Can you detail the elements found in image 1 on slide number 32 of lecture 1?,lecture_1_slide_32_img1.md
Can you describe the details presented in slide 12 of lecture 1?,lecture_1_slide_12_helping-materials.md
What information is conveyed on slide 12 in the first lecture?,lecture_1_slide_12_helping-materials.md
Could you summarize the main points from slide 12 of lecture 1?,lecture_1_slide_12_helping-materials.md
What are the key topics covered in slide 12 of lecture 1?,lecture_1_slide_12_helping-materials.md
How would you explain the content of slide 12 from the first lecture?,lecture_1_slide_12_helping-materials.md
What is the main focus of slide 12 in lecture 1?,lecture_1_slide_12_helping-materials.md
Could you provide an overview of what slide 12 of lecture 1 discusses?,lecture_1_slide_12_helping-materials.md
What is the primary message presented on slide 12 in lecture 1?,lecture_1_slide_12_helping-materials.md
Can you clarify the concepts outlined in slide 12 from lecture 1?,lecture_1_slide_12_helping-materials.md
What is happening on slide 12 of the initial lecture?,lecture_1_slide_12_helping-materials.md
Can you describe the content presented on slide 9 of lecture 1?,lecture_1_slide_9_four-basic-goals.md
What's happening in slide 9 of the first lecture?,lecture_1_slide_9_four-basic-goals.md
Could you provide an explanation of slide 9 from lecture 1?,lecture_1_slide_9_four-basic-goals.md
What are the main points covered in slide 9 of lecture 1?,lecture_1_slide_9_four-basic-goals.md
Please explain the information shown on slide 9 of lecture 1.,lecture_1_slide_9_four-basic-goals.md
What details are presented on slide 9 of the first lecture?,lecture_1_slide_9_four-basic-goals.md
Could you summarize the key concepts from slide 9 in lecture 1?,lecture_1_slide_9_four-basic-goals.md
What is the focus of slide 9 in the first lecture?,lecture_1_slide_9_four-basic-goals.md
How would you explain the material on slide 9 from lecture 1?,lecture_1_slide_9_four-basic-goals.md
What is the content of slide 9 in lecture 1 about?,lecture_1_slide_9_four-basic-goals.md
Could you describe the content displayed on slide 40 of lecture 1?,lecture_1_slide_40_terminology.md
What information is presented on slide 40 of the first lecture?,lecture_1_slide_40_terminology.md
Can you summarize the key points on slide 40 from lecture 1?,lecture_1_slide_40_terminology.md
What details are covered on the 40th slide of lecture 1?,lecture_1_slide_40_terminology.md
Please explain the material found on slide 40 of the first lecture.,lecture_1_slide_40_terminology.md
What is being illustrated or explained on slide 40 in lecture 1?,lecture_1_slide_40_terminology.md
Could you clarify what's shown on slide 40 of lecture 1?,lecture_1_slide_40_terminology.md
What topics are addressed on slide 40 of lecture 1?,lecture_1_slide_40_terminology.md
Can you provide an analysis of slide 40 from lecture 1?,lecture_1_slide_40_terminology.md
What is the main focus of slide 40 in the first lecture?,lecture_1_slide_40_terminology.md
Can you describe the image found on slide 51 of lecture 1?,lecture_1_slide_51_img1.md
What does the image on slide 51 of lecture 1 illustrate?,lecture_1_slide_51_img1.md
Could you explain what is depicted in the image on slide 51 of our first lecture?,lecture_1_slide_51_img1.md
Please interpret the image that appears on slide 51 in lecture 1.,lecture_1_slide_51_img1.md
What information is conveyed by the image on slide 51 of lecture 1?,lecture_1_slide_51_img1.md
How would you explain the contents of the image on slide 51 from lecture 1?,lecture_1_slide_51_img1.md
What is shown in the image on slide 51 of the initial lecture?,lecture_1_slide_51_img1.md
Can you provide an explanation for the image located on slide 51 in the first lecture?,lecture_1_slide_51_img1.md
What details can you give about the image on slide 51 of lecture 1?,lecture_1_slide_51_img1.md
Explain what we see in the image on slide 51 during the first lecture.,lecture_1_slide_51_img1.md
Could you describe what's happening on slide 33 of the first lecture?,lecture_1_slide_33_what-is-data-science.md
What's being depicted in slide 33 of Lecture 1?,lecture_1_slide_33_what-is-data-science.md
Can you provide an explanation for slide 33 in the first lecture?,lecture_1_slide_33_what-is-data-science.md
What information is presented on slide 33 of Lecture 1?,lecture_1_slide_33_what-is-data-science.md
Could you clarify the content of slide 33 from lecture 1?,lecture_1_slide_33_what-is-data-science.md
What does slide 33 cover in the initial lecture?,lecture_1_slide_33_what-is-data-science.md
Please explain the details found on slide 33 of Lecture 1.,lecture_1_slide_33_what-is-data-science.md
What are the key points shown on slide 33 of the first lecture?,lecture_1_slide_33_what-is-data-science.md
Can you give an overview of slide 33 from Lecture 1?,lecture_1_slide_33_what-is-data-science.md
What is the main focus of slide 33 in the first lecture presentation?,lecture_1_slide_33_what-is-data-science.md
Can you describe what is shown in image 1 on slide 15 of lecture 1?,lecture_1_slide_15_img1.md
Please provide an explanation for the first image on slide 15 of the first lecture.,lecture_1_slide_15_img1.md
What details can you give about the image on slide 15 in lecture 1?,lecture_1_slide_15_img1.md
I'd like an explanation of image 1 on slide 15 from our first lecture.,lecture_1_slide_15_img1.md
Could you summarize the content of image 1 in slide 15 from lecture 1?,lecture_1_slide_15_img1.md
What is the significance of image 1 on slide 15 in the first lecture?,lecture_1_slide_15_img1.md
"Please explain the graphic found in slide 15, image 1 of lecture 1.",lecture_1_slide_15_img1.md
What information does image 1 on slide 15 contain in lecture 1?,lecture_1_slide_15_img1.md
Can you interpret the first image on the fifteenth slide of lecture 1?,lecture_1_slide_15_img1.md
What can you tell me about image 1 located on slide 15 of our first lecture?,lecture_1_slide_15_img1.md
Can you describe the content of slide 27 from the first lecture?,lecture_1_slide_27_ucloud-platform.md
What is depicted on slide 27 of lecture 1?,lecture_1_slide_27_ucloud-platform.md
Could you provide an explanation for what is shown on slide 27 in lecture 1?,lecture_1_slide_27_ucloud-platform.md
What information is presented on slide number 27 of the initial lecture?,lecture_1_slide_27_ucloud-platform.md
Please explain the details found on slide 27 of the first lecture.,lecture_1_slide_27_ucloud-platform.md
What does slide 27 of the first lecture illustrate?,lecture_1_slide_27_ucloud-platform.md
Could you summarize the main points of slide 27 in the first lecture?,lecture_1_slide_27_ucloud-platform.md
What are the key elements discussed on slide 27 of lecture 1?,lecture_1_slide_27_ucloud-platform.md
How would you interpret the content of slide 27 from lecture one?,lecture_1_slide_27_ucloud-platform.md
What topics are covered in slide 27 of the opening lecture?,lecture_1_slide_27_ucloud-platform.md
Could you describe the contents of slide 24 from lecture 1?,lecture_1_slide_24_rule-compulsory-assignments.md
What is explained in slide 24 of the first lecture?,lecture_1_slide_24_rule-compulsory-assignments.md
Please summarize the information presented on slide 24 in lecture 1.,lecture_1_slide_24_rule-compulsory-assignments.md
Can you give an overview of what's discussed on slide 24 of lecture 1?,lecture_1_slide_24_rule-compulsory-assignments.md
What details are covered in slide 24 of the initial lecture?,lecture_1_slide_24_rule-compulsory-assignments.md
Could you provide an explanation of slide 24 from the first lecture?,lecture_1_slide_24_rule-compulsory-assignments.md
What is the main focus of slide 24 in lecture 1?,lecture_1_slide_24_rule-compulsory-assignments.md
What topics are presented on slide 24 of the first lecture?,lecture_1_slide_24_rule-compulsory-assignments.md
Can you clarify the information shown on slide 24 in lecture 1?,lecture_1_slide_24_rule-compulsory-assignments.md
What is depicted on slide 24 of the first lecture session?,lecture_1_slide_24_rule-compulsory-assignments.md
Can you describe the content of slide 17 from lecture 1?,lecture_1_slide_17_compulsory-assignments.md
What information is presented on slide 17 of lecture 1?,lecture_1_slide_17_compulsory-assignments.md
Could you elaborate on the details shown in slide 17 of the first lecture?,lecture_1_slide_17_compulsory-assignments.md
What is the main point being discussed in slide 17 of lecture 1?,lecture_1_slide_17_compulsory-assignments.md
Please explain the key concepts illustrated in slide 17 of lecture 1.,lecture_1_slide_17_compulsory-assignments.md
What is happening in slide 17 of the first lecture presentation?,lecture_1_slide_17_compulsory-assignments.md
Can you break down the elements displayed on slide 17 from lecture 1?,lecture_1_slide_17_compulsory-assignments.md
What topics are covered in slide 17 of the opening lecture?,lecture_1_slide_17_compulsory-assignments.md
Could you analyze the data or images shown in slide 17 of lecture 1?,lecture_1_slide_17_compulsory-assignments.md
What are the highlights or important notes from slide 17 in lecture 1?,lecture_1_slide_17_compulsory-assignments.md
Could you elaborate on the content of slide 21 from lecture 1?,lecture_1_slide_21_before-week-15.md
What is being discussed on slide 21 in the first lecture?,lecture_1_slide_21_before-week-15.md
Can you provide an explanation of slide 21 from the introductory lecture?,lecture_1_slide_21_before-week-15.md
What are the key points covered on slide 21 of lecture 1?,lecture_1_slide_21_before-week-15.md
How would you summarize the information presented on slide 21 in lecture 1?,lecture_1_slide_21_before-week-15.md
What details are shared on slide 21 in the first lecture?,lecture_1_slide_21_before-week-15.md
Could you interpret the material shown on slide 21 of the initial lecture?,lecture_1_slide_21_before-week-15.md
What is the focus of slide 21 in lecture 1?,lecture_1_slide_21_before-week-15.md
Can you explain the main ideas on slide 21 from the first lecture?,lecture_1_slide_21_before-week-15.md
What does slide 21 of lecture 1 address?,lecture_1_slide_21_before-week-15.md
Can you describe what image 2 on slide 35 from lecture 1 illustrates?,lecture_1_slide_35_img2.md
What details are shown in the second image on slide 35 of the first lecture?,lecture_1_slide_35_img2.md
Could you provide an explanation for image 2 on slide 35 of lecture 1?,lecture_1_slide_35_img2.md
Please explain the content of the second image found on slide 35 in lecture 1.,lecture_1_slide_35_img2.md
What is depicted in image 2 on slide 35 in the initial lecture?,lecture_1_slide_35_img2.md
How would you interpret the information presented in image 2 of slide 35 from lecture 1?,lecture_1_slide_35_img2.md
Could you shed light on the elements of image 2 found in slide 35 of lecture 1?,lecture_1_slide_35_img2.md
What does the second image on slide 35 of lecture 1 demonstrate?,lecture_1_slide_35_img2.md
Can you clarify the significance of image 2 in slide 35 from the first lecture?,lecture_1_slide_35_img2.md
Describe what is represented in image 2 on slide 35 of lecture 1.,lecture_1_slide_35_img2.md
Could you describe what's happening in slide 43 of the first lecture?,lecture_1_slide_43_categories-of-ml.md
What is being depicted in slide 43 of Lecture 1?,lecture_1_slide_43_categories-of-ml.md
Can you clarify the content of slide 43 from lecture 1?,lecture_1_slide_43_categories-of-ml.md
Please explain the details of slide 43 in the initial lecture.,lecture_1_slide_43_categories-of-ml.md
What are the key points shown on slide 43 of Lecture 1?,lecture_1_slide_43_categories-of-ml.md
Would you mind explaining the information on slide 43 of our first lecture?,lecture_1_slide_43_categories-of-ml.md
Could you provide an overview of what's illustrated in slide 43 of the first lecture?,lecture_1_slide_43_categories-of-ml.md
What concepts are highlighted on slide 43 from lecture 1?,lecture_1_slide_43_categories-of-ml.md
Can you help me understand the material presented on slide 43 of Lecture 1?,lecture_1_slide_43_categories-of-ml.md
What is the main focus of slide 43 in the first lecture?,lecture_1_slide_43_categories-of-ml.md
Can you describe the content of slide 45 from lecture 1?,lecture_1_slide_45_ml-application.md
What information is presented on slide 45 of the first lecture?,lecture_1_slide_45_ml-application.md
Could you summarize what is depicted in slide 45 of lecture 1?,lecture_1_slide_45_ml-application.md
What details are provided on slide 45 in the initial lecture?,lecture_1_slide_45_ml-application.md
What is discussed on slide 45 of lecture 1?,lecture_1_slide_45_ml-application.md
Could you explain the main points of slide 45 from lecture 1?,lecture_1_slide_45_ml-application.md
What concepts are covered in slide 45 of the first lecture?,lecture_1_slide_45_ml-application.md
What topics are addressed on slide 45 in lecture 1?,lecture_1_slide_45_ml-application.md
What is the focus of slide 45 from lecture 1?,lecture_1_slide_45_ml-application.md
Can you elaborate on the content found on slide 45 of the first lecture?,lecture_1_slide_45_ml-application.md
Could you describe the content of image 1 found on slide 39 of lecture 1?,lecture_1_slide_39_img1.md
What is depicted in image 1 on slide 39 from the first lecture?,lecture_1_slide_39_img1.md
Give an explanation of the first image on slide 39 in lecture 1.,lecture_1_slide_39_img1.md
Can you go through the details of image 1 on slide 39 of lecture 1?,lecture_1_slide_39_img1.md
Please provide an analysis of image 1 presented on slide 39 of the initial lecture.,lecture_1_slide_39_img1.md
How would you explain the contents of image 1 on slide 39 in the first lecture?,lecture_1_slide_39_img1.md
What information is conveyed by image 1 in slide 39 from lecture 1?,lecture_1_slide_39_img1.md
Could you break down the elements shown in image 1 on slide 39 of lecture 1?,lecture_1_slide_39_img1.md
Can you elucidate the picture shown as image 1 on slide 39 of lecture 1?,lecture_1_slide_39_img1.md
What is the significance of image 1 on slide 39 in the context of lecture 1?,lecture_1_slide_39_img1.md
Could you describe what's happening in slide 26 of the first lecture?,lecture_1_slide_26_rule-final-exam-compulsory-assignments.md
What details are presented on slide 26 in lecture 1?,lecture_1_slide_26_rule-final-exam-compulsory-assignments.md
Can you elaborate on the contents of slide 26 from the initial lecture?,lecture_1_slide_26_rule-final-exam-compulsory-assignments.md
What information is depicted on slide 26 of Lecture 1?,lecture_1_slide_26_rule-final-exam-compulsory-assignments.md
Please explain the key points shown in slide 26 of the first lecture.,lecture_1_slide_26_rule-final-exam-compulsory-assignments.md
What is the subject matter of slide 26 in lecture 1?,lecture_1_slide_26_rule-final-exam-compulsory-assignments.md
Could you clarify the main ideas on slide 26 of lecture 1?,lecture_1_slide_26_rule-final-exam-compulsory-assignments.md
What does slide 26 of the first lecture illustrate?,lecture_1_slide_26_rule-final-exam-compulsory-assignments.md
Can you summarize what slide 26 in lecture 1 covers?,lecture_1_slide_26_rule-final-exam-compulsory-assignments.md
What is being presented on slide 26 of the initial lecture?,lecture_1_slide_26_rule-final-exam-compulsory-assignments.md
Can you describe the content of slide 13 from lecture 1?,lecture_1_slide_13_lecture-plan.md
What details are covered in slide 13 of the first lecture?,lecture_1_slide_13_lecture-plan.md
Could you explain the main points from slide 13 in lecture 1?,lecture_1_slide_13_lecture-plan.md
What are the key topics presented in slide 13 of lecture 1?,lecture_1_slide_13_lecture-plan.md
Would you mind clarifying what is happening on slide 13 of the initial lecture?,lecture_1_slide_13_lecture-plan.md
What information is conveyed in slide 13 of the first lecture?,lecture_1_slide_13_lecture-plan.md
Can you provide an explanation of the material on slide 13 from lecture 1?,lecture_1_slide_13_lecture-plan.md
What is the central theme of slide 13 in the first lecture?,lecture_1_slide_13_lecture-plan.md
Could you elaborate on the details shown in slide 13 of lecture 1?,lecture_1_slide_13_lecture-plan.md
What concepts are illustrated on slide 13 in the first lecture?,lecture_1_slide_13_lecture-plan.md
Can you describe what is shown in image 1 of slide 52 from lecture 1?,lecture_1_slide_52_img1.md
What information is conveyed in image 1 on slide 52 of the first lecture?,lecture_1_slide_52_img1.md
Please interpret image 1 found on slide 52 of the initial lecture.,lecture_1_slide_52_img1.md
How would you explain the content of image 1 in slide 52 from the first lecture?,lecture_1_slide_52_img1.md
Could you clarify the details of image 1 on slide 52 of lecture 1?,lecture_1_slide_52_img1.md
What is depicted in image 1 on slide 52 of the first lecture?,lecture_1_slide_52_img1.md
Provide an explanation for image 1 in slide 52 of lecture 1.,lecture_1_slide_52_img1.md
What does image 1 illustrate on slide 52 of the first lecture?,lecture_1_slide_52_img1.md
Can you analyze the components of image 1 on slide 52 in lecture 1?,lecture_1_slide_52_img1.md
Share your understanding of what image 1 represents in slide 52 of lecture 1.,lecture_1_slide_52_img1.md
Could you provide an explanation of the content presented on slide 14 of lecture 12?,lecture_12_slide_14_hyper-parameters.md
What is discussed in slide 14 of lecture 12?,lecture_12_slide_14_hyper-parameters.md
Can you describe the contents of slide 14 from lecture 12?,lecture_12_slide_14_hyper-parameters.md
What does slide 14 of lecture 12 cover?,lecture_12_slide_14_hyper-parameters.md
Could you detail what is presented on slide 14 in lecture 12?,lecture_12_slide_14_hyper-parameters.md
What information is conveyed on slide 14 of lecture 12?,lecture_12_slide_14_hyper-parameters.md
Could you elaborate on the points made in slide 14 of lecture 12?,lecture_12_slide_14_hyper-parameters.md
Can you give an overview of the material on slide 14 from lecture 12?,lecture_12_slide_14_hyper-parameters.md
What topics are addressed on slide 14 of lecture 12?,lecture_12_slide_14_hyper-parameters.md
Please explain the key concepts depicted on slide 14 of lecture 12.,lecture_12_slide_14_hyper-parameters.md
Could you provide an explanation of the content presented on slide 17 of lecture 12?,lecture_12_slide_17_parameter-initialization.md
What details are being covered in slide 17 of the twelfth lecture?,lecture_12_slide_17_parameter-initialization.md
Can you elaborate on the information shown in slide 17 from lecture 12?,lecture_12_slide_17_parameter-initialization.md
Please explain what is depicted on the 17th slide of the 12th lecture.,lecture_12_slide_17_parameter-initialization.md
What is the main focus of the content on slide 17 in lecture 12?,lecture_12_slide_17_parameter-initialization.md
Could you clarify the subject matter of slide 17 from the 12th lecture?,lecture_12_slide_17_parameter-initialization.md
What are the key points highlighted in slide 17 during lecture 12?,lecture_12_slide_17_parameter-initialization.md
Can you describe what’s presented on slide 17 of lecture 12?,lecture_12_slide_17_parameter-initialization.md
What does slide 17 contain in the context of lecture 12?,lecture_12_slide_17_parameter-initialization.md
What explanation can you provide for the material on slide 17 of the 12th lecture?,lecture_12_slide_17_parameter-initialization.md
Could you describe what's shown in slide 9 of lecture 12?,lecture_12_slide_9_stacked-autoencoder.md
What is the content of slide 9 in lecture 12?,lecture_12_slide_9_stacked-autoencoder.md
Can you summarize the information presented on slide 9 of lecture 12?,lecture_12_slide_9_stacked-autoencoder.md
Please explain the details on slide 9 from lecture 12.,lecture_12_slide_9_stacked-autoencoder.md
What does slide 9 in lecture 12 talk about?,lecture_12_slide_9_stacked-autoencoder.md
Could you clarify the material on slide 9 of lecture 12?,lecture_12_slide_9_stacked-autoencoder.md
What's the main focus of slide 9 in lecture 12?,lecture_12_slide_9_stacked-autoencoder.md
Can you provide an explanation for slide 9 from lecture 12?,lecture_12_slide_9_stacked-autoencoder.md
What are the key points on slide 9 of lecture 12?,lecture_12_slide_9_stacked-autoencoder.md
How can slide 9 in lecture 12 be interpreted?,lecture_12_slide_9_stacked-autoencoder.md
Could you elaborate on the content presented in slide 4 of lecture 12?,lecture_12_slide_4_autoencoder.md
What are the key points discussed in slide 4 of lecture 12?,lecture_12_slide_4_autoencoder.md
Can you provide a detailed explanation of slide 4 from lecture 12?,lecture_12_slide_4_autoencoder.md
What is the main focus of slide 4 in the twelfth lecture?,lecture_12_slide_4_autoencoder.md
How would you describe the information shown in slide 4 of lecture 12?,lecture_12_slide_4_autoencoder.md
What topics are covered in slide 4 of lecture 12?,lecture_12_slide_4_autoencoder.md
Could you interpret the material on slide 4 from lecture 12?,lecture_12_slide_4_autoencoder.md
"In lecture 12, what does slide 4 attempt to convey?",lecture_12_slide_4_autoencoder.md
What is the content of slide 4 in lecture 12 about?,lecture_12_slide_4_autoencoder.md
Can you summarize the details of slide 4 in the 12th lecture?,lecture_12_slide_4_autoencoder.md
Could you describe what's shown in image 1 on slide 6 of lecture 12?,lecture_12_slide_6_img1.md
What details are presented in the first image on the sixth slide of lecture 12?,lecture_12_slide_6_img1.md
Please explain the first image on slide 6 from lecture 12.,lecture_12_slide_6_img1.md
What does image 1 on slide 6 of lecture 12 depict?,lecture_12_slide_6_img1.md
Can you interpret the contents of image 1 on slide 6 from lecture 12?,lecture_12_slide_6_img1.md
Provide an explanation of the first image located on slide 6 of the twelfth lecture.,lecture_12_slide_6_img1.md
What is illustrated in image 1 on the sixth slide of lecture 12?,lecture_12_slide_6_img1.md
Could you break down the elements of image 1 found on slide 6 of lecture 12?,lecture_12_slide_6_img1.md
What information is conveyed in the first image of slide 6 from lecture 12?,lecture_12_slide_6_img1.md
Please give a detailed explanation of image 1 on slide number 6 in lecture 12.,lecture_12_slide_6_img1.md
Could you clarify the content of slide 18 from lecture 12?,lecture_12_slide_18_learning-rate-setting-the-step-size.md
What's being discussed in slide 18 of lecture 12?,lecture_12_slide_18_learning-rate-setting-the-step-size.md
Can you break down the information presented on slide 18 of lecture 12?,lecture_12_slide_18_learning-rate-setting-the-step-size.md
Please explain the main points on slide 18 in lecture 12.,lecture_12_slide_18_learning-rate-setting-the-step-size.md
What are the key details in slide 18 of lecture 12?,lecture_12_slide_18_learning-rate-setting-the-step-size.md
Can you describe what's shown in slide 18 from lecture 12?,lecture_12_slide_18_learning-rate-setting-the-step-size.md
May I get an explanation of the details on slide 18 in lecture 12?,lecture_12_slide_18_learning-rate-setting-the-step-size.md
What is the focus of the discussion on slide 18 in lecture 12?,lecture_12_slide_18_learning-rate-setting-the-step-size.md
Could you summarize the content of slide 18 from lecture 12?,lecture_12_slide_18_learning-rate-setting-the-step-size.md
What topics are covered on slide 18 in lecture 12?,lecture_12_slide_18_learning-rate-setting-the-step-size.md
Could you provide an explanation of the content presented in slide 5 of lecture 12?,lecture_12_slide_5_autoencoder.md
What details are highlighted in slide number 5 of lecture 12?,lecture_12_slide_5_autoencoder.md
Can you describe what's happening on slide 5 from lecture 12?,lecture_12_slide_5_autoencoder.md
What information is covered on slide 5 in the twelfth lecture?,lecture_12_slide_5_autoencoder.md
Please explain the key points presented on slide 5 of the 12th lecture.,lecture_12_slide_5_autoencoder.md
What's the main focus of slide 5 in lecture 12?,lecture_12_slide_5_autoencoder.md
Could you summarize the material on slide 5 of lecture 12?,lecture_12_slide_5_autoencoder.md
What are the main ideas discussed in slide 5 of the twelfth lecture?,lecture_12_slide_5_autoencoder.md
Can you detail the concepts shown on slide 5 of lecture 12?,lecture_12_slide_5_autoencoder.md
What is explained on slide 5 in the 12th lecture?,lecture_12_slide_5_autoencoder.md
Could you describe what we're seeing in slide 2 of lecture 12?,lecture_12_slide_2_overview.md
What details can you provide about slide 2 from lecture 12?,lecture_12_slide_2_overview.md
Can you elaborate on the content of slide 2 in lecture 12?,lecture_12_slide_2_overview.md
Please explain the material presented on slide 2 of lecture 12.,lecture_12_slide_2_overview.md
What is the main point or focus of slide 2 in lecture 12?,lecture_12_slide_2_overview.md
How would you interpret slide 2 in lecture 12?,lecture_12_slide_2_overview.md
What's happening on slide 2 of lecture 12?,lecture_12_slide_2_overview.md
Could you break down the information shown on slide 2 of lecture 12?,lecture_12_slide_2_overview.md
What topics are addressed in slide 2 of lecture 12?,lecture_12_slide_2_overview.md
Can you summarize the key elements of slide 2 from lecture 12?,lecture_12_slide_2_overview.md
Could you describe what is happening on slide 7 of lecture 12?,lecture_12_slide_7_autoencoder.md
What is the content of slide 7 in lecture 12?,lecture_12_slide_7_autoencoder.md
Can you elaborate on the details presented in slide 7 of lecture 12?,lecture_12_slide_7_autoencoder.md
What information is conveyed in slide 7 of the twelfth lecture?,lecture_12_slide_7_autoencoder.md
Please explain the key points illustrated on slide 7 from lecture 12.,lecture_12_slide_7_autoencoder.md
What are the main takeaways from slide 7 in lecture 12?,lecture_12_slide_7_autoencoder.md
Could you summarize the content of the seventh slide from lecture 12?,lecture_12_slide_7_autoencoder.md
What does slide 7 in lecture 12 depict?,lecture_12_slide_7_autoencoder.md
Please provide an analysis of what's shown on slide 7 from lecture 12.,lecture_12_slide_7_autoencoder.md
What topics are covered in the seventh slide of the twelfth lecture?,lecture_12_slide_7_autoencoder.md
Can you describe the contents of slide 25 in lecture 12?,lecture_12_slide_25_hyper-parameter.md
What information is presented on slide 25 of lecture 12?,lecture_12_slide_25_hyper-parameter.md
"Could you elaborate on the details found in lecture 12, slide 25?",lecture_12_slide_25_hyper-parameter.md
What is being explained in slide 25 of the twelfth lecture?,lecture_12_slide_25_hyper-parameter.md
Please analyze the main points of slide 25 from lecture 12.,lecture_12_slide_25_hyper-parameter.md
What are the key concepts covered on slide 25 in lecture 12?,lecture_12_slide_25_hyper-parameter.md
Could you provide a breakdown of lecture 12's slide 25?,lecture_12_slide_25_hyper-parameter.md
What’s the significance of the material on slide 25 of lecture 12?,lecture_12_slide_25_hyper-parameter.md
How would you summarize the content of slide 25 from lecture 12?,lecture_12_slide_25_hyper-parameter.md
What topics are addressed in slide 25 of the 12th lecture?,lecture_12_slide_25_hyper-parameter.md
Can you describe what is presented on slide 15 of lecture 12?,lecture_12_slide_15_challenges-hyper-parameter-optimization.md
What details are covered in slide 15 of lecture 12?,lecture_12_slide_15_challenges-hyper-parameter-optimization.md
Could you elaborate on the content of slide 15 in lecture 12?,lecture_12_slide_15_challenges-hyper-parameter-optimization.md
What is the main focus of slide 15 in the twelfth lecture?,lecture_12_slide_15_challenges-hyper-parameter-optimization.md
How would you interpret the information on slide 15 of lecture 12?,lecture_12_slide_15_challenges-hyper-parameter-optimization.md
What are the key points discussed on slide 15 of lecture 12?,lecture_12_slide_15_challenges-hyper-parameter-optimization.md
Please explain the content featured in slide 15 of the 12th lecture.,lecture_12_slide_15_challenges-hyper-parameter-optimization.md
What is happening in slide 15 from lecture 12?,lecture_12_slide_15_challenges-hyper-parameter-optimization.md
Provide a summary of slide 15 from lecture 12.,lecture_12_slide_15_challenges-hyper-parameter-optimization.md
What topics are addressed on slide 15 in lecture 12?,lecture_12_slide_15_challenges-hyper-parameter-optimization.md
Could you describe the content and details presented in slide 20 of lecture 12?,lecture_12_slide_20_learning-rate-scheduling.md
What information is conveyed on slide 20 of lecture 12?,lecture_12_slide_20_learning-rate-scheduling.md
Can you provide an explanation of the material covered on slide 20 from lecture 12?,lecture_12_slide_20_learning-rate-scheduling.md
What are the key points discussed in slide 20 of the lecture 12 presentation?,lecture_12_slide_20_learning-rate-scheduling.md
Please interpret the data and information shown in slide 20 of lecture 12.,lecture_12_slide_20_learning-rate-scheduling.md
Could you summarize the main topics covered on slide 20 of lecture 12?,lecture_12_slide_20_learning-rate-scheduling.md
What is the subject matter of slide 20 in lecture 12?,lecture_12_slide_20_learning-rate-scheduling.md
Could you elaborate on the concepts presented in slide 20 of lecture 12?,lecture_12_slide_20_learning-rate-scheduling.md
What insights are provided on slide 20 of lecture 12?,lecture_12_slide_20_learning-rate-scheduling.md
How would you explain the visuals and text on slide 20 of lecture 12?,lecture_12_slide_20_learning-rate-scheduling.md
Could you elaborate on the content of image 1 found in slide 19 from lecture 12?,lecture_12_slide_19_img1.md
What details can you provide about the first image on slide 19 of lecture 12?,lecture_12_slide_19_img1.md
"Can you explain the image that appears on slide 19, lecture 12?",lecture_12_slide_19_img1.md
What information is presented in image 1 on slide 19 of lecture 12?,lecture_12_slide_19_img1.md
Please interpret the first image located on slide 19 in lecture 12.,lecture_12_slide_19_img1.md
How would you describe the elements of image 1 from slide 19 in lecture 12?,lecture_12_slide_19_img1.md
What does image 1 on slide 19 in lecture 12 signify?,lecture_12_slide_19_img1.md
Could you provide an explanation for the first image on slide 19 of lecture 12?,lecture_12_slide_19_img1.md
"What's depicted in the image on slide 19 of lecture 12, and could you explain it?",lecture_12_slide_19_img1.md
How can you describe the image shown on slide 19 of lecture 12?,lecture_12_slide_19_img1.md
Can you describe the content of slide 24 from lecture 12?,lecture_12_slide_24_hyper-parameter-optimization-techniques.md
What are the key points discussed in slide 24 of lecture 12?,lecture_12_slide_24_hyper-parameter-optimization-techniques.md
Could you clarify the information presented on slide 24 in lecture 12?,lecture_12_slide_24_hyper-parameter-optimization-techniques.md
What is happening in slide 24 of lecture 12?,lecture_12_slide_24_hyper-parameter-optimization-techniques.md
Please explain the details shown on slide 24 from the twelfth lecture.,lecture_12_slide_24_hyper-parameter-optimization-techniques.md
What does slide 24 from lecture 12 cover?,lecture_12_slide_24_hyper-parameter-optimization-techniques.md
Give an overview of the material discussed in slide 24 of lecture 12.,lecture_12_slide_24_hyper-parameter-optimization-techniques.md
"In lecture 12, what topics are addressed on slide 24?",lecture_12_slide_24_hyper-parameter-optimization-techniques.md
How would you summarize the content of slide 24 from lecture 12?,lecture_12_slide_24_hyper-parameter-optimization-techniques.md
Could you go over what is presented on slide 24 of the 12th lecture?,lecture_12_slide_24_hyper-parameter-optimization-techniques.md
Could you describe the content of slide 10 from lecture 12?,lecture_12_slide_10_convolution-autoencoder.md
What is being presented on slide 10 in lecture 12?,lecture_12_slide_10_convolution-autoencoder.md
Could you elaborate on what's shown in slide 10 of lecture 12?,lecture_12_slide_10_convolution-autoencoder.md
Can you explain the information displayed in slide 10 of lecture 12?,lecture_12_slide_10_convolution-autoencoder.md
What details are covered in slide 10 of lecture 12?,lecture_12_slide_10_convolution-autoencoder.md
Can you provide an explanation of slide 10 in lecture 12?,lecture_12_slide_10_convolution-autoencoder.md
What is the main topic discussed on slide 10 of lecture 12?,lecture_12_slide_10_convolution-autoencoder.md
Could you give me a summary of what's on slide 10 of lecture 12?,lecture_12_slide_10_convolution-autoencoder.md
What are the key points presented on slide 10 of lecture 12?,lecture_12_slide_10_convolution-autoencoder.md
Can you clarify the content of slide 10 from lecture 12?,lecture_12_slide_10_convolution-autoencoder.md
Could you describe the content of slide 8 from lecture 12?,lecture_12_slide_8_stacked-autoencoder.md
What information does slide 8 in lecture 12 convey?,lecture_12_slide_8_stacked-autoencoder.md
Please explain the details presented on slide 8 of lecture 12.,lecture_12_slide_8_stacked-autoencoder.md
What is depicted on slide 8 in lecture number 12?,lecture_12_slide_8_stacked-autoencoder.md
Can you clarify the main points shared in slide 8 of the 12th lecture?,lecture_12_slide_8_stacked-autoencoder.md
What is the subject matter covered on slide 8 of lecture 12?,lecture_12_slide_8_stacked-autoencoder.md
Could you shed some light on the events or topics discussed on slide 8 of lecture 12?,lecture_12_slide_8_stacked-autoencoder.md
What are the key elements shown on slide 8 from lecture 12?,lecture_12_slide_8_stacked-autoencoder.md
How would you summarize the content of slide 8 in the 12th lecture?,lecture_12_slide_8_stacked-autoencoder.md
Can you elaborate on what is presented on slide 8 during lecture 12?,lecture_12_slide_8_stacked-autoencoder.md
Can you clarify the content presented on slide 12 of lecture 12?,lecture_12_slide_12_recap.md
What information is covered by slide 12 in lecture 12?,lecture_12_slide_12_recap.md
Could you describe the details shown in slide 12 of lecture 12?,lecture_12_slide_12_recap.md
What is discussed on slide 12 of lecture 12?,lecture_12_slide_12_recap.md
Please explain the main points of slide 12 from lecture 12.,lecture_12_slide_12_recap.md
What's the focus of slide 12 in lecture 12?,lecture_12_slide_12_recap.md
Could you provide an overview of what's shown on slide 12 of lecture 12?,lecture_12_slide_12_recap.md
What topics are addressed on slide 12 in lecture 12?,lecture_12_slide_12_recap.md
Can you go over the contents of slide 12 from lecture 12?,lecture_12_slide_12_recap.md
What is described in slide 12 of lecture 12?,lecture_12_slide_12_recap.md
Could you describe the details presented on slide 6 of lecture 12?,lecture_12_slide_6_autoencoder.md
What is depicted in slide 6 of lecture 12?,lecture_12_slide_6_autoencoder.md
Can you explain the contents of slide 6 from lecture 12?,lecture_12_slide_6_autoencoder.md
Please provide an explanation of what is shown on slide 6 of lecture 12.,lecture_12_slide_6_autoencoder.md
What information is covered on slide 6 of lecture 12?,lecture_12_slide_6_autoencoder.md
Can you walk me through slide 6 of lecture 12?,lecture_12_slide_6_autoencoder.md
What is the main point discussed in slide 6 of lecture 12?,lecture_12_slide_6_autoencoder.md
Could you clarify the subject matter of slide 6 in lecture 12?,lecture_12_slide_6_autoencoder.md
What does slide 6 of lecture 12 illustrate?,lecture_12_slide_6_autoencoder.md
Can you break down the concepts displayed on slide 6 of lecture 12?,lecture_12_slide_6_autoencoder.md
Could you describe what is happening in slide 19 of lecture 12?,lecture_12_slide_19_learning-rate-scheduling.md
What details are presented on slide 19 of lecture 12?,lecture_12_slide_19_learning-rate-scheduling.md
Can you elaborate on the content of slide 19 from lecture 12?,lecture_12_slide_19_learning-rate-scheduling.md
What is explained on slide 19 in the twelfth lecture?,lecture_12_slide_19_learning-rate-scheduling.md
Give an overview of the information on slide 19 of lecture number 12.,lecture_12_slide_19_learning-rate-scheduling.md
Can you provide a summary of slide 19 in lecture 12?,lecture_12_slide_19_learning-rate-scheduling.md
What are the key points discussed on slide 19 of the 12th lecture?,lecture_12_slide_19_learning-rate-scheduling.md
Please interpret the data shown on slide 19 of lecture 12.,lecture_12_slide_19_learning-rate-scheduling.md
Could you clarify the content displayed on slide 19 of lecture 12?,lecture_12_slide_19_learning-rate-scheduling.md
What is depicted in the 19th slide of lecture 12?,lecture_12_slide_19_learning-rate-scheduling.md
Could you describe the content of slide 16 from lecture 12?,lecture_12_slide_16_hyper-.md
What information is presented on slide 16 in lecture 12?,lecture_12_slide_16_hyper-.md
Can you elaborate on the details found on slide 16 of lecture 12?,lecture_12_slide_16_hyper-.md
What is the main point discussed on slide 16 of the twelfth lecture?,lecture_12_slide_16_hyper-.md
Please explain the visuals and data shown on slide 16 of lecture 12.,lecture_12_slide_16_hyper-.md
What topic is covered on slide 16 in the twelfth lecture's presentation?,lecture_12_slide_16_hyper-.md
Could you summarize the highlights of slide 16 from lecture 12?,lecture_12_slide_16_hyper-.md
What's being explained on slide 16 of the 12th lecture?,lecture_12_slide_16_hyper-.md
Could you provide a breakdown of the material on slide 16 in lecture 12?,lecture_12_slide_16_hyper-.md
What is the significance of the information on slide 16 in the twelfth lecture?,lecture_12_slide_16_hyper-.md
Can you provide an explanation for the image on slide 8 of lecture 12?,lecture_12_slide_8_img1.md
What is depicted in image 1 on slide 8 from lecture 12?,lecture_12_slide_8_img1.md
Could you describe the first image found in slide 8 of lecture 12?,lecture_12_slide_8_img1.md
Please explain the contents of the image located on slide 8 in lecture 12.,lecture_12_slide_8_img1.md
What does image 1 on slide 8 of lecture 12 illustrate?,lecture_12_slide_8_img1.md
Give a detailed description of the image presented on slide 8 of lecture 12.,lecture_12_slide_8_img1.md
What information does the image on slide 8 of lecture 12 convey?,lecture_12_slide_8_img1.md
"Interpret the visual content found on slide 8, image 1, of lecture 12.",lecture_12_slide_8_img1.md
What is the meaning of the image shown in slide 8 of lecture 12?,lecture_12_slide_8_img1.md
Can you summarize the key points from the image on slide 8 in lecture 12?,lecture_12_slide_8_img1.md
Can you describe the first image on slide 9 from lecture 12?,lecture_12_slide_9_img1.md
What details can you provide about image 1 in the ninth slide of lecture 12?,lecture_12_slide_9_img1.md
Could you elaborate on the first image found in slide 9 of the twelfth lecture?,lecture_12_slide_9_img1.md
Please explain the image that appears first on the ninth slide of lecture 12.,lecture_12_slide_9_img1.md
What information does image 1 on slide number 9 of lecture 12 convey?,lecture_12_slide_9_img1.md
How would you interpret the first image on the ninth slide of lecture 12?,lecture_12_slide_9_img1.md
Can you give an explanation of image number 1 on slide 9 from lecture 12?,lecture_12_slide_9_img1.md
Describe the first image displayed on the ninth slide in lecture 12.,lecture_12_slide_9_img1.md
What insights can you provide about image 1 from slide 9 in lecture 12?,lecture_12_slide_9_img1.md
Could you provide an overview of the image shown first on slide 9 of lecture 12?,lecture_12_slide_9_img1.md
Could you clarify the content presented in slide 11 of lecture 12?,lecture_12_slide_11_recurrent-denoising-autoencoders.md
What are the key points discussed in slide 11 of lecture 12?,lecture_12_slide_11_recurrent-denoising-autoencoders.md
Can you provide an overview of what's depicted on slide 11 from lecture 12?,lecture_12_slide_11_recurrent-denoising-autoencoders.md
What information is conveyed on slide 11 of the twelfth lecture?,lecture_12_slide_11_recurrent-denoising-autoencoders.md
Could you summarize the main ideas shown on slide 11 in lecture 12?,lecture_12_slide_11_recurrent-denoising-autoencoders.md
What is the focus of slide 11 in lecture 12?,lecture_12_slide_11_recurrent-denoising-autoencoders.md
Can you describe the content of slide 11 from lecture 12?,lecture_12_slide_11_recurrent-denoising-autoencoders.md
What does slide 11 of lecture 12 illustrate or explain?,lecture_12_slide_11_recurrent-denoising-autoencoders.md
Could you elaborate on the points mentioned in slide 11 of lecture 12?,lecture_12_slide_11_recurrent-denoising-autoencoders.md
What are the essential details presented on slide 11 in lecture 12?,lecture_12_slide_11_recurrent-denoising-autoencoders.md
Can you clarify the content presented on slide 22 of lecture 12?,lecture_12_slide_22_hyper-parameters.md
What is the main topic discussed on slide 22 in the 12th lecture?,lecture_12_slide_22_hyper-parameters.md
Could you provide an explanation for what is depicted on slide 22 of lecture 12?,lecture_12_slide_22_hyper-parameters.md
What key points are being addressed in slide 22 during lecture 12?,lecture_12_slide_22_hyper-parameters.md
Please describe the information shown on slide 22 of the lecture 12?,lecture_12_slide_22_hyper-parameters.md
What details should I focus on in slide 22 from lecture 12?,lecture_12_slide_22_hyper-parameters.md
Can you elaborate on the concepts covered in slide 22 of lecture 12?,lecture_12_slide_22_hyper-parameters.md
What are the highlights of slide 22 in the 12th lecture session?,lecture_12_slide_22_hyper-parameters.md
What is being illustrated in slide 22 of lecture number 12?,lecture_12_slide_22_hyper-parameters.md
Could you break down the elements shown on slide 22 in lecture 12?,lecture_12_slide_22_hyper-parameters.md
Could you describe what's happening in slide 23 of lecture 12?,lecture_12_slide_23_hyper-parameter-optimization-techniques.md
What information is conveyed on the 23rd slide of our 12th lecture?,lecture_12_slide_23_hyper-parameter-optimization-techniques.md
Can you provide an explanation for the content presented on slide 23 in lecture 12?,lecture_12_slide_23_hyper-parameter-optimization-techniques.md
What details are covered in slide 23 from lecture 12?,lecture_12_slide_23_hyper-parameter-optimization-techniques.md
Please elaborate on the key points from slide 23 of lecture 12.,lecture_12_slide_23_hyper-parameter-optimization-techniques.md
What are the main topics discussed in slide 23 of our 12th lecture?,lecture_12_slide_23_hyper-parameter-optimization-techniques.md
Could you summarize what is depicted on the 23rd slide of lecture 12?,lecture_12_slide_23_hyper-parameter-optimization-techniques.md
What is the subject of the 23rd slide in lecture 12?,lecture_12_slide_23_hyper-parameter-optimization-techniques.md
Can you clarify the concepts shown on slide 23 of lecture 12?,lecture_12_slide_23_hyper-parameter-optimization-techniques.md
What is being explained in slide 23 of the twelfth lecture?,lecture_12_slide_23_hyper-parameter-optimization-techniques.md
Could you please elaborate on the content shown on slide 26 of lecture 12?,lecture_12_slide_26_hyper-parameter-optimization-frameworks.md
What details are presented in slide 26 from lecture 12?,lecture_12_slide_26_hyper-parameter-optimization-frameworks.md
Can you clarify what is depicted in slide 26 of lecture 12?,lecture_12_slide_26_hyper-parameter-optimization-frameworks.md
Please explain the information found on slide 26 in lecture 12.,lecture_12_slide_26_hyper-parameter-optimization-frameworks.md
What is being discussed in slide 26 of lecture 12?,lecture_12_slide_26_hyper-parameter-optimization-frameworks.md
Could you interpret the data or content on slide 26 of lecture 12?,lecture_12_slide_26_hyper-parameter-optimization-frameworks.md
What are the main points illustrated in slide 26 of lecture 12?,lecture_12_slide_26_hyper-parameter-optimization-frameworks.md
Would you mind explaining the subject matter of slide 26 from lecture 12?,lecture_12_slide_26_hyper-parameter-optimization-frameworks.md
Can you describe the key concepts shown on slide 26 of lecture 12?,lecture_12_slide_26_hyper-parameter-optimization-frameworks.md
"What is the slide 26 of lecture 12 about, and could you give some explanation?",lecture_12_slide_26_hyper-parameter-optimization-frameworks.md
Could you describe the contents of slide 21 from lecture 12?,lecture_12_slide_21_hyper-parameters.md
What is being discussed in slide 21 of the lecture 12 presentation?,lecture_12_slide_21_hyper-parameters.md
Can you elaborate on what is presented on slide 21 of lecture 12?,lecture_12_slide_21_hyper-parameters.md
What information is conveyed in slide 21 of the twelfth lecture?,lecture_12_slide_21_hyper-parameters.md
Please explain the main points of slide 21 in the 12th lecture.,lecture_12_slide_21_hyper-parameters.md
What details are provided in the 21st slide of lecture 12?,lecture_12_slide_21_hyper-parameters.md
Can you provide an overview of what's on slide 21 in lecture 12?,lecture_12_slide_21_hyper-parameters.md
What are the key takeaways from slide 21 of the twelfth lecture?,lecture_12_slide_21_hyper-parameters.md
Could you give an explanation of what's shown in slide 21 from lecture 12?,lecture_12_slide_21_hyper-parameters.md
What topics are covered on slide 21 in the 12th lecture?,lecture_12_slide_21_hyper-parameters.md
Describe the content of image 1 found on slide 4 in lecture 8.,lecture_8_slide_4_img1.md
What is depicted in the first image on the fourth slide of the eighth lecture?,lecture_8_slide_4_img1.md
Can you explain the first image on slide four from lecture eight?,lecture_8_slide_4_img1.md
Provide an explanation for image 1 located on the fourth slide of lecture 8.,lecture_8_slide_4_img1.md
What information does image 1 convey in slide 4 of lecture 8?,lecture_8_slide_4_img1.md
Could you detail the elements of the first image on slide 4 in lecture 8?,lecture_8_slide_4_img1.md
Interpret the image 1 displayed on slide 4 of the eighth lecture.,lecture_8_slide_4_img1.md
What is shown in the first image on the fourth slide of lecture eight?,lecture_8_slide_4_img1.md
Offer an explanation for what is seen in the first image on slide four of lecture eight.,lecture_8_slide_4_img1.md
Please describe the first image on the fourth slide of the eighth lecture.,lecture_8_slide_4_img1.md
Can you elaborate on the content of slide 11 from lecture 8?,lecture_8_slide_11_gd-local-minimum.md
What's happening in slide 11 of lecture 8?,lecture_8_slide_11_gd-local-minimum.md
Could you provide details about slide 11 in lecture 8?,lecture_8_slide_11_gd-local-minimum.md
What information is presented on slide 11 of lecture 8?,lecture_8_slide_11_gd-local-minimum.md
Could you explain the key points on slide 11 from lecture 8?,lecture_8_slide_11_gd-local-minimum.md
What does slide 11 show in the eighth lecture?,lecture_8_slide_11_gd-local-minimum.md
Can you detail the subject matter of slide 11 in lecture 8?,lecture_8_slide_11_gd-local-minimum.md
What's the main focus of slide 11 in lecture 8?,lecture_8_slide_11_gd-local-minimum.md
Could you clarify the topic covered in slide 11 of lecture 8?,lecture_8_slide_11_gd-local-minimum.md
What are the main elements discussed in slide 11 of lecture 8?,lecture_8_slide_11_gd-local-minimum.md
Could you describe what's shown in image 1 on slide 14 of lecture 8?,lecture_8_slide_14_img1.md
Please explain the contents of the first image on slide 14 from lecture 8.,lecture_8_slide_14_img1.md
What is depicted in image 1 of slide 14 in our eighth lecture?,lecture_8_slide_14_img1.md
Can you provide an explanation of the initial image on slide 14 from lecture 8?,lecture_8_slide_14_img1.md
What does the first image on slide 14 of lecture 8 illustrate?,lecture_8_slide_14_img1.md
Discuss the details of image 1 found on slide 14 of the eighth lecture.,lecture_8_slide_14_img1.md
Could you summarize the information presented in image 1 on slide 14 of lecture 8?,lecture_8_slide_14_img1.md
What are the key elements of image 1 on slide 14 in lecture 8?,lecture_8_slide_14_img1.md
Can you interpret image 1 on slide 14 from lecture 8 for me?,lecture_8_slide_14_img1.md
What can you tell me about the first image on slide 14 in the eighth lecture?,lecture_8_slide_14_img1.md
Could you describe the content presented on slide 10 of lecture 8?,lecture_8_slide_10_gd-local-minimum.md
What information is being conveyed on slide 10 of the eighth lecture?,lecture_8_slide_10_gd-local-minimum.md
Please discuss the main points shown on slide 10 from lecture 8.,lecture_8_slide_10_gd-local-minimum.md
Can you provide an explanation for the material on slide 10 in lecture 8?,lecture_8_slide_10_gd-local-minimum.md
What details are outlined on slide number 10 of lecture 8?,lecture_8_slide_10_gd-local-minimum.md
How would you interpret the data shown on slide 10 of the eighth lecture?,lecture_8_slide_10_gd-local-minimum.md
Could you summarize the key concepts of slide 10 from lecture 8?,lecture_8_slide_10_gd-local-minimum.md
What is the focus of slide 10 in the eighth lecture?,lecture_8_slide_10_gd-local-minimum.md
Please explain the details presented on slide 10 in lecture 8.,lecture_8_slide_10_gd-local-minimum.md
What are the highlights of slide 10 in the eighth lecture session?,lecture_8_slide_10_gd-local-minimum.md
Can you describe the details of image 3 found on slide 10 in lecture 8?,lecture_8_slide_10_img3.md
What are the key elements of image 3 on slide 10 of lecture 8?,lecture_8_slide_10_img3.md
Could you provide an explanation for image 3 on the tenth slide of lecture 8?,lecture_8_slide_10_img3.md
Please elaborate on the content of image 3 located on slide 10 in lecture 8.,lecture_8_slide_10_img3.md
What information is depicted in image 3 of slide 10 from lecture 8?,lecture_8_slide_10_img3.md
How would you interpret image 3 shown on slide 10 in the eighth lecture?,lecture_8_slide_10_img3.md
Can you analyze the elements shown in image 3 on slide 10 in lecture 8?,lecture_8_slide_10_img3.md
What does image 3 illustrate on the tenth slide of the eighth lecture?,lecture_8_slide_10_img3.md
Could you clarify the significance of image 3 on slide 10 from lecture 8?,lecture_8_slide_10_img3.md
Please explain the visuals contained in image 3 of slide 10 during lecture 8.,lecture_8_slide_10_img3.md
Could you provide an explanation for the fifth image found on the fourth slide of lecture number eight?,lecture_8_slide_4_img5.md
What does image 5 on slide 4 of the eighth lecture depict?,lecture_8_slide_4_img5.md
Can you describe the content of the fifth image located on slide four in lecture eight?,lecture_8_slide_4_img5.md
Please clarify the significance of image number five on the fourth slide of the eighth lecture.,lecture_8_slide_4_img5.md
What is the meaning of the fifth image in slide four of the lecture 8 presentation?,lecture_8_slide_4_img5.md
How would you interpret the fifth image featured on the fourth slide during lecture 8?,lecture_8_slide_4_img5.md
Could you detail what is illustrated in image 5 on slide 4 of lecture 8?,lecture_8_slide_4_img5.md
What information does the fifth picture on slide 4 of the eighth lecture convey?,lecture_8_slide_4_img5.md
Would you mind going over the details of image five on the fourth slide in the eighth lecture?,lecture_8_slide_4_img5.md
Can you discuss what is portrayed in the fifth image on the fourth slide of lecture number eight?,lecture_8_slide_4_img5.md
Could you elaborate on the contents of slide 26 from lecture 8?,lecture_8_slide_26_l2-regularization.md
What details are presented on slide 26 of lecture 8?,lecture_8_slide_26_l2-regularization.md
Can you describe the information on slide 26 in lecture 8?,lecture_8_slide_26_l2-regularization.md
What is the main focus of slide 26 in the eighth lecture?,lecture_8_slide_26_l2-regularization.md
I need an explanation of what's displayed on slide 26 of lecture 8.,lecture_8_slide_26_l2-regularization.md
Please interpret the details found on slide 26 from lecture 8.,lecture_8_slide_26_l2-regularization.md
What topics are covered on slide 26 of the eighth lecture?,lecture_8_slide_26_l2-regularization.md
Could you explain the key points mentioned on slide 26 in lecture 8?,lecture_8_slide_26_l2-regularization.md
What is happening on slide 26 of lecture 8?,lecture_8_slide_26_l2-regularization.md
Can you provide insights into slide 26 of the eighth lecture?,lecture_8_slide_26_l2-regularization.md
Could you elaborate on the contents of image 1 found on slide 22 of lecture 8?,lecture_8_slide_22_img1.md
Please provide an explanation for image 1 on slide 22 from lecture 8.,lecture_8_slide_22_img1.md
What does image 1 depict on slide 22 of lecture 8?,lecture_8_slide_22_img1.md
Can you describe the details of image 1 shown on slide 22 in lecture 8?,lecture_8_slide_22_img1.md
Would you explain what image 1 on slide 22 of lecture 8 illustrates?,lecture_8_slide_22_img1.md
Please interpret image 1 located on slide 22 of lecture 8.,lecture_8_slide_22_img1.md
Could you explain the significance of image 1 on slide 22 in lecture 8?,lecture_8_slide_22_img1.md
What information does image 1 convey on slide 22 of lecture 8?,lecture_8_slide_22_img1.md
Can you discuss the elements shown in image 1 on slide 22 of lecture 8?,lecture_8_slide_22_img1.md
Provide an analysis of image 1 from slide 22 of lecture 8.,lecture_8_slide_22_img1.md
Can you describe what is shown in image 1 on slide 32 of lecture 8?,lecture_8_slide_32_img1.md
What details are presented in the first image of slide 32 in lecture 8?,lecture_8_slide_32_img1.md
Please provide an explanation for the first image on slide 32 in lecture 8.,lecture_8_slide_32_img1.md
What is demonstrated in image 1 of slide 32 from lecture 8?,lecture_8_slide_32_img1.md
Could you elaborate on the content of image 1 on slide 32 of lecture 8?,lecture_8_slide_32_img1.md
What information is depicted in the first image of slide 32 in lecture 8?,lecture_8_slide_32_img1.md
Can you clarify the contents of image 1 in slide 32 from lecture 8?,lecture_8_slide_32_img1.md
What is the significance of the first image on slide 32 in lecture 8?,lecture_8_slide_32_img1.md
Describe the elements shown in image 1 of slide 32 in lecture 8.,lecture_8_slide_32_img1.md
What does image 1 of slide 32 convey in lecture 8?,lecture_8_slide_32_img1.md
Could you clarify the content of slide 29 from lecture 8?,lecture_8_slide_29_early-stopping.md
What details are being discussed in slide 29 of lecture 8?,lecture_8_slide_29_early-stopping.md
Please interpret the information presented on slide 29 of lecture 8.,lecture_8_slide_29_early-stopping.md
What are the key points on slide 29 in lecture 8?,lecture_8_slide_29_early-stopping.md
Can you break down the content of slide 29 from lecture 8 for me?,lecture_8_slide_29_early-stopping.md
What is the main focus of slide 29 in lecture 8?,lecture_8_slide_29_early-stopping.md
How would you describe what is happening on slide 29 of lecture 8?,lecture_8_slide_29_early-stopping.md
Could you provide an explanation of slide 29 in lecture 8?,lecture_8_slide_29_early-stopping.md
What information is conveyed in slide 29 of lecture 8?,lecture_8_slide_29_early-stopping.md
Could you summarize the main ideas of slide 29 in lecture 8?,lecture_8_slide_29_early-stopping.md
Could you describe the content of slide 23 from lecture 8?,lecture_8_slide_23_l--penalty-optimization.md
What is being discussed on slide 23 of lecture 8?,lecture_8_slide_23_l--penalty-optimization.md
Can you explain the main points of slide 23 from the eighth lecture?,lecture_8_slide_23_l--penalty-optimization.md
Please elaborate on the information presented in slide 23 of lecture 8.,lecture_8_slide_23_l--penalty-optimization.md
What details are covered in slide 23 of the 8th lecture?,lecture_8_slide_23_l--penalty-optimization.md
Could you provide an overview of what's on slide 23 in lecture 8?,lecture_8_slide_23_l--penalty-optimization.md
What topics are highlighted in slide 23 from the eighth lecture?,lecture_8_slide_23_l--penalty-optimization.md
Can you summarize the key information shown on slide 23 of lecture 8?,lecture_8_slide_23_l--penalty-optimization.md
Please clarify the concepts illustrated in slide 23 of lecture 8.,lecture_8_slide_23_l--penalty-optimization.md
What is the key message conveyed in slide 23 of the 8th lecture?,lecture_8_slide_23_l--penalty-optimization.md
Can you describe the content of slide 30 from lecture 8?,lecture_8_slide_30_early-stopping-example.md
What is depicted in the 30th slide of the eighth lecture?,lecture_8_slide_30_early-stopping-example.md
Could you clarify what is happening on slide 30 of lecture 8?,lecture_8_slide_30_early-stopping-example.md
What information is presented on slide 30 of the lecture 8?,lecture_8_slide_30_early-stopping-example.md
Could you explain the details found on slide 30 in lecture 8?,lecture_8_slide_30_early-stopping-example.md
What does slide 30 of the eighth lecture discuss?,lecture_8_slide_30_early-stopping-example.md
Can you break down the content of the 30th slide from lecture 8?,lecture_8_slide_30_early-stopping-example.md
What topics are covered on slide 30 of lecture 8?,lecture_8_slide_30_early-stopping-example.md
Please elaborate on what is shown on the 30th slide of the eighth lecture.,lecture_8_slide_30_early-stopping-example.md
What is the focus of slide 30 in the lecture 8 presentation?,lecture_8_slide_30_early-stopping-example.md
Can you describe the second image on slide 10 from lecture 8?,lecture_8_slide_10_img2.md
What is depicted in image 2 on slide 10 of lecture 8?,lecture_8_slide_10_img2.md
Could you elaborate on the second picture found on slide 10 in lecture 8?,lecture_8_slide_10_img2.md
What details are shown in image 2 of slide 10 from the eighth lecture?,lecture_8_slide_10_img2.md
Please explain the content of the second image on slide 10 in the eighth lecture.,lecture_8_slide_10_img2.md
What is the explanation for image 2 on the tenth slide of lecture 8?,lecture_8_slide_10_img2.md
Could you clarify the elements of the second image on slide 10 from lecture 8?,lecture_8_slide_10_img2.md
What information is conveyed in the second image on the tenth slide of lecture 8?,lecture_8_slide_10_img2.md
How would you interpret image 2 from slide 10 in lecture 8?,lecture_8_slide_10_img2.md
What insights can be drawn from the second image on slide 10 in lecture 8?,lecture_8_slide_10_img2.md
Could you describe what is happening in slide 21 of lecture 8?,lecture_8_slide_21_context.md
What details can you provide about slide 21 from lecture 8?,lecture_8_slide_21_context.md
Can you elaborate on the content of slide 21 in lecture 8?,lecture_8_slide_21_context.md
Please explain the material covered in slide 21 of lecture 8.,lecture_8_slide_21_context.md
What information is presented in slide 21 of lecture 8?,lecture_8_slide_21_context.md
Could you interpret the data or information on slide 21 from lecture 8?,lecture_8_slide_21_context.md
What is the key message or topic discussed on slide 21 in lecture 8?,lecture_8_slide_21_context.md
Can you summarize the main points from slide 21 of lecture 8?,lecture_8_slide_21_context.md
What are the highlights of slide 21 in lecture 8?,lecture_8_slide_21_context.md
Please break down the concepts shown in slide 21 of lecture 8.,lecture_8_slide_21_context.md
Can you describe the content of slide 32 from lecture 8?,lecture_8_slide_32_dropout.md
What is happening on slide 32 in lecture 8?,lecture_8_slide_32_dropout.md
Could you summarize what's shown on slide 32 of the eighth lecture?,lecture_8_slide_32_dropout.md
What details are presented in slide 32 of the lecture 8 presentation?,lecture_8_slide_32_dropout.md
What's the main topic being discussed on slide 32 in lecture 8?,lecture_8_slide_32_dropout.md
Could you provide an explanation of slide 32 from the eighth lecture?,lecture_8_slide_32_dropout.md
What information is covered in slide 32 of lecture 8?,lecture_8_slide_32_dropout.md
What does slide 32 in lecture 8 focus on?,lecture_8_slide_32_dropout.md
Can you elaborate on the subjects addressed on slide 32 of lecture 8?,lecture_8_slide_32_dropout.md
What are the key points in slide 32 of the eighth lecture?,lecture_8_slide_32_dropout.md
Can you elaborate on the content covered in slide 13 of lecture 8?,lecture_8_slide_13_stochastic-gradient-descent-sgd.md
What information is presented in the 13th slide of the eighth lecture?,lecture_8_slide_13_stochastic-gradient-descent-sgd.md
Could you explain what slide 13 of lecture 8 is about?,lecture_8_slide_13_stochastic-gradient-descent-sgd.md
What are the key points discussed in slide 13 of the eighth lecture?,lecture_8_slide_13_stochastic-gradient-descent-sgd.md
Please describe the content on slide 13 of lecture 8.,lecture_8_slide_13_stochastic-gradient-descent-sgd.md
What details are highlighted in slide 13 of lecture 8?,lecture_8_slide_13_stochastic-gradient-descent-sgd.md
Can you clarify the material on slide 13 from lecture 8?,lecture_8_slide_13_stochastic-gradient-descent-sgd.md
What is the subject matter of slide 13 in lecture 8?,lecture_8_slide_13_stochastic-gradient-descent-sgd.md
Could you provide an explanation of slide 13 from the eighth lecture?,lecture_8_slide_13_stochastic-gradient-descent-sgd.md
What is the main focus of slide 13 in the eighth lecture?,lecture_8_slide_13_stochastic-gradient-descent-sgd.md
Could you provide an explanation of what's happening in slide 18 from lecture 8?,lecture_8_slide_18_learning-ratestep-size.md
What details are presented in slide 18 of lecture 8?,lecture_8_slide_18_learning-ratestep-size.md
Can you give a summary of the content on slide 18 of lecture 8?,lecture_8_slide_18_learning-ratestep-size.md
"I'm curious about the information on slide 18 of lecture 8, can you elaborate?",lecture_8_slide_18_learning-ratestep-size.md
What is the main focus on slide 18 from lecture 8?,lecture_8_slide_18_learning-ratestep-size.md
Could you break down the key points on slide 18 of lecture 8 for me?,lecture_8_slide_18_learning-ratestep-size.md
What are the main topics covered on slide 18 of lecture 8?,lecture_8_slide_18_learning-ratestep-size.md
May I have an overview of the concepts discussed on slide 18 of lecture 8?,lecture_8_slide_18_learning-ratestep-size.md
Can you clarify the information presented on slide 18 of lecture 8?,lecture_8_slide_18_learning-ratestep-size.md
What explanations are offered in slide 18 of lecture 8?,lecture_8_slide_18_learning-ratestep-size.md
Can you describe the content on slide 4 of lecture 8?,lecture_8_slide_4_gradient-descent.md
What information is presented on slide 4 of lecture 8?,lecture_8_slide_4_gradient-descent.md
Could you elaborate on what is shown in slide 4 of lecture 8?,lecture_8_slide_4_gradient-descent.md
What details can you provide about slide 4 in lecture 8?,lecture_8_slide_4_gradient-descent.md
Please explain the main points covered on slide 4 of lecture 8.,lecture_8_slide_4_gradient-descent.md
What is depicted on slide 4 in lecture 8?,lecture_8_slide_4_gradient-descent.md
Could you summarize the key elements from slide 4 of lecture 8?,lecture_8_slide_4_gradient-descent.md
What is the significance of the content on slide 4 in lecture 8?,lecture_8_slide_4_gradient-descent.md
Can you clarify the information presented on slide 4 of lecture 8?,lecture_8_slide_4_gradient-descent.md
What topics are addressed on slide 4 in lecture 8?,lecture_8_slide_4_gradient-descent.md
Can you describe the image labeled as number 1 on the 15th slide of our eighth lecture?,lecture_8_slide_15_img1.md
Could you clarify what is depicted in image 1 on slide 15 from lecture 8?,lecture_8_slide_15_img1.md
Would you explain the first image found on slide 15 of lecture 8?,lecture_8_slide_15_img1.md
Please interpret the details of image 1 on slide 15 from our eighth lecture.,lecture_8_slide_15_img1.md
"What is shown in the first image on slide 15 of lecture 8, and could you elaborate?",lecture_8_slide_15_img1.md
How would you explain the content of image 1 located on slide 15 in lecture 8?,lecture_8_slide_15_img1.md
Could you provide an explanation for the image numbered 1 on the 15th slide from our eighth lecture?,lecture_8_slide_15_img1.md
I'd like a detailed explanation of the first image on slide 15 in the eighth lecture.,lecture_8_slide_15_img1.md
"What does the first image on slide 15 of lecture 8 represent, and can you explain it?",lecture_8_slide_15_img1.md
Please give an explanation for the image that is first on slide 15 in the eighth lecture.,lecture_8_slide_15_img1.md
Can you elaborate on the content presented in slide 19 of the eighth lecture?,lecture_8_slide_19_batch-and-mini-batch-gd.md
What details are explained on slide 19 of lecture number 8?,lecture_8_slide_19_batch-and-mini-batch-gd.md
Could you provide an explanation of the information displayed on slide 19 from lecture 8?,lecture_8_slide_19_batch-and-mini-batch-gd.md
"What is depicted in slide 19 of the eighth lecture, and could you explain it further?",lecture_8_slide_19_batch-and-mini-batch-gd.md
Please describe what's shown on slide 19 of lecture 8.,lecture_8_slide_19_batch-and-mini-batch-gd.md
What are the key points discussed in slide 19 of the 8th lecture?,lecture_8_slide_19_batch-and-mini-batch-gd.md
Can you give an overview of slide 19 from the eighth lecture?,lecture_8_slide_19_batch-and-mini-batch-gd.md
"What topics are covered on slide 19 of lecture 8, and can you explain them?",lecture_8_slide_19_batch-and-mini-batch-gd.md
Could you interpret the material on slide 19 from lecture 8?,lecture_8_slide_19_batch-and-mini-batch-gd.md
"What is the focus of slide 19 in lecture 8, and could you explain it?",lecture_8_slide_19_batch-and-mini-batch-gd.md
Can you describe the content of slide 17 from lecture 8?,lecture_8_slide_17_variance.md
What details are presented on slide 17 in lecture 8?,lecture_8_slide_17_variance.md
Please explain the concepts covered on slide 17 of lecture 8.,lecture_8_slide_17_variance.md
Could you elaborate on what is shown on slide 17 from lecture 8?,lecture_8_slide_17_variance.md
What is being discussed on slide 17 of lecture 8?,lecture_8_slide_17_variance.md
Could you provide an overview of the information on slide 17 in lecture 8?,lecture_8_slide_17_variance.md
What topics are addressed on slide 17 during lecture 8?,lecture_8_slide_17_variance.md
Provide an explanation of slide 17 from lecture 8.,lecture_8_slide_17_variance.md
What is the main idea presented on slide 17 of lecture 8?,lecture_8_slide_17_variance.md
Can you summarize the content depicted on slide 17 from lecture 8?,lecture_8_slide_17_variance.md
Can you describe the contents of image 1 on slide 7 from lecture 8?,lecture_8_slide_7_img1.md
"What is depicted in image 1, found on slide 7 of lecture 8?",lecture_8_slide_7_img1.md
Please provide an explanation for image 1 shown in slide 7 of lecture 8.,lecture_8_slide_7_img1.md
Could you clarify the details of image 1 located on slide 7 in lecture 8?,lecture_8_slide_7_img1.md
What information does image 1 on slide 7 of lecture 8 convey?,lecture_8_slide_7_img1.md
Help me understand what's being illustrated in image 1 on slide 7 of lecture 8.,lecture_8_slide_7_img1.md
What is the significance of image 1 on slide 7 from lecture 8?,lecture_8_slide_7_img1.md
Could you interpret image 1 found on slide 7 of lecture 8 for me?,lecture_8_slide_7_img1.md
What does image 1 represent on slide 7 in lecture 8?,lecture_8_slide_7_img1.md
Can you give me a brief overview of image 1 appearing on slide 7 of lecture 8?,lecture_8_slide_7_img1.md
Could you describe what's shown in image 1 on slide 17 of lecture 8?,lecture_8_slide_17_img1.md
What does image 1 in slide 17 of lecture 8 depict?,lecture_8_slide_17_img1.md
Can you explain the content of image 1 found on slide 17 in lecture 8?,lecture_8_slide_17_img1.md
Provide an explanation for image 1 on slide 17 from lecture 8.,lecture_8_slide_17_img1.md
What is illustrated in image 1 on the 17th slide of lecture 8?,lecture_8_slide_17_img1.md
Please elaborate on the details of image 1 in lecture 8's slide 17.,lecture_8_slide_17_img1.md
What information does image 1 convey on slide 17 of the eighth lecture?,lecture_8_slide_17_img1.md
"Can you clarify the elements of image 1 on slide 17, lecture 8?",lecture_8_slide_17_img1.md
What’s the significance of image 1 featured in slide 17 of lecture 8?,lecture_8_slide_17_img1.md
Could you break down the visuals in image 1 from slide 17 of lecture 8?,lecture_8_slide_17_img1.md
Can you elaborate on the content presented in slide 36 of lecture 8?,lecture_8_slide_36_batchnorm.md
What details are provided on slide 36 during the eighth lecture?,lecture_8_slide_36_batchnorm.md
Could you clarify the information shown on slide 36 in lecture 8?,lecture_8_slide_36_batchnorm.md
What is being explained on the 36th slide of the eighth lecture?,lecture_8_slide_36_batchnorm.md
Please provide an overview of the concepts discussed in slide 36 from lecture 8.,lecture_8_slide_36_batchnorm.md
What insights can you share about slide 36 from the series of lecture 8 slides?,lecture_8_slide_36_batchnorm.md
Could you break down the key points illustrated on slide 36 in the eighth lecture?,lecture_8_slide_36_batchnorm.md
What subject matter is covered on the 36th slide of lecture 8?,lecture_8_slide_36_batchnorm.md
Help me understand the main ideas conveyed on slide 36 in lecture 8.,lecture_8_slide_36_batchnorm.md
What is depicted on slide 36 in the context of the eighth lecture?,lecture_8_slide_36_batchnorm.md
Describe the content of image 1 located on slide 29 in lecture 8.,lecture_8_slide_29_img1.md
What does image 1 illustrate in slide 29 of the eighth lecture?,lecture_8_slide_29_img1.md
Can you explain the first image found on slide 29 from lecture 8?,lecture_8_slide_29_img1.md
Please provide a detailed explanation of image 1 on slide 29 in lecture 8.,lecture_8_slide_29_img1.md
What information is conveyed by the first image on slide 29 of lecture 8?,lecture_8_slide_29_img1.md
Could you elaborate on the first image presented on slide 29 in the eighth lecture?,lecture_8_slide_29_img1.md
"What concepts are depicted in image 1 of slide 29, lecture 8?",lecture_8_slide_29_img1.md
Can you discuss the visual details of image 1 on slide 29 from the eighth lecture session?,lecture_8_slide_29_img1.md
Give an explanation of the first image on slide 29 in lecture 8.,lecture_8_slide_29_img1.md
What is the significance of image 1 that appears on slide 29 of the lecture 8?,lecture_8_slide_29_img1.md
Can you interpret the image on slide 6 of lecture 8?,lecture_8_slide_6_img1.md
What does image 1 depict in slide 6 from lecture 8?,lecture_8_slide_6_img1.md
Describe the content of image 1 in slide 6 of lecture 8.,lecture_8_slide_6_img1.md
Could you explain the first image on slide 6 in the eighth lecture?,lecture_8_slide_6_img1.md
What is illustrated in image 1 of slide 6 from lecture 8?,lecture_8_slide_6_img1.md
"Provide an explanation for the image on slide 6, lecture 8.",lecture_8_slide_6_img1.md
What can be understood from image 1 on slide 6 of lecture 8?,lecture_8_slide_6_img1.md
Please elaborate on the image found on slide 6 of lecture number 8.,lecture_8_slide_6_img1.md
"What details are shown in image 1 of slide 6, the eighth lecture?",lecture_8_slide_6_img1.md
How would you explain image 1 from slide 6 in lecture 8?,lecture_8_slide_6_img1.md
Could you provide an explanation of the content presented on slide 22 in lecture 8?,lecture_8_slide_22_regularization.md
What information is conveyed on slide 22 of lecture 8?,lecture_8_slide_22_regularization.md
Can you describe what's depicted on slide 22 of the 8th lecture?,lecture_8_slide_22_regularization.md
I'd like to understand the details of slide 22 from lecture 8. Could you explain?,lecture_8_slide_22_regularization.md
What does slide 22 of the eighth lecture cover?,lecture_8_slide_22_regularization.md
Can you break down the concepts shown on slide 22 in lecture 8?,lecture_8_slide_22_regularization.md
Could you clarify the main topic discussed on slide 22 in lecture 8?,lecture_8_slide_22_regularization.md
How would you summarize the key points on slide 22 of the 8th lecture?,lecture_8_slide_22_regularization.md
Could you tell me what slide 22 in lecture 8 is about?,lecture_8_slide_22_regularization.md
What are the main elements presented on slide 22 during lecture 8?,lecture_8_slide_22_regularization.md
Can you interpret the details of image 1 found on slide 16 of lecture 8?,lecture_8_slide_16_img1.md
Could you provide an explanation for image 1 as presented in slide 16 of lecture 8?,lecture_8_slide_16_img1.md
What does image 1 on slide 16 of lecture 8 illustrate?,lecture_8_slide_16_img1.md
Please describe the content of image 1 on slide 16 from lecture 8.,lecture_8_slide_16_img1.md
How would you explain image 1 that appears on slide 16 of lecture 8?,lecture_8_slide_16_img1.md
What information does image 1 convey in slide 16 of lecture 8?,lecture_8_slide_16_img1.md
Give a detailed description of image 1 on slide 16 of lecture 8.,lecture_8_slide_16_img1.md
What is depicted in image 1 on slide 16 during lecture 8?,lecture_8_slide_16_img1.md
Provide an analysis of image 1 that is shown on slide 16 of lecture 8.,lecture_8_slide_16_img1.md
Can you summarize the key points of image 1 on slide 16 from lecture 8?,lecture_8_slide_16_img1.md
Can you describe the content of image 1 found on slide 30 of lecture 8?,lecture_8_slide_30_img1.md
What details can you provide about image 1 on slide 30 from lecture 8?,lecture_8_slide_30_img1.md
Please explain the first image that appears on the 30th slide of lecture 8.,lecture_8_slide_30_img1.md
Outline the key elements of image 1 located on slide 30 from lecture 8.,lecture_8_slide_30_img1.md
"What is depicted in image 1 of lecture 8, slide 30?",lecture_8_slide_30_img1.md
Could you clarify the main features of the first image on the 30th slide of lecture 8?,lecture_8_slide_30_img1.md
What information is conveyed in image 1 on slide 30 of the eighth lecture?,lecture_8_slide_30_img1.md
Describe the visual content of the first image on slide 30 in lecture 8.,lecture_8_slide_30_img1.md
Provide an explanation for image 1 as shown on slide 30 of lecture 8.,lecture_8_slide_30_img1.md
What do we see in the first image on slide 30 of lecture number 8?,lecture_8_slide_30_img1.md
What is being discussed on slide 37 of our eighth lecture?,lecture_8_slide_37_batchnorm.md
Can you describe the contents of slide 37 from lecture 8?,lecture_8_slide_37_batchnorm.md
What information is covered on slide 37 in the eighth lecture?,lecture_8_slide_37_batchnorm.md
Could you summarize what slide 37 of lecture 8 is about?,lecture_8_slide_37_batchnorm.md
What is the main topic or theme of slide 37 in lecture 8?,lecture_8_slide_37_batchnorm.md
What key points are presented in slide 37 from the eighth lecture?,lecture_8_slide_37_batchnorm.md
Could you provide an explanation of slide 37 in lecture 8?,lecture_8_slide_37_batchnorm.md
What does slide 37 of lecture 8 explain?,lecture_8_slide_37_batchnorm.md
Can you clarify what is illustrated on slide 37 in the eighth lecture?,lecture_8_slide_37_batchnorm.md
What details are conveyed on slide 37 of our lecture 8 presentation?,lecture_8_slide_37_batchnorm.md
Could you describe what is happening in slide 15 of lecture 8?,lecture_8_slide_15_stochastic-gradient-training.md
What is depicted on slide 15 of the eighth lecture?,lecture_8_slide_15_stochastic-gradient-training.md
Can you explain the content of slide 15 from lecture 8?,lecture_8_slide_15_stochastic-gradient-training.md
What information is presented on slide 15 of the eighth lecture?,lecture_8_slide_15_stochastic-gradient-training.md
Please interpret the details shown in slide 15 of lecture 8.,lecture_8_slide_15_stochastic-gradient-training.md
What is the main focus of slide 15 in the lecture 8 presentation?,lecture_8_slide_15_stochastic-gradient-training.md
Can you clarify the material covered in slide 15 of lecture 8?,lecture_8_slide_15_stochastic-gradient-training.md
What does slide 15 of lecture 8 illustrate?,lecture_8_slide_15_stochastic-gradient-training.md
Could you summarize the points made on slide 15 in lecture 8?,lecture_8_slide_15_stochastic-gradient-training.md
What is discussed on slide 15 of lecture 8?,lecture_8_slide_15_stochastic-gradient-training.md
Could you clarify the content covered on slide 27 of lecture 8?,lecture_8_slide_27_l1lasso-regularization.md
What does slide 27 from lecture 8 discuss?,lecture_8_slide_27_l1lasso-regularization.md
Can you explain the main points presented on slide 27 of our eighth lecture?,lecture_8_slide_27_l1lasso-regularization.md
What is the focus of slide 27 in lecture 8?,lecture_8_slide_27_l1lasso-regularization.md
Please provide an explanation of what is illustrated on slide 27 of lecture 8.,lecture_8_slide_27_l1lasso-regularization.md
What information is conveyed on slide 27 of the eighth lecture?,lecture_8_slide_27_l1lasso-regularization.md
Can you give a detailed explanation of slide 27 from lecture 8?,lecture_8_slide_27_l1lasso-regularization.md
What are the key details mentioned on slide 27 of lecture 8?,lecture_8_slide_27_l1lasso-regularization.md
How is slide 27 of lecture 8 being interpreted?,lecture_8_slide_27_l1lasso-regularization.md
Could you delve into the details present on slide 27 of our eighth lecture?,lecture_8_slide_27_l1lasso-regularization.md
Could you describe the content of slide 8 in lecture 8?,lecture_8_slide_8_learning-rate.md
What is happening on the eighth slide of lecture 8?,lecture_8_slide_8_learning-rate.md
Can you detail the information presented in slide 8 of lecture 8?,lecture_8_slide_8_learning-rate.md
What are the key points discussed in slide 8 of lecture 8?,lecture_8_slide_8_learning-rate.md
Help me understand the material covered in slide 8 of lecture 8.,lecture_8_slide_8_learning-rate.md
What does slide 8 of lecture 8 explain?,lecture_8_slide_8_learning-rate.md
Can you provide an explanation for slide 8 in lecture 8?,lecture_8_slide_8_learning-rate.md
What insights are given in the eighth slide of lecture 8?,lecture_8_slide_8_learning-rate.md
How would you summarize the content of slide 8 from lecture 8?,lecture_8_slide_8_learning-rate.md
What topics are addressed in slide 8 of the eighth lecture?,lecture_8_slide_8_learning-rate.md
Could you describe the content presented in slide 2 of lecture 8?,lecture_8_slide_2_overview.md
What is discussed on slide 2 of lecture 8?,lecture_8_slide_2_overview.md
Can you detail what is happening on slide 2 of lecture 8?,lecture_8_slide_2_overview.md
Please explain the information given on slide 2 of lecture 8.,lecture_8_slide_2_overview.md
What are the key points illustrated on slide 2 of lecture 8?,lecture_8_slide_2_overview.md
Can you provide an explanation of slide 2 from lecture 8?,lecture_8_slide_2_overview.md
What's the focus of slide 2 in lecture 8?,lecture_8_slide_2_overview.md
Please summarize the concepts displayed on slide 2 of lecture 8.,lecture_8_slide_2_overview.md
What is being addressed on slide 2 of lecture 8?,lecture_8_slide_2_overview.md
Can you elaborate on the material covered in slide 2 of lecture 8?,lecture_8_slide_2_overview.md
Can you describe the content presented in slide 9 from lecture 8?,lecture_8_slide_9_gradient-descent-gd.md
What is happening on slide 9 of lecture 8?,lecture_8_slide_9_gradient-descent-gd.md
Could you explain the key points of slide 9 in lecture 8?,lecture_8_slide_9_gradient-descent-gd.md
What details are covered on slide 9 of the eighth lecture?,lecture_8_slide_9_gradient-descent-gd.md
Please summarize the main information from slide 9 in lecture 8.,lecture_8_slide_9_gradient-descent-gd.md
What topics are addressed in slide 9 of the eighth lecture?,lecture_8_slide_9_gradient-descent-gd.md
Can you breakdown slide 9 of the eighth lecture for me?,lecture_8_slide_9_gradient-descent-gd.md
What does slide 9 of lecture 8 illustrate?,lecture_8_slide_9_gradient-descent-gd.md
Could you provide an overview of the information on slide 9 of lecture 8?,lecture_8_slide_9_gradient-descent-gd.md
What are the main concepts discussed on slide 9 in lecture 8?,lecture_8_slide_9_gradient-descent-gd.md
Can you describe the content of image 2 found on slide 16 of lecture 8?,lecture_8_slide_16_img2.md
What does image 2 on slide 16 of lecture 8 illustrate?,lecture_8_slide_16_img2.md
Please interpret the second image on the sixteenth slide of the eighth lecture.,lecture_8_slide_16_img2.md
Could you elaborate on what is shown in image 2 on slide 16 of the eighth lecture?,lecture_8_slide_16_img2.md
What is depicted in the second image of slide 16 in lecture 8?,lecture_8_slide_16_img2.md
Can you provide an explanation for the image labeled as number 2 on slide 16 of lecture 8?,lecture_8_slide_16_img2.md
What information does the second image on the 16th slide of the eighth lecture convey?,lecture_8_slide_16_img2.md
Please explain the second image presented on the 16th slide during lecture 8.,lecture_8_slide_16_img2.md
How would you describe image 2 on slide 16 from lecture 8 in more detail?,lecture_8_slide_16_img2.md
Could you give an analysis of the second image shown on slide 16 in lecture number 8?,lecture_8_slide_16_img2.md
Could you elaborate on the contents of slide 33 from lecture 8?,lecture_8_slide_33_dropout.md
Can you help me understand the details in slide 33 of the eighth lecture?,lecture_8_slide_33_dropout.md
What are the key points presented in slide 33 of lecture 8?,lecture_8_slide_33_dropout.md
Please clarify the information displayed on slide 33 from our eighth lecture.,lecture_8_slide_33_dropout.md
What concepts are being discussed in slide 33 of the lecture 8 presentation?,lecture_8_slide_33_dropout.md
Could you describe the main ideas on slide number 33 from lecture 8?,lecture_8_slide_33_dropout.md
"In lecture 8, what does slide 33 illustrate or explain?",lecture_8_slide_33_dropout.md
I'd like an explanation of what's depicted on slide 33 of the eighth lecture.,lecture_8_slide_33_dropout.md
What is the subject matter of slide 33 in the lecture 8 slides?,lecture_8_slide_33_dropout.md
Can you break down the information shown on slide 33 of our lecture 8?,lecture_8_slide_33_dropout.md
Could you provide an explanation for what's presented on slide 35 in lecture 8?,lecture_8_slide_35_batchnorm.md
What details can you share about slide 35 from lecture 8?,lecture_8_slide_35_batchnorm.md
Can you clarify the content shown on slide 35 of lecture 8?,lecture_8_slide_35_batchnorm.md
"What is depicted on slide 35 of lecture 8, and can you explain it?",lecture_8_slide_35_batchnorm.md
Could you elaborate on the material covered on slide 35 in lecture 8?,lecture_8_slide_35_batchnorm.md
Would you mind giving an overview of slide 35 from our eighth lecture?,lecture_8_slide_35_batchnorm.md
"What information is conveyed in slide 35 of lecture 8, and what does it mean?",lecture_8_slide_35_batchnorm.md
Can you describe the concepts discussed on slide 35 in lecture 8?,lecture_8_slide_35_batchnorm.md
Please explain the key points illustrated on slide 35 of lecture 8.,lecture_8_slide_35_batchnorm.md
What is the significance of the content on slide 35 from lecture 8?,lecture_8_slide_35_batchnorm.md
Could you elaborate on the content presented in slide 14 of lecture 8?,lecture_8_slide_14_stochastic-gradient-sg.md
What information is conveyed on slide 14 in the eighth lecture?,lecture_8_slide_14_stochastic-gradient-sg.md
Can you provide an explanation of what is displayed on slide 14 from lecture 8?,lecture_8_slide_14_stochastic-gradient-sg.md
What is the main focus of slide 14 in lecture 8?,lecture_8_slide_14_stochastic-gradient-sg.md
Please explain the concepts discussed on slide 14 of the eighth lecture.,lecture_8_slide_14_stochastic-gradient-sg.md
What are the key points presented in slide 14 of lecture 8?,lecture_8_slide_14_stochastic-gradient-sg.md
Could you break down the information shown on slide 14 from lecture 8?,lecture_8_slide_14_stochastic-gradient-sg.md
What details are covered on slide 14 in the eighth lecture?,lecture_8_slide_14_stochastic-gradient-sg.md
Can you clarify the subject matter of slide 14 in lecture 8?,lecture_8_slide_14_stochastic-gradient-sg.md
What is happening on slide 14 of lecture 8?,lecture_8_slide_14_stochastic-gradient-sg.md
Can you describe the content presented on slide 7 of lecture 8?,lecture_8_slide_7_gradient-descent-gd.md
What information is covered on slide 7 of lecture 8?,lecture_8_slide_7_gradient-descent-gd.md
Could you summarize the key points on slide 7 from lecture 8?,lecture_8_slide_7_gradient-descent-gd.md
What details are depicted on slide 7 of the eighth lecture?,lecture_8_slide_7_gradient-descent-gd.md
Can you explain the main focus of slide 7 in lecture 8?,lecture_8_slide_7_gradient-descent-gd.md
What is discussed on slide 7 of the lecture 8 presentation?,lecture_8_slide_7_gradient-descent-gd.md
Describe the topic illustrated on slide 7 of lecture 8.,lecture_8_slide_7_gradient-descent-gd.md
What key concepts are highlighted on slide 7 of lecture 8?,lecture_8_slide_7_gradient-descent-gd.md
Could you go through the material shown on slide 7 of the eighth lecture?,lecture_8_slide_7_gradient-descent-gd.md
What is the essence of slide 7 in the context of lecture 8?,lecture_8_slide_7_gradient-descent-gd.md
Describe what is depicted in image 1 on slide 24 of lecture 8.,lecture_8_slide_24_img1.md
Can you provide an explanation for the first image shown on slide 24 in lecture 8?,lecture_8_slide_24_img1.md
What does the image labeled as 1 on slide 24 in lecture 8 illustrate?,lecture_8_slide_24_img1.md
Could you explain the contents of image 1 found on slide 24 of lecture 8?,lecture_8_slide_24_img1.md
What information is conveyed by image 1 on slide 24 in lecture 8?,lecture_8_slide_24_img1.md
Please elaborate on the image featured first on slide 24 of lecture 8.,lecture_8_slide_24_img1.md
What is the subject matter of image 1 on the 24th slide of lecture 8?,lecture_8_slide_24_img1.md
Can you clarify the details of the initial image on slide 24 in lecture 8?,lecture_8_slide_24_img1.md
How would you explain the first image on slide 24 during lecture 8?,lecture_8_slide_24_img1.md
What insights are presented in the initial image of slide 24 in lecture 8?,lecture_8_slide_24_img1.md
Could you describe what is depicted in image 2 on slide 17 of the eighth lecture?,lecture_8_slide_17_img2.md
What details can you provide about the second image on slide 17 from lecture 8?,lecture_8_slide_17_img2.md
Please explain the contents of image 2 located on the seventeenth slide of lecture 8.,lecture_8_slide_17_img2.md
What information is conveyed by the second image on the 17th slide of the eighth lecture?,lecture_8_slide_17_img2.md
Can you clarify what image 2 on slide 17 of lecture 8 illustrates?,lecture_8_slide_17_img2.md
What is shown in the second image on slide 17 of the eighth lecture?,lecture_8_slide_17_img2.md
Could you elaborate on the second image found on the 17th slide of lecture 8?,lecture_8_slide_17_img2.md
Would you mind explaining what image 2 represents on the seventeenth slide in lecture 8?,lecture_8_slide_17_img2.md
What does the second image on slide 17 of the eighth lecture depict?,lecture_8_slide_17_img2.md
Can you provide an explanation for image 2 on the 17th slide from lecture 8?,lecture_8_slide_17_img2.md
Can you describe the content presented on slide 24 of lecture 8?,lecture_8_slide_24_l2-regularization.md
What information is conveyed on slide 24 of lecture 8?,lecture_8_slide_24_l2-regularization.md
Could you clarify the details shown on slide 24 of lecture 8?,lecture_8_slide_24_l2-regularization.md
What is the main topic discussed on slide 24 from lecture 8?,lecture_8_slide_24_l2-regularization.md
Can you break down the points covered in slide 24 of lecture 8?,lecture_8_slide_24_l2-regularization.md
What are the key elements of slide 24 in lecture 8?,lecture_8_slide_24_l2-regularization.md
Please explain the significance of the information on slide 24 of lecture 8.,lecture_8_slide_24_l2-regularization.md
What concepts are illustrated on slide 24 in the eighth lecture?,lecture_8_slide_24_l2-regularization.md
Could you provide a summary of slide 24 from lecture number 8?,lecture_8_slide_24_l2-regularization.md
What is explained on the 24th slide of the eighth lecture?,lecture_8_slide_24_l2-regularization.md
Can you provide an explanation of image 1 found on slide 10 from lecture 8?,lecture_8_slide_10_img1.md
What details are conveyed in image 1 from slide 10 in lecture 8?,lecture_8_slide_10_img1.md
Could you elucidate image 1 on slide 10 of lecture 8?,lecture_8_slide_10_img1.md
What is depicted in the first image on slide 10 of our eighth lecture?,lecture_8_slide_10_img1.md
Please describe the contents of image 1 on slide 10 in lecture 8.,lecture_8_slide_10_img1.md
What information is presented in image 1 of slide 10 from the eighth lecture?,lecture_8_slide_10_img1.md
How would you interpret image 1 located on slide 10 from lecture 8?,lecture_8_slide_10_img1.md
Could you clarify what is shown in the first image on slide 10 in lecture 8?,lecture_8_slide_10_img1.md
What insights does image 1 from slide 10 in lecture 8 offer?,lecture_8_slide_10_img1.md
Can you summarize what image 1 on slide 10 of lecture 8 illustrates?,lecture_8_slide_10_img1.md
What details are presented on slide 31 of lecture 8?,lecture_8_slide_31_dropout.md
Could you break down the contents of slide 31 from lecture 8?,lecture_8_slide_31_dropout.md
What information is being conveyed in slide 31 of lecture 8?,lecture_8_slide_31_dropout.md
Can you summarize the main points of slide 31 in lecture 8?,lecture_8_slide_31_dropout.md
What is the main idea discussed in slide 31 of lecture 8?,lecture_8_slide_31_dropout.md
Could you clarify the content of slide 31 in lecture 8?,lecture_8_slide_31_dropout.md
What topics are covered on slide 31 of lecture 8?,lecture_8_slide_31_dropout.md
How would you interpret the material on slide 31 in lecture 8?,lecture_8_slide_31_dropout.md
What is the significance of the information on slide 31 in lecture 8?,lecture_8_slide_31_dropout.md
What are the key takeaways from slide 31 in lecture 8?,lecture_8_slide_31_dropout.md
Could you describe the contents of slide 16 from lecture 8?,lecture_8_slide_16_stochastic-gradient-sg.md
What information is conveyed on slide 16 in lecture 8?,lecture_8_slide_16_stochastic-gradient-sg.md
Can you explain the main points on slide 16 of the eighth lecture?,lecture_8_slide_16_stochastic-gradient-sg.md
What is happening on slide 16 of lecture 8?,lecture_8_slide_16_stochastic-gradient-sg.md
Could you interpret what slide 16 from the eighth lecture is about?,lecture_8_slide_16_stochastic-gradient-sg.md
What details are presented in slide 16 of lecture 8?,lecture_8_slide_16_stochastic-gradient-sg.md
How would you summarize the information on slide 16 from lecture 8?,lecture_8_slide_16_stochastic-gradient-sg.md
What does slide 16 in lecture 8 illustrate?,lecture_8_slide_16_stochastic-gradient-sg.md
Could you provide an overview of slide 16 from the eighth lecture?,lecture_8_slide_16_stochastic-gradient-sg.md
What are the key elements on slide 16 of lecture 8?,lecture_8_slide_16_stochastic-gradient-sg.md
Can you describe the content of image 1 found on slide 36 from lecture 8?,lecture_8_slide_36_img1.md
Please explain what is depicted in image 1 of slide 36 in lecture 8.,lecture_8_slide_36_img1.md
What details can you provide about image 1 from slide 36 in the eighth lecture?,lecture_8_slide_36_img1.md
Could you elaborate on the visual presented as image 1 on the 36th slide of lecture 8?,lecture_8_slide_36_img1.md
Would you mind explaining the first image on slide 36 of lecture number 8?,lecture_8_slide_36_img1.md
What is image 1 on slide 36 of lecture 8 about?,lecture_8_slide_36_img1.md
Provide an explanation of image 1 located on slide 36 in the eighth lecture.,lecture_8_slide_36_img1.md
What information does image 1 convey on slide 36 of the lecture given in session 8?,lecture_8_slide_36_img1.md
Describe image 1 that appears on slide 36 in lecture 8.,lecture_8_slide_36_img1.md
Could you give an analysis of image 1 from slide 36 in the lecture that is number 8?,lecture_8_slide_36_img1.md
Can you describe image 1 found on slide 9 of lecture 8?,lecture_8_slide_9_img1.md
"Could you provide an explanation for the image on slide 9, lecture 8?",lecture_8_slide_9_img1.md
What does the first image on slide 9 in lecture 8 show?,lecture_8_slide_9_img1.md
Please explain the contents of image 1 on slide 9 from lecture 8.,lecture_8_slide_9_img1.md
What is depicted in the first image of slide 9 in the eighth lecture?,lecture_8_slide_9_img1.md
Could you discuss the details of image 1 found in slide 9 of lecture 8?,lecture_8_slide_9_img1.md
Can you elaborate on the image shown on the ninth slide of lecture 8?,lecture_8_slide_9_img1.md
"What is the subject of the image presented on slide 9, image 1, in lecture 8?",lecture_8_slide_9_img1.md
Give an explanation of the image included on slide 9 in lecture 8.,lecture_8_slide_9_img1.md
How would you interpret the first image on the ninth slide of lecture 8?,lecture_8_slide_9_img1.md
Can you describe what is depicted in image 4 on slide 10 of lecture 8?,lecture_8_slide_10_img4.md
What is shown in the fourth image on the tenth slide of the eighth lecture?,lecture_8_slide_10_img4.md
Could you provide an explanation of the content in image 4 on slide 10 from lecture 8?,lecture_8_slide_10_img4.md
What details are presented in image 4 on slide 10 of lecture 8?,lecture_8_slide_10_img4.md
Please interpret the image numbered 4 on slide number 10 from lecture 8.,lecture_8_slide_10_img4.md
What's the significance of the fourth image on the 10th slide in lecture 8?,lecture_8_slide_10_img4.md
Could you elaborate on the elements present in image 4 of slide 10 in lecture 8?,lecture_8_slide_10_img4.md
What information can be obtained from image 4 on slide 10 during lecture 8?,lecture_8_slide_10_img4.md
Can you clarify what is illustrated in image 4 on the tenth slide of class 8?,lecture_8_slide_10_img4.md
Would you mind explaining the content of image 4 within slide 10 from lecture 8?,lecture_8_slide_10_img4.md
Can you describe the content of slide 5 from lecture 8?,lecture_8_slide_5_gradient-descent-gd.md
What information is presented on slide 5 of lecture 8?,lecture_8_slide_5_gradient-descent-gd.md
Could you provide an explanation of what is depicted in slide 5 of lecture 8?,lecture_8_slide_5_gradient-descent-gd.md
What does slide 5 in lecture 8 illustrate?,lecture_8_slide_5_gradient-descent-gd.md
Please expound on the details found in slide 5 of lecture 8.,lecture_8_slide_5_gradient-descent-gd.md
What is the main topic discussed on slide 5 of lecture 8?,lecture_8_slide_5_gradient-descent-gd.md
Can you break down the concepts presented on slide 5 of lecture 8?,lecture_8_slide_5_gradient-descent-gd.md
What are the key points shown on slide 5 in lecture 8?,lecture_8_slide_5_gradient-descent-gd.md
What details are highlighted on slide 5 from lecture 8?,lecture_8_slide_5_gradient-descent-gd.md
Could you interpret the information on slide 5 of lecture 8?,lecture_8_slide_5_gradient-descent-gd.md
Can you clarify the content presented on slide 25 of lecture 8?,lecture_8_slide_25_l2-regularization.md
What is the main focus of slide 25 in lecture 8?,lecture_8_slide_25_l2-regularization.md
Could you provide an explanation of what's depicted on slide 25 of lecture 8?,lecture_8_slide_25_l2-regularization.md
What details are covered in slide 25 of lecture 8?,lecture_8_slide_25_l2-regularization.md
Please explain the material on slide 25 from lecture 8.,lecture_8_slide_25_l2-regularization.md
What is happening in slide 25 of lecture 8?,lecture_8_slide_25_l2-regularization.md
Can you describe the information shown on slide 25 during lecture 8?,lecture_8_slide_25_l2-regularization.md
What are the key points discussed on slide 25 of lecture 8?,lecture_8_slide_25_l2-regularization.md
Could you summarize the content of slide 25 from lecture 8?,lecture_8_slide_25_l2-regularization.md
What is the subject of slide 25 in lecture 8?,lecture_8_slide_25_l2-regularization.md
Could you describe what's depicted in image 1 of slide 27 from lecture 8?,lecture_8_slide_27_img1.md
What information is conveyed by image 1 on slide 27 of our eighth lecture?,lecture_8_slide_27_img1.md
Can you explain the content of image 1 located in slide 27 of lecture number 8?,lecture_8_slide_27_img1.md
What details are shown in the first image on slide 27 of the eighth lecture?,lecture_8_slide_27_img1.md
Please interpret what image 1 is illustrating in slide 27 of lecture 8.,lecture_8_slide_27_img1.md
How would you explain the first image on slide 27 in our lecture 8?,lecture_8_slide_27_img1.md
Could you provide an explanation for image 1 found on slide 27 of lecture 8?,lecture_8_slide_27_img1.md
What is the significance of the image 1 shown on slide 27 in the eighth lecture?,lecture_8_slide_27_img1.md
Can you analyze the contents of image 1 on slide 27 during lecture 8?,lecture_8_slide_27_img1.md
What does the first image on slide 27 of lecture 8 represent?,lecture_8_slide_27_img1.md
Can you provide an explanation of the image found on slide 11 in lecture 8?,lecture_8_slide_11_img1.md
What is the interpretation of the image located on slide 11 from lecture 8?,lecture_8_slide_11_img1.md
Could you describe the contents of image 1 on slide 11 in lecture 8?,lecture_8_slide_11_img1.md
Please elaborate on the image presented on slide 11 in lecture 8.,lecture_8_slide_11_img1.md
What does the image on slide 11 of lecture 8 represent?,lecture_8_slide_11_img1.md
How would you explain the first image on slide 11 from lecture 8?,lecture_8_slide_11_img1.md
What is the significance of the image on slide 11 in lecture 8?,lecture_8_slide_11_img1.md
Could you detail the image shown on slide 11 of lecture 8?,lecture_8_slide_11_img1.md
What information is conveyed by the image on slide 11 in lecture 8?,lecture_8_slide_11_img1.md
Can you analyze the image found on slide 11 in lecture 8?,lecture_8_slide_11_img1.md
Could you provide an explanation for the content on slide 29 of lecture 15?,lecture_15_slide_29_misalignment.md
What is discussed on slide 29 of lecture 15? Please explain.,lecture_15_slide_29_misalignment.md
Can you summarize the information presented in slide 29 of lecture 15?,lecture_15_slide_29_misalignment.md
What details are covered in slide 29 of lecture 15?,lecture_15_slide_29_misalignment.md
Please explain the main points of slide 29 from lecture 15.,lecture_15_slide_29_misalignment.md
What is the focus of slide 29 in lecture 15?,lecture_15_slide_29_misalignment.md
Can you clarify what is presented on slide 29 of lecture 15?,lecture_15_slide_29_misalignment.md
What explanation is given in slide 29 of lecture 15?,lecture_15_slide_29_misalignment.md
Could you detail the information shown on slide 29 in lecture 15?,lecture_15_slide_29_misalignment.md
What concepts are highlighted on slide 29 of lecture 15?,lecture_15_slide_29_misalignment.md
Can you describe what's happening on slide 16 of lecture 15?,lecture_15_slide_16_living-in-a.md
What is depicted on slide 16 in the 15th lecture?,lecture_15_slide_16_living-in-a.md
Could you clarify the contents of slide 16 from lecture 15?,lecture_15_slide_16_living-in-a.md
What information is presented on slide 16 of the fifteenth lecture?,lecture_15_slide_16_living-in-a.md
Please explain the details shown on slide 16 in the 15th lecture.,lecture_15_slide_16_living-in-a.md
What concepts are covered on slide 16 of lecture 15?,lecture_15_slide_16_living-in-a.md
Can you break down the key points from slide 16 of the 15th lecture?,lecture_15_slide_16_living-in-a.md
What discussion does slide 16 of lecture 15 involve?,lecture_15_slide_16_living-in-a.md
Could you summarize what's illustrated on slide 16 in lecture 15?,lecture_15_slide_16_living-in-a.md
What are the main ideas conveyed in slide 16 of lecture 15?,lecture_15_slide_16_living-in-a.md
Could you describe the content of slide 15 in lecture 15?,lecture_15_slide_15_categories-of-ethical-issues-of-ai.md
What details are presented on slide 15 of lecture 15?,lecture_15_slide_15_categories-of-ethical-issues-of-ai.md
Can you clarify what's shown in slide 15 of the fifteenth lecture?,lecture_15_slide_15_categories-of-ethical-issues-of-ai.md
What is discussed on the fifteenth slide of lecture 15?,lecture_15_slide_15_categories-of-ethical-issues-of-ai.md
Please summarize the information found on slide 15 of lecture 15.,lecture_15_slide_15_categories-of-ethical-issues-of-ai.md
What does slide 15 in lecture number 15 depict?,lecture_15_slide_15_categories-of-ethical-issues-of-ai.md
Could you break down the main points of slide 15 in lecture 15?,lecture_15_slide_15_categories-of-ethical-issues-of-ai.md
What is the subject matter of slide 15 in the 15th lecture?,lecture_15_slide_15_categories-of-ethical-issues-of-ai.md
Can you elaborate on the details shown in slide 15 from lecture 15?,lecture_15_slide_15_categories-of-ethical-issues-of-ai.md
What key concepts are covered in slide 15 of the fifteenth lecture?,lecture_15_slide_15_categories-of-ethical-issues-of-ai.md
Could you describe the content of slide 25 from lecture 15?,lecture_15_slide_25_ibm-global-ai-adoption-index-2023.md
What information is presented on slide 25 in lecture 15?,lecture_15_slide_25_ibm-global-ai-adoption-index-2023.md
Can you explain what's depicted on slide 25 of lecture 15?,lecture_15_slide_25_ibm-global-ai-adoption-index-2023.md
What is the main subject of slide 25 in lecture 15?,lecture_15_slide_25_ibm-global-ai-adoption-index-2023.md
Give an explanation of the material on slide 25 from lecture 15.,lecture_15_slide_25_ibm-global-ai-adoption-index-2023.md
What details are covered on slide 25 of the 15th lecture?,lecture_15_slide_25_ibm-global-ai-adoption-index-2023.md
Could you summarize the key points of slide 25 from lecture 15?,lecture_15_slide_25_ibm-global-ai-adoption-index-2023.md
What does slide 25 from lecture 15 illustrate?,lecture_15_slide_25_ibm-global-ai-adoption-index-2023.md
Can you walk me through what's discussed on slide 25 of lecture 15?,lecture_15_slide_25_ibm-global-ai-adoption-index-2023.md
"What is happening in slide 25 of lecture 15, in your own words?",lecture_15_slide_25_ibm-global-ai-adoption-index-2023.md
Could you describe what's happening in slide 2 of lecture 15?,lecture_15_slide_2_overview.md
Can you elaborate on the content presented in slide 2 of lecture 15?,lecture_15_slide_2_overview.md
What information is being conveyed in slide 2 of lecture 15?,lecture_15_slide_2_overview.md
Please provide an explanation of slide 2 from lecture 15.,lecture_15_slide_2_overview.md
What does slide 2 of lecture 15 illustrate?,lecture_15_slide_2_overview.md
Can you interpret the details shown on slide 2 of lecture 15?,lecture_15_slide_2_overview.md
What are the key points on slide 2 in lecture 15?,lecture_15_slide_2_overview.md
Can you summarize the main topics covered in slide 2 of lecture 15?,lecture_15_slide_2_overview.md
What's the focus of slide 2 from lecture 15?,lecture_15_slide_2_overview.md
How does slide 2 of lecture 15 contribute to the overall message?,lecture_15_slide_2_overview.md
Could you clarify the details of what is being presented in slide 28 of lecture 15?,lecture_15_slide_28_why-ai-alignment-is-important.md
What information is conveyed on slide 28 of lecture 15?,lecture_15_slide_28_why-ai-alignment-is-important.md
Can you describe the key points of slide 28 in lecture 15?,lecture_15_slide_28_why-ai-alignment-is-important.md
Please explain the content featured on slide 28 of lecture 15.,lecture_15_slide_28_why-ai-alignment-is-important.md
What is the main idea illustrated on slide 28 in lecture 15?,lecture_15_slide_28_why-ai-alignment-is-important.md
Could you break down the material shown on slide 28 of lecture 15?,lecture_15_slide_28_why-ai-alignment-is-important.md
What concepts are depicted in slide 28 from lecture 15?,lecture_15_slide_28_why-ai-alignment-is-important.md
Can you provide an analysis of slide 28 in lecture 15?,lecture_15_slide_28_why-ai-alignment-is-important.md
How would you summarize the information on slide 28 of lecture 15?,lecture_15_slide_28_why-ai-alignment-is-important.md
What explanations are provided on slide 28 of lecture 15?,lecture_15_slide_28_why-ai-alignment-is-important.md
Could you describe the illustration presented in image 1 on slide 38 from lecture 15?,lecture_15_slide_38_img1.md
What is depicted in the first image on slide 38 of lecture 15?,lecture_15_slide_38_img1.md
"Can you provide an explanation for the image shown in slide 38, image 1, of lecture 15?",lecture_15_slide_38_img1.md
Please elaborate on the content of image 1 located on slide 38 in lecture 15.,lecture_15_slide_38_img1.md
What information is conveyed by image 1 on slide 38 of lecture 15?,lecture_15_slide_38_img1.md
Discuss the visual content described in image 1 on slide 38 of our 15th lecture.,lecture_15_slide_38_img1.md
"Could you analyze the image on slide 38, specifically image 1, from lecture 15?",lecture_15_slide_38_img1.md
What is the significance of the first image on slide 38 in lecture 15?,lecture_15_slide_38_img1.md
Please interpret the image that appears first on slide 38 of lecture 15.,lecture_15_slide_38_img1.md
What details can you provide about image 1 in slide 38 from lecture 15?,lecture_15_slide_38_img1.md
Can you describe the content of slide 11 from lecture 15?,lecture_15_slide_11_ibm-global-ai-adoption-index.md
What is being explained on slide 11 of the 15th lecture?,lecture_15_slide_11_ibm-global-ai-adoption-index.md
Could you give a breakdown of slide 11 in lecture 15?,lecture_15_slide_11_ibm-global-ai-adoption-index.md
What information is presented on slide 11 of lecture 15?,lecture_15_slide_11_ibm-global-ai-adoption-index.md
Please clarify the points made on slide 11 from the 15th lecture.,lecture_15_slide_11_ibm-global-ai-adoption-index.md
What does slide 11 of lecture 15 discuss?,lecture_15_slide_11_ibm-global-ai-adoption-index.md
Could you detail what slide 11 in lecture 15 covers?,lecture_15_slide_11_ibm-global-ai-adoption-index.md
What is the main topic covered on slide 11 of lecture 15?,lecture_15_slide_11_ibm-global-ai-adoption-index.md
Please explain the contents of slide 11 in lecture 15.,lecture_15_slide_11_ibm-global-ai-adoption-index.md
What are the key highlights of slide 11 in lecture 15?,lecture_15_slide_11_ibm-global-ai-adoption-index.md
Could you describe the content presented on slide 36 of lecture 15?,lecture_15_slide_36_formal-verification-for-robust-ml.md
What details are found on slide 36 of the 15th lecture?,lecture_15_slide_36_formal-verification-for-robust-ml.md
Can you break down the information shown in slide 36 from lecture 15?,lecture_15_slide_36_formal-verification-for-robust-ml.md
What is the main focus of slide 36 in lecture 15?,lecture_15_slide_36_formal-verification-for-robust-ml.md
Please explain the key points discussed on slide 36 of lecture 15.,lecture_15_slide_36_formal-verification-for-robust-ml.md
What topics are covered on slide 36 of the fifteenth lecture?,lecture_15_slide_36_formal-verification-for-robust-ml.md
Could you summarize the main ideas of slide 36 from lecture 15?,lecture_15_slide_36_formal-verification-for-robust-ml.md
Can you clarify the concepts illustrated on slide 36 in lecture 15?,lecture_15_slide_36_formal-verification-for-robust-ml.md
What is depicted in slide 36 of the 15th lecture?,lecture_15_slide_36_formal-verification-for-robust-ml.md
Can you interpret the message conveyed on slide 36 from lecture 15?,lecture_15_slide_36_formal-verification-for-robust-ml.md
"Can you clarify what's happening in lecture 15, slide 41?",lecture_15_slide_41_issues-with-ml-models.md
What details are presented on slide 41 of lecture 15?,lecture_15_slide_41_issues-with-ml-models.md
Could you explain the contents of slide 41 from lecture 15?,lecture_15_slide_41_issues-with-ml-models.md
What information is conveyed on slide 41 of lecture 15?,lecture_15_slide_41_issues-with-ml-models.md
Please describe the key points of slide 41 from lecture 15.,lecture_15_slide_41_issues-with-ml-models.md
What is discussed in slide 41 of lecture 15?,lecture_15_slide_41_issues-with-ml-models.md
Could you break down the elements shown on slide 41 of lecture 15?,lecture_15_slide_41_issues-with-ml-models.md
What topics are covered on slide 41 of the 15th lecture?,lecture_15_slide_41_issues-with-ml-models.md
Can you summarize the main ideas on slide 41 of lecture 15?,lecture_15_slide_41_issues-with-ml-models.md
What is the focus of slide 41 in the 15th lecture?,lecture_15_slide_41_issues-with-ml-models.md
Could you clarify the content of slide 23 from lecture 15?,lecture_15_slide_23_identifying.md
What details are covered on slide 23 of lecture 15?,lecture_15_slide_23_identifying.md
Can you provide an explanation for what's presented on slide 23 in lecture 15?,lecture_15_slide_23_identifying.md
Please elaborate on the main points found on slide 23 of lecture 15.,lecture_15_slide_23_identifying.md
What is being discussed in slide 23 of lecture 15?,lecture_15_slide_23_identifying.md
Could you describe the information shown on slide 23 from lecture 15?,lecture_15_slide_23_identifying.md
What's the focus of slide 23 in lecture 15?,lecture_15_slide_23_identifying.md
Can you break down the key elements of slide 23 from lecture 15?,lecture_15_slide_23_identifying.md
What are the highlights of slide 23 in lecture 15?,lecture_15_slide_23_identifying.md
Can you summarize the content of slide 23 in lecture 15?,lecture_15_slide_23_identifying.md
Can you describe what is depicted in image 1 on slide 7 from lecture 15?,lecture_15_slide_7_img1.md
What details are shown in image 1 of slide 7 in the fifteenth lecture?,lecture_15_slide_7_img1.md
Could you provide an explanation for the first image on slide 7 of lecture 15?,lecture_15_slide_7_img1.md
What is image 1 portraying in slide 7 of the 15th lecture?,lecture_15_slide_7_img1.md
Please explain the contents of image 1 found on slide 7 in lecture 15.,lecture_15_slide_7_img1.md
What information does image 1 on slide 7 of lecture 15 convey?,lecture_15_slide_7_img1.md
Could you summarize what's presented in image 1 on the seventh slide of lecture 15?,lecture_15_slide_7_img1.md
What is the subject matter of image 1 in slide 7 from lecture 15?,lecture_15_slide_7_img1.md
Can you interpret the content of image 1 on slide 7 in the 15th lecture?,lecture_15_slide_7_img1.md
What can you tell me about image 1 on slide 7 in lecture 15?,lecture_15_slide_7_img1.md
Could you elaborate on the content of slide 34 from lecture 15?,lecture_15_slide_34_evolution-of-nn-models.md
What is being discussed on slide 34 of lecture 15?,lecture_15_slide_34_evolution-of-nn-models.md
Please explain the details presented in slide 34 of lecture 15.,lecture_15_slide_34_evolution-of-nn-models.md
Can you provide an overview of slide 34 from lecture 15?,lecture_15_slide_34_evolution-of-nn-models.md
What information is conveyed on slide 34 of lecture 15?,lecture_15_slide_34_evolution-of-nn-models.md
Could you clarify the points made on slide 34 in lecture 15?,lecture_15_slide_34_evolution-of-nn-models.md
What is the main focus of slide 34 in lecture 15?,lecture_15_slide_34_evolution-of-nn-models.md
Can you detail the concepts covered on slide 34 of lecture 15?,lecture_15_slide_34_evolution-of-nn-models.md
What are the key takeaways from slide 34 in lecture 15?,lecture_15_slide_34_evolution-of-nn-models.md
Please interpret the material presented on slide 34 during lecture 15.,lecture_15_slide_34_evolution-of-nn-models.md
Can you provide an explanation for slide 42 in lecture 15?,lecture_15_slide_42_handling-ml-experiments.md
What is being discussed on slide 42 of lecture 15?,lecture_15_slide_42_handling-ml-experiments.md
Could you clarify the content of slide 42 from lecture 15?,lecture_15_slide_42_handling-ml-experiments.md
What does slide 42 of lecture 15 talk about?,lecture_15_slide_42_handling-ml-experiments.md
Please explain the details of slide 42 in lecture 15.,lecture_15_slide_42_handling-ml-experiments.md
What information is presented in slide 42 of lecture 15?,lecture_15_slide_42_handling-ml-experiments.md
Could you describe what slide 42 from lecture 15 covers?,lecture_15_slide_42_handling-ml-experiments.md
Can you elaborate on what is shown in slide 42 of lecture 15?,lecture_15_slide_42_handling-ml-experiments.md
What topic is addressed on slide 42 in lecture 15?,lecture_15_slide_42_handling-ml-experiments.md
How can slide 42 of lecture 15 be interpreted?,lecture_15_slide_42_handling-ml-experiments.md
Could you provide an explanation of the first image on slide 30 from lecture 15?,lecture_15_slide_30_img1.md
Please explain the image shown as number 1 on slide 30 of the fifteenth lecture.,lecture_15_slide_30_img1.md
What does the first image on slide 30 of lecture 15 depict?,lecture_15_slide_30_img1.md
Can you detail the contents of image 1 on slide 30 from lecture 15?,lecture_15_slide_30_img1.md
I'd like an explanation for the initial image on slide 30 in the 15th lecture.,lecture_15_slide_30_img1.md
Could you break down the meaning of image 1 found on slide 30 in lecture 15?,lecture_15_slide_30_img1.md
What information is conveyed by the first image on slide 30 in lecture number 15?,lecture_15_slide_30_img1.md
Can you describe the first image on slide number 30 from the 15th lecture?,lecture_15_slide_30_img1.md
Please elaborate on the first image shown on slide 30 during lecture 15.,lecture_15_slide_30_img1.md
"What is depicted in image 1 on slide 30 of the fifteenth lecture, and can you explain it?",lecture_15_slide_30_img1.md
Could you clarify the content being discussed on slide 20 of lecture 15?,lecture_15_slide_20_implementing-algorithmic-impact-assessme.md
What concepts are being covered on slide 20 of lecture 15?,lecture_15_slide_20_implementing-algorithmic-impact-assessme.md
Please describe the information presented on slide 20 of lecture 15.,lecture_15_slide_20_implementing-algorithmic-impact-assessme.md
What is the main focus of slide 20 in lecture 15?,lecture_15_slide_20_implementing-algorithmic-impact-assessme.md
Can you explain the details shown on slide 20 of lecture 15?,lecture_15_slide_20_implementing-algorithmic-impact-assessme.md
What topics are highlighted in slide 20 of lecture 15?,lecture_15_slide_20_implementing-algorithmic-impact-assessme.md
Could you interpret the material found on slide 20 of lecture 15?,lecture_15_slide_20_implementing-algorithmic-impact-assessme.md
What is the key message conveyed in slide 20 of lecture 15?,lecture_15_slide_20_implementing-algorithmic-impact-assessme.md
Can you provide an explanation of the content on slide 20 of lecture 15?,lecture_15_slide_20_implementing-algorithmic-impact-assessme.md
What are the significant points discussed in slide 20 of lecture 15?,lecture_15_slide_20_implementing-algorithmic-impact-assessme.md
Could you describe what's happening in slide 45 of lecture 15?,lecture_15_slide_45_tips-missing-value-handling.md
What details are presented on slide 45 in lecture 15?,lecture_15_slide_45_tips-missing-value-handling.md
Please explain the content shown in slide 45 of lecture 15.,lecture_15_slide_45_tips-missing-value-handling.md
Can you summarize the information on slide 45 from lecture 15?,lecture_15_slide_45_tips-missing-value-handling.md
What is depicted on slide 45 of the fifteenth lecture?,lecture_15_slide_45_tips-missing-value-handling.md
Could you clarify the points discussed on slide 45 in the 15th lecture?,lecture_15_slide_45_tips-missing-value-handling.md
What is the main focus of slide 45 in lecture 15?,lecture_15_slide_45_tips-missing-value-handling.md
Please interpret the details illustrated on slide 45 from lecture 15.,lecture_15_slide_45_tips-missing-value-handling.md
What is being explained in the 45th slide of lecture 15?,lecture_15_slide_45_tips-missing-value-handling.md
Can you explain the concepts covered on slide 45 of lecture 15?,lecture_15_slide_45_tips-missing-value-handling.md
Could you elaborate on the content of image 2 from slide 8 in lecture 15?,lecture_15_slide_8_img2.md
What details can you provide about the second image on the eighth slide of lecture 15?,lecture_15_slide_8_img2.md
Please explain the context of the image labeled as number 2 in slide 8 of our fifteenth lecture.,lecture_15_slide_8_img2.md
Can you provide an explanation of image 2 found on the eighth slide of the 15th lecture?,lecture_15_slide_8_img2.md
I would like a detailed explanation of the second image on slide 8 of lecture 15.,lecture_15_slide_8_img2.md
Could you go over the main points of image 2 presented on slide 8 of lecture 15?,lecture_15_slide_8_img2.md
What information is conveyed by the second image on the eighth slide of lecture number 15?,lecture_15_slide_8_img2.md
Please describe the elements of image 2 from slide 8 in lecture 15.,lecture_15_slide_8_img2.md
"What is depicted in image 2 on the eighth slide of our 15th lecture, and can you explain its significance?",lecture_15_slide_8_img2.md
Can you detail the points covered by image 2 on slide 8 of lecture 15?,lecture_15_slide_8_img2.md
Could you describe what's happening in slide 30 of lecture 15?,lecture_15_slide_30_alignment-cycle.md
What is the main point of slide 30 in the 15th lecture?,lecture_15_slide_30_alignment-cycle.md
Can you summarize the information on slide 30 of lecture 15?,lecture_15_slide_30_alignment-cycle.md
What details are covered in slide 30 of lecture number 15?,lecture_15_slide_30_alignment-cycle.md
Please explain the content presented on slide 30 of lecture 15.,lecture_15_slide_30_alignment-cycle.md
What is explained in slide 30 of the 15th lecture?,lecture_15_slide_30_alignment-cycle.md
Could you clarify the information shown on slide 30 from lecture 15?,lecture_15_slide_30_alignment-cycle.md
What is discussed in slide 30 of lecture 15?,lecture_15_slide_30_alignment-cycle.md
Can you provide an overview of slide 30 from lecture 15?,lecture_15_slide_30_alignment-cycle.md
What are the key points from slide 30 in lecture 15?,lecture_15_slide_30_alignment-cycle.md
Can you describe the content shown in slide 5 of lecture 15?,lecture_15_slide_5_rai.md
What is being explained in slide 5 of lecture 15?,lecture_15_slide_5_rai.md
Could you go over the details of slide 5 from lecture 15?,lecture_15_slide_5_rai.md
What information does slide 5 in lecture 15 convey?,lecture_15_slide_5_rai.md
Can you clarify what's happening in slide 5 of lecture 15?,lecture_15_slide_5_rai.md
Would you mind explaining the key points of slide 5 in lecture 15?,lecture_15_slide_5_rai.md
What is discussed in slide 5 of lecture 15?,lecture_15_slide_5_rai.md
Could you summarize the main ideas in slide 5 of lecture 15?,lecture_15_slide_5_rai.md
What are the main highlights of slide 5 in lecture 15?,lecture_15_slide_5_rai.md
How would you interpret the information on slide 5 of lecture 15?,lecture_15_slide_5_rai.md
Can you describe the contents of slide 12 from lecture 15?,lecture_15_slide_12_concepts-of-ai-and-ethical-questions-the.md
What is discussed on slide 12 in lecture 15?,lecture_15_slide_12_concepts-of-ai-and-ethical-questions-the.md
Could you provide an explanation of what's on slide 12 from lecture 15?,lecture_15_slide_12_concepts-of-ai-and-ethical-questions-the.md
What information is presented on slide 12 in the 15th lecture?,lecture_15_slide_12_concepts-of-ai-and-ethical-questions-the.md
Could you clarify the details shown on slide 12 of the 15th lecture?,lecture_15_slide_12_concepts-of-ai-and-ethical-questions-the.md
What topics are covered in slide 12 of lecture 15?,lecture_15_slide_12_concepts-of-ai-and-ethical-questions-the.md
What is the main focus of slide 12 in lecture 15?,lecture_15_slide_12_concepts-of-ai-and-ethical-questions-the.md
Can you summarize the key points from slide 12 in lecture 15?,lecture_15_slide_12_concepts-of-ai-and-ethical-questions-the.md
What does slide 12 of the 15th lecture illustrate?,lecture_15_slide_12_concepts-of-ai-and-ethical-questions-the.md
Could you elaborate on the content of slide 12 in lecture 15?,lecture_15_slide_12_concepts-of-ai-and-ethical-questions-the.md
Can you provide an explanation of the content on slide 3 of lecture 15?,lecture_15_slide_3_concerns-about-trust-related-issues-spec.md
"What is depicted on slide 3 of lecture 15, and can you elaborate on it?",lecture_15_slide_3_concerns-about-trust-related-issues-spec.md
Could you clarify the points discussed in slide 3 of lecture 15?,lecture_15_slide_3_concerns-about-trust-related-issues-spec.md
What are the main ideas presented on slide 3 of lecture 15?,lecture_15_slide_3_concerns-about-trust-related-issues-spec.md
Please explain the information shown on slide 3 of lecture 15.,lecture_15_slide_3_concerns-about-trust-related-issues-spec.md
What details are covered on slide 3 of lecture 15?,lecture_15_slide_3_concerns-about-trust-related-issues-spec.md
Could you summarize the content of slide 3 from lecture 15?,lecture_15_slide_3_concerns-about-trust-related-issues-spec.md
What is being addressed on slide 3 of lecture 15?,lecture_15_slide_3_concerns-about-trust-related-issues-spec.md
Can you describe what is presented on slide 3 of lecture 15?,lecture_15_slide_3_concerns-about-trust-related-issues-spec.md
What key concepts are illustrated on slide 3 of lecture 15?,lecture_15_slide_3_concerns-about-trust-related-issues-spec.md
Could you clarify the content depicted on slide 26 of lecture 15?,lecture_15_slide_26_what-is-ai-alignment.md
What is discussed in slide 26 of the fifteenth lecture?,lecture_15_slide_26_what-is-ai-alignment.md
Can you describe the material shown on slide 26 from lecture 15?,lecture_15_slide_26_what-is-ai-alignment.md
What details are presented on slide 26 of the 15th lecture?,lecture_15_slide_26_what-is-ai-alignment.md
Please explain the subject matter of slide 26 in lecture 15.,lecture_15_slide_26_what-is-ai-alignment.md
What information is conveyed in the 26th slide of the fifteenth lecture?,lecture_15_slide_26_what-is-ai-alignment.md
Can you break down what is happening in slide 26 of lecture 15?,lecture_15_slide_26_what-is-ai-alignment.md
What is the main point of slide 26 in lecture 15?,lecture_15_slide_26_what-is-ai-alignment.md
Could you provide an overview of slide 26 from the fifteenth lecture?,lecture_15_slide_26_what-is-ai-alignment.md
What key topics are addressed in slide 26 of lecture 15?,lecture_15_slide_26_what-is-ai-alignment.md
Could you clarify the content presented on slide 33 from lecture 15?,lecture_15_slide_33_neural-networks.md
What are the key points discussed on slide 33 in the fifteenth lecture?,lecture_15_slide_33_neural-networks.md
Can you break down the information shown on slide 33 of lecture 15?,lecture_15_slide_33_neural-networks.md
What is the main topic covered on slide 33 in the 15th lecture?,lecture_15_slide_33_neural-networks.md
Please provide an explanation of slide 33 from lecture 15.,lecture_15_slide_33_neural-networks.md
What details are depicted on slide 33 of lecture number 15?,lecture_15_slide_33_neural-networks.md
Could you describe what is illustrated on slide 33 in lecture 15?,lecture_15_slide_33_neural-networks.md
What explanations does slide 33 offer in the context of lecture 15?,lecture_15_slide_33_neural-networks.md
Can you summarize the content that slide 33 covers in lecture 15?,lecture_15_slide_33_neural-networks.md
What is happening on slide 33 of the fifteenth lecture?,lecture_15_slide_33_neural-networks.md
Could you describe what's happening on slide 27 of lecture 15?,lecture_15_slide_27_intermediate-objectives-rice.md
What content is covered in slide 27 of the fifteenth lecture?,lecture_15_slide_27_intermediate-objectives-rice.md
Can you explain the details of slide 27 from lecture 15?,lecture_15_slide_27_intermediate-objectives-rice.md
What information is presented on slide 27 in lecture 15?,lecture_15_slide_27_intermediate-objectives-rice.md
Please interpret the content seen on slide 27 of lecture 15.,lecture_15_slide_27_intermediate-objectives-rice.md
What is the main focus of slide 27 in the 15th lecture?,lecture_15_slide_27_intermediate-objectives-rice.md
Could you summarize the key points of slide 27 from lecture 15?,lecture_15_slide_27_intermediate-objectives-rice.md
What is depicted on slide 27 in lecture 15?,lecture_15_slide_27_intermediate-objectives-rice.md
Can you provide an overview of slide 27 from the 15th lecture?,lecture_15_slide_27_intermediate-objectives-rice.md
What topics are illustrated on slide 27 of lecture 15?,lecture_15_slide_27_intermediate-objectives-rice.md
Can you elaborate on the content presented on slide 39 of lecture 15?,lecture_15_slide_39_verification-techniques.md
What is described in slide 39 of lecture 15?,lecture_15_slide_39_verification-techniques.md
Could you explain the information found on slide 39 from lecture 15?,lecture_15_slide_39_verification-techniques.md
What details are covered in slide 39 of the 15th lecture?,lecture_15_slide_39_verification-techniques.md
Please provide an explanation of what is shown on slide 39 in lecture 15.,lecture_15_slide_39_verification-techniques.md
What topics are discussed on slide 39 of the fifteenth lecture?,lecture_15_slide_39_verification-techniques.md
Could you describe what slide 39 of lecture 15 entails?,lecture_15_slide_39_verification-techniques.md
What is depicted on slide 39 of the 15th lecture?,lecture_15_slide_39_verification-techniques.md
Can you break down the content of slide 39 from lecture 15 for me?,lecture_15_slide_39_verification-techniques.md
What information is conveyed on slide 39 of lecture 15?,lecture_15_slide_39_verification-techniques.md
Can you describe image 1 found on slide 15 of lecture 15?,lecture_15_slide_15_img1.md
Please explain the content of image 1 on slide 15 of lecture 15.,lecture_15_slide_15_img1.md
What is depicted in image 1 on slide 15 of lecture 15?,lecture_15_slide_15_img1.md
Could you provide an explanation of image 1 in slide 15 from lecture 15?,lecture_15_slide_15_img1.md
Describe the details of image 1 present in slide 15 of lecture 15.,lecture_15_slide_15_img1.md
What information is conveyed by image 1 on slide 15 of lecture 15?,lecture_15_slide_15_img1.md
Give an explanation for the first image on slide 15 of lecture 15.,lecture_15_slide_15_img1.md
What does image 1 show on slide 15 in lecture 15?,lecture_15_slide_15_img1.md
Please break down the elements of image 1 on slide 15 of lecture 15.,lecture_15_slide_15_img1.md
How would you explain image 1 featured in slide 15 of lecture 15?,lecture_15_slide_15_img1.md
Could you clarify the content of slide 7 from lecture 15?,lecture_15_slide_7_rai.md
What is the main idea presented on slide 7 of lecture 15?,lecture_15_slide_7_rai.md
Can you describe what is being discussed on slide 7 of lecture 15?,lecture_15_slide_7_rai.md
I need an explanation of the details on slide 7 of lecture 15.,lecture_15_slide_7_rai.md
What information is slide 7 of lecture 15 conveying?,lecture_15_slide_7_rai.md
Please explain the concept illustrated on slide 7 of lecture 15.,lecture_15_slide_7_rai.md
Could you provide an overview of slide 7 from lecture 15?,lecture_15_slide_7_rai.md
What are the key points mentioned on slide 7 of lecture 15?,lecture_15_slide_7_rai.md
Can you summarize the content shown on slide 7 of lecture 15?,lecture_15_slide_7_rai.md
What is the subject matter of slide 7 in lecture 15?,lecture_15_slide_7_rai.md
Could you provide a detailed explanation of what is depicted in slide 14 of lecture 15?,lecture_15_slide_14_key-characteristics-of-different-uses-of.md
What are the key points or topics covered in slide 14 of lecture 15?,lecture_15_slide_14_key-characteristics-of-different-uses-of.md
Can you summarize the information presented on slide 14 from lecture 15?,lecture_15_slide_14_key-characteristics-of-different-uses-of.md
What is the main focus of slide 14 in lecture 15?,lecture_15_slide_14_key-characteristics-of-different-uses-of.md
Can you describe the content and main message of slide 14 from lecture 15?,lecture_15_slide_14_key-characteristics-of-different-uses-of.md
What concepts are being conveyed in slide 14 of the 15th lecture?,lecture_15_slide_14_key-characteristics-of-different-uses-of.md
Could you explain the significance of slide 14 in the context of lecture 15?,lecture_15_slide_14_key-characteristics-of-different-uses-of.md
What details or information are highlighted on slide 14 of lecture 15?,lecture_15_slide_14_key-characteristics-of-different-uses-of.md
"In lecture 15, what is the narrative or explanation provided on slide 14?",lecture_15_slide_14_key-characteristics-of-different-uses-of.md
"How does slide 14 fit into the overall theme of lecture 15, and what does it explain?",lecture_15_slide_14_key-characteristics-of-different-uses-of.md
Could you provide an explanation of what's happening in slide 40 of lecture 15?,lecture_15_slide_40_issues-with-ml-models.md
What details are presented on slide 40 of lecture 15?,lecture_15_slide_40_issues-with-ml-models.md
Can you clarify the content of slide 40 from lecture 15?,lecture_15_slide_40_issues-with-ml-models.md
What is being discussed in slide 40 of lecture 15?,lecture_15_slide_40_issues-with-ml-models.md
Could you elaborate on the main points of slide 40 in lecture 15?,lecture_15_slide_40_issues-with-ml-models.md
What's the focus of slide 40 in our 15th lecture?,lecture_15_slide_40_issues-with-ml-models.md
Can you break down the information on slide 40 of lecture 15?,lecture_15_slide_40_issues-with-ml-models.md
What topics are covered on slide 40 in the 15th lecture?,lecture_15_slide_40_issues-with-ml-models.md
Would you explain the key concepts from slide 40 of lecture 15?,lecture_15_slide_40_issues-with-ml-models.md
What explanations are necessary for understanding slide 40 of lecture 15?,lecture_15_slide_40_issues-with-ml-models.md
Could you elaborate on the content of slide 46 from lecture 15?,lecture_15_slide_46_recap-13.md
What details are presented in slide 46 of lecture 15?,lecture_15_slide_46_recap-13.md
Can you clarify the information shown on slide 46 in lecture 15?,lecture_15_slide_46_recap-13.md
What is depicted on slide 46 of lecture 15?,lecture_15_slide_46_recap-13.md
Please provide an explanation of slide 46 in lecture 15.,lecture_15_slide_46_recap-13.md
Can you break down the concepts covered in slide 46 of lecture 15?,lecture_15_slide_46_recap-13.md
What points are addressed in slide 46 of lecture 15?,lecture_15_slide_46_recap-13.md
What are the main topics discussed on slide 46 of lecture 15?,lecture_15_slide_46_recap-13.md
Could you provide a summary of what is on slide 46 in lecture 15?,lecture_15_slide_46_recap-13.md
What is the focus of slide 46 from lecture 15?,lecture_15_slide_46_recap-13.md
Could you describe the content of slide 13 from lecture 15?,lecture_15_slide_13_advanced-ai-systems.md
What information is presented on slide 13 in lecture 15?,lecture_15_slide_13_advanced-ai-systems.md
Can you provide an explanation of slide 13 from the fifteenth lecture?,lecture_15_slide_13_advanced-ai-systems.md
Please summarize the details presented on slide 13 of lecture 15.,lecture_15_slide_13_advanced-ai-systems.md
What is discussed on slide 13 in the lecture number 15?,lecture_15_slide_13_advanced-ai-systems.md
Can you interpret the contents of the 13th slide from lecture session 15?,lecture_15_slide_13_advanced-ai-systems.md
What points are covered on slide 13 of the fifteenth lecture?,lecture_15_slide_13_advanced-ai-systems.md
Would you mind explaining the main ideas on slide 13 from lecture 15?,lecture_15_slide_13_advanced-ai-systems.md
What's the focus of slide 13 in lecture 15?,lecture_15_slide_13_advanced-ai-systems.md
Can you analyze the information on the 13th slide of lecture 15?,lecture_15_slide_13_advanced-ai-systems.md
Could you describe the content on slide 43 from lecture 15?,lecture_15_slide_43_model-management-challenges.md
What is explained on slide 43 of lecture 15?,lecture_15_slide_43_model-management-challenges.md
Can you go over what is discussed on slide 43 in lecture 15?,lecture_15_slide_43_model-management-challenges.md
Please elaborate on the details presented in slide 43 of lecture 15.,lecture_15_slide_43_model-management-challenges.md
What happens in slide 43 of our 15th lecture?,lecture_15_slide_43_model-management-challenges.md
Can you summarize the main points from slide 43 in lecture 15?,lecture_15_slide_43_model-management-challenges.md
What topics are covered on slide 43 of lecture 15?,lecture_15_slide_43_model-management-challenges.md
Could you help me understand what slide 43 of lecture 15 is about?,lecture_15_slide_43_model-management-challenges.md
What information does slide 43 in lecture 15 contain?,lecture_15_slide_43_model-management-challenges.md
Can you explain the material found on slide 43 in our 15th lecture?,lecture_15_slide_43_model-management-challenges.md
Can you describe the content of slide 35 from lecture 15?,lecture_15_slide_35_robustness-of-dnn.md
What's happening in slide 35 of the 15th lecture?,lecture_15_slide_35_robustness-of-dnn.md
Could you clarify the details on slide 35 in lecture 15?,lecture_15_slide_35_robustness-of-dnn.md
What information is presented on slide 35 in lecture 15?,lecture_15_slide_35_robustness-of-dnn.md
Please explain the main points covered in slide 35 of lecture 15.,lecture_15_slide_35_robustness-of-dnn.md
Could you summarize the key concepts shown on slide 35 from lecture 15?,lecture_15_slide_35_robustness-of-dnn.md
What does slide 35 of lecture 15 illustrate?,lecture_15_slide_35_robustness-of-dnn.md
How would you interpret the material on slide 35 in lecture 15?,lecture_15_slide_35_robustness-of-dnn.md
What are the key takeaways from slide 35 in the 15th lecture?,lecture_15_slide_35_robustness-of-dnn.md
Can you break down the information on slide 35 of lecture 15?,lecture_15_slide_35_robustness-of-dnn.md
Could you elaborate on the contents of slide 31 from lecture 15?,lecture_15_slide_31_openais-ai-alignment.md
What details are presented on slide 31 in lecture 15?,lecture_15_slide_31_openais-ai-alignment.md
Can you explain the key points from slide 31 of lecture 15?,lecture_15_slide_31_openais-ai-alignment.md
What information does slide 31 of lecture 15 convey?,lecture_15_slide_31_openais-ai-alignment.md
Please describe what is depicted on slide 31 of lecture 15.,lecture_15_slide_31_openais-ai-alignment.md
What is discussed in slide 31 of lecture 15?,lecture_15_slide_31_openais-ai-alignment.md
How would you summarize slide 31 of lecture 15?,lecture_15_slide_31_openais-ai-alignment.md
What is the main focus of slide 31 in lecture 15?,lecture_15_slide_31_openais-ai-alignment.md
Could you specify what is happening on slide 31 of lecture 15?,lecture_15_slide_31_openais-ai-alignment.md
What does slide 31 from lecture 15 illustrate?,lecture_15_slide_31_openais-ai-alignment.md
Could you describe the contents of slide 38 from lecture 15?,lecture_15_slide_38_linear-programming.md
What does slide 38 of lecture 15 cover?,lecture_15_slide_38_linear-programming.md
Can you explain the main points of slide 38 in lecture 15?,lecture_15_slide_38_linear-programming.md
What information is presented on slide 38 of lecture 15?,lecture_15_slide_38_linear-programming.md
How would you summarize slide 38 of lecture 15?,lecture_15_slide_38_linear-programming.md
Could you break down the key elements of slide 38 from lecture 15?,lecture_15_slide_38_linear-programming.md
What details are illustrated in slide 38 of lecture 15?,lecture_15_slide_38_linear-programming.md
Can you provide an overview of what slide 38 in lecture 15 is about?,lecture_15_slide_38_linear-programming.md
What are the key points explained on slide 38 of lecture 15?,lecture_15_slide_38_linear-programming.md
Could you clarify the content of slide 38 from lecture 15?,lecture_15_slide_38_linear-programming.md
Can you describe what is illustrated in image 1 of slide 8 from lecture 15?,lecture_15_slide_8_img1.md
What does image 1 on slide 8 of lecture 15 depict?,lecture_15_slide_8_img1.md
Please provide an explanation for image 1 located on slide 8 of the 15th lecture.,lecture_15_slide_8_img1.md
Could you clarify the content of image 1 found on slide 8 in lecture 15?,lecture_15_slide_8_img1.md
What information is conveyed by image 1 on slide 8 of lecture 15?,lecture_15_slide_8_img1.md
Could you interpret the details shown in image 1 on slide 8 from lecture 15?,lecture_15_slide_8_img1.md
How would you explain the visual content of image 1 on slide 8 in the 15th lecture?,lecture_15_slide_8_img1.md
Please break down the elements of image 1 on slide 8 of lecture 15.,lecture_15_slide_8_img1.md
What is the significance of image 1 located on slide 8 in lecture 15?,lecture_15_slide_8_img1.md
Can you detail the main points of image 1 on slide 8 in the 15th lecture?,lecture_15_slide_8_img1.md
Can you describe the content of slide 17 from lecture 15?,lecture_15_slide_17_metaphysical-issues.md
What information is presented on slide 17 of lecture 15?,lecture_15_slide_17_metaphysical-issues.md
Please explain the concepts covered on slide 17 in lecture 15.,lecture_15_slide_17_metaphysical-issues.md
What is depicted on slide 17 in the 15th lecture?,lecture_15_slide_17_metaphysical-issues.md
Could you provide an explanation for slide 17 of lecture 15?,lecture_15_slide_17_metaphysical-issues.md
What topics are detailed on slide 17 of the 15th lecture?,lecture_15_slide_17_metaphysical-issues.md
Can you summarize the key points from slide 17 in lecture 15?,lecture_15_slide_17_metaphysical-issues.md
What does slide 17 in lecture 15 illustrate?,lecture_15_slide_17_metaphysical-issues.md
Could you elaborate on the details found on slide 17 of lecture 15?,lecture_15_slide_17_metaphysical-issues.md
What are the main themes discussed on slide 17 from lecture 15?,lecture_15_slide_17_metaphysical-issues.md
Could you clarify what's depicted in slide 6 of lecture 15?,lecture_15_slide_6_six-principles-of-rai.md
What information is presented in slide 6 of lecture 15?,lecture_15_slide_6_six-principles-of-rai.md
Can you explain the content of slide 6 from lecture 15?,lecture_15_slide_6_six-principles-of-rai.md
What is the main topic covered in slide 6 of lecture 15?,lecture_15_slide_6_six-principles-of-rai.md
Please describe what slide 6 in lecture 15 is about.,lecture_15_slide_6_six-principles-of-rai.md
What does slide 6 of lecture 15 illustrate?,lecture_15_slide_6_six-principles-of-rai.md
How would you summarize the details shown in slide 6 of lecture 15?,lecture_15_slide_6_six-principles-of-rai.md
What insights can be gathered from slide 6 of lecture 15?,lecture_15_slide_6_six-principles-of-rai.md
What key points are highlighted in slide 6 of lecture 15?,lecture_15_slide_6_six-principles-of-rai.md
Could you provide an overview of what is explained in slide 6 of lecture 15?,lecture_15_slide_6_six-principles-of-rai.md
Could you elucidate the content presented on slide 47 of lecture 15?,lecture_15_slide_47_recap23.md
What information is conveyed on slide 47 in the 15th lecture?,lecture_15_slide_47_recap23.md
Can you break down the details shown on slide 47 from lecture 15?,lecture_15_slide_47_recap23.md
What is depicted on slide 47 of lecture 15?,lecture_15_slide_47_recap23.md
Please describe the material found on slide 47 of the 15th lecture.,lecture_15_slide_47_recap23.md
What are the main points discussed on slide 47 in lecture 15?,lecture_15_slide_47_recap23.md
Slide 47 from lecture 15 needs clarification—could you help?,lecture_15_slide_47_recap23.md
Give a summary of slide 47 in the context of lecture 15.,lecture_15_slide_47_recap23.md
What is the essence of the content on slide 47 in lecture 15?,lecture_15_slide_47_recap23.md
Can you provide an explanation for slide 47 in lecture 15?,lecture_15_slide_47_recap23.md
Could you describe what is shown in image 1 on slide 37 of lecture 15?,lecture_15_slide_37_img1.md
What does image 1 depict on slide number 37 from lecture 15?,lecture_15_slide_37_img1.md
Can you explain the details of image 1 found on slide 37 in lecture 15?,lecture_15_slide_37_img1.md
Please provide an explanation for image 1 in slide 37 of lecture 15.,lecture_15_slide_37_img1.md
What information is conveyed by image 1 on slide 37 of lecture 15?,lecture_15_slide_37_img1.md
Would you mind explaining image 1 that is on slide 37 from lecture 15?,lecture_15_slide_37_img1.md
What can be inferred from image 1 on slide 37 of the 15th lecture?,lecture_15_slide_37_img1.md
How would you describe the content of image 1 found on slide 37 in lecture 15?,lecture_15_slide_37_img1.md
Could you clarify the meaning of image 1 on slide 37 from lecture 15?,lecture_15_slide_37_img1.md
What is illustrated by image 1 in slide 37 of the 15th lecture presentation?,lecture_15_slide_37_img1.md
Could you describe what's happening on slide 19 of lecture 15?,lecture_15_slide_19_overview-of-ai-stakeholders.md
What information is presented on slide 19 of the 15th lecture?,lecture_15_slide_19_overview-of-ai-stakeholders.md
Please clarify the content of slide 19 in lecture number 15.,lecture_15_slide_19_overview-of-ai-stakeholders.md
What details can be found on the 19th slide of lecture 15?,lecture_15_slide_19_overview-of-ai-stakeholders.md
Can you provide an explanation of slide 19 from the 15th lecture?,lecture_15_slide_19_overview-of-ai-stakeholders.md
What is the main point depicted on slide 19 of lecture 15?,lecture_15_slide_19_overview-of-ai-stakeholders.md
How is the subject matter of slide 19 from lecture 15 explained?,lecture_15_slide_19_overview-of-ai-stakeholders.md
Could you outline the key concepts shown on slide 19 in lecture 15?,lecture_15_slide_19_overview-of-ai-stakeholders.md
What is discussed on the 19th slide of the 15th lecture?,lecture_15_slide_19_overview-of-ai-stakeholders.md
Please summarize the information found on slide 19 of lecture 15.,lecture_15_slide_19_overview-of-ai-stakeholders.md
Can you describe the visual content found in image 1 on slide 13 of lecture 15?,lecture_15_slide_13_img1.md
What does image 1 on slide 13 of lecture 15 depict?,lecture_15_slide_13_img1.md
Please explain the details of the first image on slide 13 of lecture 15.,lecture_15_slide_13_img1.md
Could you summarize the elements of image 1 on slide 13 of lecture 15?,lecture_15_slide_13_img1.md
What is illustrated in image 1 of slide 13 in lecture 15?,lecture_15_slide_13_img1.md
How would you interpret image 1 presented on slide 13 in lecture 15?,lecture_15_slide_13_img1.md
Can you provide an explanation for image 1 seen in slide 13 of lecture 15?,lecture_15_slide_13_img1.md
What are the key points of interest in image 1 from slide 13 of lecture 15?,lecture_15_slide_13_img1.md
Describe what is shown in image 1 on slide 13 of our lecture 15 presentation.,lecture_15_slide_13_img1.md
Could you break down the contents of image 1 on slide 13 from lecture 15?,lecture_15_slide_13_img1.md
Can you describe the content of slide 37 from lecture 15?,lecture_15_slide_37_satsmt.md
What details are presented on slide 37 in the fifteenth lecture?,lecture_15_slide_37_satsmt.md
Could you explain the information presented on slide 37 during lecture 15?,lecture_15_slide_37_satsmt.md
"What is depicted on slide 37 of the 15th lecture, and can you elaborate on it?",lecture_15_slide_37_satsmt.md
Please provide an explanation for slide 37 in the 15th lecture.,lecture_15_slide_37_satsmt.md
What topics are covered on slide 37 of lecture number 15?,lecture_15_slide_37_satsmt.md
Can you summarize the main points from slide 37 in lecture 15?,lecture_15_slide_37_satsmt.md
"What does slide 37 of lecture 15 focus on, and could you break it down?",lecture_15_slide_37_satsmt.md
Could you provide insight into what is discussed on slide 37 from lecture 15?,lecture_15_slide_37_satsmt.md
What is the significance of the content on slide 37 in the context of the 15th lecture?,lecture_15_slide_37_satsmt.md
Could you describe the content of image 1 found on slide 25 of lecture 15?,lecture_15_slide_25_img1.md
What information does image 1 convey on slide 25 in lecture 15?,lecture_15_slide_25_img1.md
Please elaborate on the details of image 1 from slide 25 in lecture 15.,lecture_15_slide_25_img1.md
What is depicted in image 1 of slide 25 in lecture 15?,lecture_15_slide_25_img1.md
Can you explain the significance of image 1 on slide 25 in lecture 15?,lecture_15_slide_25_img1.md
What is the main focus of image 1 on slide 25 of lecture 15?,lecture_15_slide_25_img1.md
How would you interpret image 1 on slide 25 from lecture 15?,lecture_15_slide_25_img1.md
Can you provide an explanation for image 1 on slide 25 in lecture 15?,lecture_15_slide_25_img1.md
What details are illustrated in image 1 on slide 25 of lecture 15?,lecture_15_slide_25_img1.md
Could you summarize the key points of image 1 as seen on slide 25 of lecture 15?,lecture_15_slide_25_img1.md
Could you provide an explanation of the content presented on slide 44 of lecture 15?,lecture_15_slide_44_model-management-challenges.md
"What details are shown on slide 44 in lecture 15, and can you explain them?",lecture_15_slide_44_model-management-challenges.md
Can you describe what is being discussed on slide 44 of lecture 15?,lecture_15_slide_44_model-management-challenges.md
"What information does slide 44 cover in lecture 15, and how can it be explained?",lecture_15_slide_44_model-management-challenges.md
Please elaborate on the key points from slide 44 of lecture 15.,lecture_15_slide_44_model-management-challenges.md
"What are the main ideas depicted on slide 44 in lecture 15, and can you explain them?",lecture_15_slide_44_model-management-challenges.md
Could you clarify the contents of slide 44 in lecture 15?,lecture_15_slide_44_model-management-challenges.md
What is the significance of the material on slide 44 in lecture 15?,lecture_15_slide_44_model-management-challenges.md
How would you explain the topics outlined on slide 44 of lecture 15?,lecture_15_slide_44_model-management-challenges.md
Can you break down the information presented on slide 44 during lecture 15?,lecture_15_slide_44_model-management-challenges.md
Could you clarify the content of slide 48 from lecture 15?,lecture_15_slide_48_recap33.md
What is depicted on slide 48 in lecture 15?,lecture_15_slide_48_recap33.md
Would you mind explaining the details shown on slide 48 of lecture 15?,lecture_15_slide_48_recap33.md
Please describe what slide 48 of lecture 15 is about.,lecture_15_slide_48_recap33.md
Can you provide an explanation for slide 48 presented in lecture 15?,lecture_15_slide_48_recap33.md
What information is presented in slide 48 from lecture 15?,lecture_15_slide_48_recap33.md
Can you elaborate on what's happening in slide 48 of lecture 15?,lecture_15_slide_48_recap33.md
I'd like to understand slide 48 of lecture 15 more clearly; could you explain it?,lecture_15_slide_48_recap33.md
What are the key points discussed on slide 48 of lecture 15?,lecture_15_slide_48_recap33.md
Could you summarize the main ideas on slide 48 of lecture 15?,lecture_15_slide_48_recap33.md
Could you clarify the content displayed on slide 21 of lecture 15?,lecture_15_slide_21_httpsdlacmorgdoipdf10114535311463533781.md
What information is presented on slide 21 of lecture 15?,lecture_15_slide_21_httpsdlacmorgdoipdf10114535311463533781.md
Can you describe what is discussed on slide 21 of lecture 15?,lecture_15_slide_21_httpsdlacmorgdoipdf10114535311463533781.md
Please summarize the main points covered on slide 21 of lecture 15.,lecture_15_slide_21_httpsdlacmorgdoipdf10114535311463533781.md
What is being explained on slide 21 of lecture 15?,lecture_15_slide_21_httpsdlacmorgdoipdf10114535311463533781.md
Could you provide an overview of the material on slide 21 of lecture 15?,lecture_15_slide_21_httpsdlacmorgdoipdf10114535311463533781.md
What details are highlighted on slide 21 of lecture 15?,lecture_15_slide_21_httpsdlacmorgdoipdf10114535311463533781.md
Can you interpret the information shown on slide 21 of lecture 15?,lecture_15_slide_21_httpsdlacmorgdoipdf10114535311463533781.md
What topic is addressed on slide 21 of lecture 15?,lecture_15_slide_21_httpsdlacmorgdoipdf10114535311463533781.md
Could you analyze the content on slide 21 of lecture 15?,lecture_15_slide_21_httpsdlacmorgdoipdf10114535311463533781.md
Could you clarify the content on slide 18 from lecture 15?,lecture_15_slide_18_high-risk-ai-systems-according.md
What is the main focus of slide 18 in lecture 15?,lecture_15_slide_18_high-risk-ai-systems-according.md
Can you summarize the key points of slide 18 from lecture 15?,lecture_15_slide_18_high-risk-ai-systems-according.md
What details are presented on slide 18 of lecture 15?,lecture_15_slide_18_high-risk-ai-systems-according.md
Please explain the information shown on slide 18 during lecture 15.,lecture_15_slide_18_high-risk-ai-systems-according.md
What is being explained on slide 18 in lecture 15?,lecture_15_slide_18_high-risk-ai-systems-according.md
Could you break down the content of slide 18 from lecture 15?,lecture_15_slide_18_high-risk-ai-systems-according.md
What are the main topics covered in slide 18 of lecture 15?,lecture_15_slide_18_high-risk-ai-systems-according.md
How would you describe the content of slide 18 from lecture 15?,lecture_15_slide_18_high-risk-ai-systems-according.md
What insights are provided by slide 18 in lecture 15?,lecture_15_slide_18_high-risk-ai-systems-according.md
Can you describe what's shown in image 1 on slide 22 of lecture 14?,lecture_14_slide_22_img1.md
What does image 1 on slide 22 from lecture 14 depict?,lecture_14_slide_22_img1.md
Please explain the content of image 1 found on slide 22 of lecture 14.,lecture_14_slide_22_img1.md
What is illustrated in image 1 on slide 22 from lecture 14?,lecture_14_slide_22_img1.md
Could you provide an explanation of the visual in image 1 on slide 22 of lecture 14?,lecture_14_slide_22_img1.md
What details are presented in image 1 on the 22nd slide of lecture 14?,lecture_14_slide_22_img1.md
Can you clarify the information shown in image 1 of slide 22 in lecture 14?,lecture_14_slide_22_img1.md
How would you interpret the content of image 1 on slide 22 in lecture 14?,lecture_14_slide_22_img1.md
What is the significance of image 1 on slide 22 in the context of lecture 14?,lecture_14_slide_22_img1.md
Could you detail the components of image 1 on slide 22 from our 14th lecture?,lecture_14_slide_22_img1.md
Can you describe the content of slide 2 from lecture 14?,lecture_14_slide_2_overview.md
What details are presented in the second slide of lecture 14?,lecture_14_slide_2_overview.md
Could you provide an explanation of slide 2 from lecture 14?,lecture_14_slide_2_overview.md
What is depicted in the second slide of the fourteenth lecture?,lecture_14_slide_2_overview.md
Please interpret the information shown on slide 2 of lecture 14.,lecture_14_slide_2_overview.md
What are the key points highlighted in slide 2 of lecture 14?,lecture_14_slide_2_overview.md
Can you summarize what slide 2 of lecture 14 is about?,lecture_14_slide_2_overview.md
How would you explain the content shown on slide 2 in lecture 14?,lecture_14_slide_2_overview.md
What is happening on the second slide of lecture 14's presentation?,lecture_14_slide_2_overview.md
Could you clarify the main focus of slide 2 from the 14th lecture?,lecture_14_slide_2_overview.md
Can you describe the contents of slide 8 from lecture 14?,lecture_14_slide_8_centralized-server-approach.md
What details are presented on slide 8 in lecture 14?,lecture_14_slide_8_centralized-server-approach.md
Could you provide an explanation for slide 8 in the fourteenth lecture?,lecture_14_slide_8_centralized-server-approach.md
"What is depicted on slide 8 of lecture 14, and how would you interpret it?",lecture_14_slide_8_centralized-server-approach.md
Please elaborate on the information shown in slide 8 of the lecture 14 presentation.,lecture_14_slide_8_centralized-server-approach.md
What concepts are being addressed on slide 8 during lecture 14?,lecture_14_slide_8_centralized-server-approach.md
Could you clarify the main points of slide 8 from lecture 14?,lecture_14_slide_8_centralized-server-approach.md
What are the key topics discussed on slide 8 of lecture number 14?,lecture_14_slide_8_centralized-server-approach.md
Please explain the particulars outlined on slide 8 of the 14th lecture.,lecture_14_slide_8_centralized-server-approach.md
What is the overall message conveyed by slide 8 in the 14th lecture?,lecture_14_slide_8_centralized-server-approach.md
Could you clarify the content of slide 19 from lecture 14?,lecture_14_slide_19_reinforcement-learning-rl.md
What information is slide 19 conveying in lecture 14?,lecture_14_slide_19_reinforcement-learning-rl.md
"I'm having trouble understanding slide 19 in lecture 14, could you explain?",lecture_14_slide_19_reinforcement-learning-rl.md
Can you provide an explanation of what's presented on slide 19 of lecture 14?,lecture_14_slide_19_reinforcement-learning-rl.md
Help me understand the details on slide 19 from lecture 14.,lecture_14_slide_19_reinforcement-learning-rl.md
What's the main focus of slide 19 in lecture 14?,lecture_14_slide_19_reinforcement-learning-rl.md
Could you elaborate on the points made in slide 19 of lecture 14?,lecture_14_slide_19_reinforcement-learning-rl.md
Please interpret the data or information shown in slide 19 from lecture 14.,lecture_14_slide_19_reinforcement-learning-rl.md
What are the key elements discussed in slide 19 of lecture 14?,lecture_14_slide_19_reinforcement-learning-rl.md
Can you summarize what slide 19 of lecture 14 is all about?,lecture_14_slide_19_reinforcement-learning-rl.md
Can you provide an explanation of what is displayed on slide 35 of lecture 14?,lecture_14_slide_35_xai.md
What details are covered on slide 35 of lecture 14?,lecture_14_slide_35_xai.md
Could you elaborate on the content of slide 35 from lecture 14?,lecture_14_slide_35_xai.md
What is the main focus of slide 35 in lecture 14?,lecture_14_slide_35_xai.md
Please describe the information presented on slide 35 in lecture 14.,lecture_14_slide_35_xai.md
What are the key points highlighted on slide 35 of lecture 14?,lecture_14_slide_35_xai.md
Can you summarize the content shown on slide 35 of lecture 14?,lecture_14_slide_35_xai.md
Could you break down the elements discussed on slide 35 in lecture 14?,lecture_14_slide_35_xai.md
What are the essential topics addressed on slide 35 of lecture 14?,lecture_14_slide_35_xai.md
Please explain the significance of the materials on slide 35 from lecture 14.,lecture_14_slide_35_xai.md
Could you describe the content of slide 30 from lecture 14?,lecture_14_slide_30_need-for-xai.md
What is being illustrated on slide 30 in lecture 14?,lecture_14_slide_30_need-for-xai.md
Can you provide an explanation of what’s happening on slide 30 of lecture 14?,lecture_14_slide_30_need-for-xai.md
What information is presented on slide 30 of lecture 14?,lecture_14_slide_30_need-for-xai.md
Please elaborate on the details shown on slide 30 from lecture 14.,lecture_14_slide_30_need-for-xai.md
What topics or concepts are covered on slide 30 of lecture 14?,lecture_14_slide_30_need-for-xai.md
Could you summarize the key points shown on slide 30 in lecture 14?,lecture_14_slide_30_need-for-xai.md
What are the main ideas conveyed on slide 30 of lecture 14?,lecture_14_slide_30_need-for-xai.md
Can you break down the elements found on slide 30 in lecture 14?,lecture_14_slide_30_need-for-xai.md
What is the significance of slide 30 in the context of lecture 14?,lecture_14_slide_30_need-for-xai.md
Could you interpret the image found on slide 33 of lecture 14?,lecture_14_slide_33_img1.md
What does image 1 on the 33rd slide of lecture 14 depict?,lecture_14_slide_33_img1.md
Please provide an explanation for the first image on slide number 33 from lecture 14.,lecture_14_slide_33_img1.md
Can you break down the details of image 1 on slide 33 from the 14th lecture?,lecture_14_slide_33_img1.md
What is the significance of the image shown on slide 33 in lecture 14?,lecture_14_slide_33_img1.md
Can you analyze the first image located on slide 33 of lecture 14?,lecture_14_slide_33_img1.md
What is illustrated in the image found on slide 33 of the 14th lecture?,lecture_14_slide_33_img1.md
Could you describe what is shown in image 1 on the 33rd slide of lecture 14?,lecture_14_slide_33_img1.md
How would you explain the contents of the image on slide 33 of lecture 14?,lecture_14_slide_33_img1.md
What is conveyed by the image on slide 33 in lecture 14?,lecture_14_slide_33_img1.md
Can you describe the content on slide 5 of lecture 14?,lecture_14_slide_5_how-does-fl-works.md
What details are presented on slide 5 of lecture 14?,lecture_14_slide_5_how-does-fl-works.md
Could you summarize what slide 5 of lecture 14 is about?,lecture_14_slide_5_how-does-fl-works.md
What information does slide 5 of lecture 14 contain?,lecture_14_slide_5_how-does-fl-works.md
Please explain the material on slide 5 of lecture 14.,lecture_14_slide_5_how-does-fl-works.md
What topics are covered in slide 5 of lecture 14?,lecture_14_slide_5_how-does-fl-works.md
How would you interpret the data on slide 5 of lecture 14?,lecture_14_slide_5_how-does-fl-works.md
What insights can be drawn from slide 5 of lecture 14?,lecture_14_slide_5_how-does-fl-works.md
Can you clarify the main points on slide 5 of lecture 14?,lecture_14_slide_5_how-does-fl-works.md
What is the focus of slide 5 in lecture 14?,lecture_14_slide_5_how-does-fl-works.md
Can you describe the content of slide 4 from lecture 14?,lecture_14_slide_4_federated-learning-fl.md
What details are presented on slide 4 in lecture 14?,lecture_14_slide_4_federated-learning-fl.md
"Could you explain what is depicted in lecture 14, slide 4?",lecture_14_slide_4_federated-learning-fl.md
What information is shown on slide 4 of the 14th lecture?,lecture_14_slide_4_federated-learning-fl.md
Please elaborate on the details of slide 4 from lecture 14.,lecture_14_slide_4_federated-learning-fl.md
Can you give an overview of what slide 4 in lecture 14 covers?,lecture_14_slide_4_federated-learning-fl.md
What is the subject matter of slide 4 in lecture 14?,lecture_14_slide_4_federated-learning-fl.md
Could you discuss the main points from lecture 14's slide 4?,lecture_14_slide_4_federated-learning-fl.md
What are the key elements displayed in slide 4 of lecture 14?,lecture_14_slide_4_federated-learning-fl.md
"Can you summarize the contents of lecture 14, slide 4?",lecture_14_slide_4_federated-learning-fl.md
Can you describe the content of slide 31 from lecture 14?,lecture_14_slide_31_xai.md
What are the key points presented on slide 31 in lecture 14?,lecture_14_slide_31_xai.md
Could you provide an explanation of what's depicted on slide 31 of lecture 14?,lecture_14_slide_31_xai.md
What information is conveyed on slide 31 of lecture 14?,lecture_14_slide_31_xai.md
How would you interpret the material on slide 31 from lecture 14?,lecture_14_slide_31_xai.md
What is illustrated on slide 31 in lecture 14?,lecture_14_slide_31_xai.md
Can you summarize the details included on slide 31 of lecture 14?,lecture_14_slide_31_xai.md
What concepts are covered in slide 31 from lecture 14?,lecture_14_slide_31_xai.md
Could you clarify the content shown on slide 31 during lecture 14?,lecture_14_slide_31_xai.md
What does slide 31 from lecture 14 explain or demonstrate?,lecture_14_slide_31_xai.md
Could you clarify the content presented on slide 24 of lecture 14?,lecture_14_slide_24_rl-workflow.md
What information is being conveyed in slide 24 from lecture 14?,lecture_14_slide_24_rl-workflow.md
Can you explain the details discussed on slide 24 of the fourteenth lecture?,lecture_14_slide_24_rl-workflow.md
Please describe what's happening on slide 24 in lecture 14.,lecture_14_slide_24_rl-workflow.md
What is the main focus of slide 24 in the 14th lecture?,lecture_14_slide_24_rl-workflow.md
Could you interpret the elements shown on slide 24 of the 14th lecture?,lecture_14_slide_24_rl-workflow.md
What are the key points displayed on slide 24 of lecture 14?,lecture_14_slide_24_rl-workflow.md
Can you analyze the subject matter of slide 24 in lecture 14?,lecture_14_slide_24_rl-workflow.md
What does slide 24 of lecture 14 cover?,lecture_14_slide_24_rl-workflow.md
How can the information on slide 24 of lecture 14 be explained?,lecture_14_slide_24_rl-workflow.md
Can you clarify the content on slide 15 of lecture 14?,lecture_14_slide_15_privacy-accuracy-trade-off.md
What is depicted on slide 15 in lecture 14?,lecture_14_slide_15_privacy-accuracy-trade-off.md
Could you provide an explanation for slide 15 from lecture 14?,lecture_14_slide_15_privacy-accuracy-trade-off.md
What information is being presented on slide 15 of the 14th lecture?,lecture_14_slide_15_privacy-accuracy-trade-off.md
Please interpret what is shown on slide 15 from the 14th lecture.,lecture_14_slide_15_privacy-accuracy-trade-off.md
How would you describe the material on slide 15 of lecture 14?,lecture_14_slide_15_privacy-accuracy-trade-off.md
What details are included in slide 15 from lecture 14?,lecture_14_slide_15_privacy-accuracy-trade-off.md
Could you analyze what's happening on slide 15 of lecture 14?,lecture_14_slide_15_privacy-accuracy-trade-off.md
What is the main message of slide 15 in the 14th lecture?,lecture_14_slide_15_privacy-accuracy-trade-off.md
Can you summarize the key points from slide 15 of lecture 14?,lecture_14_slide_15_privacy-accuracy-trade-off.md
Can you describe the visual content in image 1 on slide 6 of lecture 14?,lecture_14_slide_6_img1.md
Please provide an explanation for image 1 in the sixth slide of lecture 14.,lecture_14_slide_6_img1.md
What does image 1 on slide 6 of the 14th lecture depict?,lecture_14_slide_6_img1.md
Could you elaborate on the elements shown in image 1 of slide 6 from lecture 14?,lecture_14_slide_6_img1.md
What information is conveyed by image 1 on slide 6 in lecture 14?,lecture_14_slide_6_img1.md
Can you interpret the contents of image 1 from slide 6 in lecture 14?,lecture_14_slide_6_img1.md
What is the significance of image 1 appearing on the sixth slide of lecture 14?,lecture_14_slide_6_img1.md
Please analyze the image found as the first image on slide 6 of lecture 14.,lecture_14_slide_6_img1.md
Could you clarify what image 1 represents in slide 6 of the fourteenth lecture?,lecture_14_slide_6_img1.md
What details are displayed in image 1 on slide 6 of lecture 14?,lecture_14_slide_6_img1.md
Can you provide an explanation of what's happening on slide 13 of lecture 14?,lecture_14_slide_13_tl-steps.md
What is depicted on slide 13 of lecture 14 and could you explain it?,lecture_14_slide_13_tl-steps.md
Could you clarify the content presented on slide 13 from lecture 14?,lecture_14_slide_13_tl-steps.md
"I'm interested in understanding slide 13 of lecture 14, could you elaborate?",lecture_14_slide_13_tl-steps.md
What information is being conveyed on slide 13 of lecture 14?,lecture_14_slide_13_tl-steps.md
Could you summarize the key points shown on slide 13 of lecture 14?,lecture_14_slide_13_tl-steps.md
What's the main focus of slide 13 in lecture 14?,lecture_14_slide_13_tl-steps.md
Could you walk me through the details displayed on slide 13 of lecture 14?,lecture_14_slide_13_tl-steps.md
What topics are covered on slide 13 in lecture 14?,lecture_14_slide_13_tl-steps.md
Can you describe what's included on slide 13 of lecture 14?,lecture_14_slide_13_tl-steps.md
Could you give a detailed explanation of the contents in slide 23 from lecture 14?,lecture_14_slide_23_rl-workflow.md
"What information is presented on slide 23 of lecture 14, and how should I interpret it?",lecture_14_slide_23_rl-workflow.md
Could you walk me through what's happening on slide 23 in lecture 14?,lecture_14_slide_23_rl-workflow.md
What are the main points discussed in slide 23 of lecture 14?,lecture_14_slide_23_rl-workflow.md
Can you describe the key elements depicted on slide 23 of lecture 14?,lecture_14_slide_23_rl-workflow.md
What is the significance of the details shown on slide 23 of lecture 14?,lecture_14_slide_23_rl-workflow.md
Could you provide an overview of the topics covered in slide 23 of lecture 14?,lecture_14_slide_23_rl-workflow.md
Would you mind clarifying the content of slide 23 in lecture 14?,lecture_14_slide_23_rl-workflow.md
What concepts or information does slide 23 of lecture 14 convey?,lecture_14_slide_23_rl-workflow.md
Could you summarize the information found on slide 23 of lecture 14?,lecture_14_slide_23_rl-workflow.md
Could you clarify what is being depicted in slide 12 from lecture 14?,lecture_14_slide_12_tl-strategies.md
What details are presented on slide 12 of lecture 14?,lecture_14_slide_12_tl-strategies.md
Can you explain the content of slide 12 in lecture 14?,lecture_14_slide_12_tl-strategies.md
Please elaborate on the information shown on slide 12 during lecture 14.,lecture_14_slide_12_tl-strategies.md
What is happening in slide 12 of lecture 14?,lecture_14_slide_12_tl-strategies.md
Could you provide an explanation for the material on slide 12 of lecture 14?,lecture_14_slide_12_tl-strategies.md
What is discussed on slide 12 in lecture 14?,lecture_14_slide_12_tl-strategies.md
Can you describe what is shown on slide 12 of the 14th lecture?,lecture_14_slide_12_tl-strategies.md
What are the key points on slide 12 from lecture 14?,lecture_14_slide_12_tl-strategies.md
Could you walk me through the content of slide 12 in the 14th lecture?,lecture_14_slide_12_tl-strategies.md
Can you describe what is happening on slide 38 of lecture 14?,lecture_14_slide_38_summary-12.md
What is the content of slide 38 in lecture 14?,lecture_14_slide_38_summary-12.md
Could you clarify the information presented on slide 38 of lecture 14?,lecture_14_slide_38_summary-12.md
What details are covered on slide 38 of the 14th lecture?,lecture_14_slide_38_summary-12.md
Please explain the material on slide 38 from lecture 14.,lecture_14_slide_38_summary-12.md
What is discussed in slide 38 of the 14th lecture?,lecture_14_slide_38_summary-12.md
How is the topic on slide 38 of lecture 14 explained?,lecture_14_slide_38_summary-12.md
What are the main points on slide 38 of lecture 14?,lecture_14_slide_38_summary-12.md
Would you mind summarizing the key concepts on slide 38 of lecture 14?,lecture_14_slide_38_summary-12.md
What topics are addressed on slide 38 in lecture 14?,lecture_14_slide_38_summary-12.md
Could you describe the content presented on slide 22 from lecture 14?,lecture_14_slide_22_rl-workflow.md
What information is conveyed on slide 22 of lecture 14?,lecture_14_slide_22_rl-workflow.md
Can you clarify the points made in slide 22 of the 14th lecture?,lecture_14_slide_22_rl-workflow.md
Please explain what is depicted on slide 22 of lecture 14.,lecture_14_slide_22_rl-workflow.md
I need an explanation of the material on slide 22 from lecture 14.,lecture_14_slide_22_rl-workflow.md
What are the main ideas discussed on slide 22 of lecture 14?,lecture_14_slide_22_rl-workflow.md
Can you discuss the contents of slide 22 from the 14th lecture?,lecture_14_slide_22_rl-workflow.md
What details can be found on slide 22 of lecture 14?,lecture_14_slide_22_rl-workflow.md
Could you interpret the data or visuals on slide 22 in lecture 14?,lecture_14_slide_22_rl-workflow.md
Please provide an overview of what is shown in slide 22 of lecture 14.,lecture_14_slide_22_rl-workflow.md
Can you describe what's shown in image 1 of slide 30 from lecture 14?,lecture_14_slide_30_img1.md
What details are presented in the first image on slide 30 of lecture 14?,lecture_14_slide_30_img1.md
Please explain the content of image 1 found on slide 30 in lecture 14.,lecture_14_slide_30_img1.md
What information does image 1 on slide 30 from lecture 14 provide?,lecture_14_slide_30_img1.md
Could you analyze image 1 in slide 30 of our 14th lecture?,lecture_14_slide_30_img1.md
What is depicted in the first image on slide 30 of the fourteenth lecture?,lecture_14_slide_30_img1.md
How would you interpret image 1 on slide 30 from lecture 14?,lecture_14_slide_30_img1.md
What is the explanation for image 1 in slide 30 of lecture number 14?,lecture_14_slide_30_img1.md
Can you clarify the depiction in image 1 on the 30th slide of lecture 14?,lecture_14_slide_30_img1.md
What is shown in image 1 of slide 30 in our lecture 14 session?,lecture_14_slide_30_img1.md
Please provide an explanation for image number 1 on slide 20 from lecture 14.,lecture_14_slide_20_img1.md
Could you elaborate on the first image found in slide 20 of the 14th lecture?,lecture_14_slide_20_img1.md
What does the first image on slide 20 of lecture 14 illustrate?,lecture_14_slide_20_img1.md
Can you describe the content of image 1 located on slide 20 of lecture 14?,lecture_14_slide_20_img1.md
Give a detailed explanation of the first image shown in slide 20 during lecture 14.,lecture_14_slide_20_img1.md
What information is conveyed by the first image on slide 20 in lecture 14?,lecture_14_slide_20_img1.md
Could you clarify the significance of image 1 on slide number 20 of lecture 14?,lecture_14_slide_20_img1.md
Provide an interpretation of the initial image presented on slide 20 in the 14th lecture.,lecture_14_slide_20_img1.md
Help me understand the details of the first image depicted on slide 20 from lecture 14.,lecture_14_slide_20_img1.md
Can you discuss the features of image 1 on slide 20 from the fourteenth lecture?,lecture_14_slide_20_img1.md
Could you describe the content of slide 20 from lecture 14?,lecture_14_slide_20_reinforcement-learning-rl.md
What is depicted on slide 20 in the 14th lecture?,lecture_14_slide_20_reinforcement-learning-rl.md
Can you explain the details presented on slide number 20 of lecture 14?,lecture_14_slide_20_reinforcement-learning-rl.md
What information is presented on slide 20 in lecture 14?,lecture_14_slide_20_reinforcement-learning-rl.md
Please interpret the elements shown on slide 20 of the lecture 14 presentation.,lecture_14_slide_20_reinforcement-learning-rl.md
What are the key points discussed in slide 20 of lecture 14?,lecture_14_slide_20_reinforcement-learning-rl.md
How is the topic addressed on slide 20 of lecture 14?,lecture_14_slide_20_reinforcement-learning-rl.md
Could you give an overview of slide 20 from lecture 14?,lecture_14_slide_20_reinforcement-learning-rl.md
What's highlighted on slide 20 in lecture 14?,lecture_14_slide_20_reinforcement-learning-rl.md
Can you summarize the content of slide number 20 in lecture 14?,lecture_14_slide_20_reinforcement-learning-rl.md
Could you clarify the details presented in slide 7 of lecture 14?,lecture_14_slide_7_workflow.md
What are the key points highlighted in slide 7 of the 14th lecture?,lecture_14_slide_7_workflow.md
Can you describe the information on slide 7 from lecture 14?,lecture_14_slide_7_workflow.md
What is the main focus of slide 7 in lecture 14?,lecture_14_slide_7_workflow.md
Could you elaborate on the content of slide 7 in the 14th lecture?,lecture_14_slide_7_workflow.md
What is happening in slide 7 of the fourteenth lecture?,lecture_14_slide_7_workflow.md
Can you provide an overview of slide 7 from lecture number 14?,lecture_14_slide_7_workflow.md
What are the significant elements featured on slide 7 during lecture 14?,lecture_14_slide_7_workflow.md
Can you summarize the information shown on slide 7 of lecture 14?,lecture_14_slide_7_workflow.md
What does slide 7 of the 14th lecture explain or represent?,lecture_14_slide_7_workflow.md
Could you describe the details presented on slide 33 of lecture 14?,lecture_14_slide_33_need-for-xai.md
What information is provided on slide 33 in lecture 14?,lecture_14_slide_33_need-for-xai.md
Can you interpret the content shown on slide 33 of lecture 14?,lecture_14_slide_33_need-for-xai.md
Please elaborate on the points discussed on slide 33 of lecture 14.,lecture_14_slide_33_need-for-xai.md
What does slide 33 of lecture 14 cover?,lecture_14_slide_33_need-for-xai.md
Could you explain the main ideas presented on slide 33 of lecture 14?,lecture_14_slide_33_need-for-xai.md
What is the slide 33 of lecture 14 about?,lecture_14_slide_33_need-for-xai.md
Can you analyze the material on slide 33 in lecture 14?,lecture_14_slide_33_need-for-xai.md
What are the key elements on slide 33 of lecture 14?,lecture_14_slide_33_need-for-xai.md
Could you break down the content of slide 33 from lecture 14?,lecture_14_slide_33_need-for-xai.md
Can you describe the contents of slide 11 from lecture 14?,lecture_14_slide_11_tl-strategies.md
What information is presented on slide 11 of lecture 14?,lecture_14_slide_11_tl-strategies.md
Could you explain the key points from slide 11 in lecture 14?,lecture_14_slide_11_tl-strategies.md
What details are covered on slide 11 of our 14th lecture?,lecture_14_slide_11_tl-strategies.md
Please clarify what is shown on slide 11 during lecture 14.,lecture_14_slide_11_tl-strategies.md
What is the main focus of slide 11 in lecture 14?,lecture_14_slide_11_tl-strategies.md
Tell me about the content featured on slide 11 of lecture 14.,lecture_14_slide_11_tl-strategies.md
What does slide 11 from lecture 14 consist of?,lecture_14_slide_11_tl-strategies.md
Could you summarize what slide 11 of lecture 14 is about?,lecture_14_slide_11_tl-strategies.md
What topics are addressed on slide 11 in the fourteenth lecture?,lecture_14_slide_11_tl-strategies.md
Could you describe the content and details presented on slide 9 of lecture 14?,lecture_14_slide_9_training-process.md
What information is covered in slide 9 of lecture 14?,lecture_14_slide_9_training-process.md
Can you explain the main points discussed in slide 9 of lecture 14?,lecture_14_slide_9_training-process.md
Please elaborate on the key topics shown in slide 9 of lecture 14.,lecture_14_slide_9_training-process.md
What does slide 9 of lecture 14 illustrate?,lecture_14_slide_9_training-process.md
Could you break down what is being explained in slide 9 of lecture 14?,lecture_14_slide_9_training-process.md
What are the primary concepts presented on slide 9 of lecture 14?,lecture_14_slide_9_training-process.md
Please interpret the data or information depicted on slide 9 of lecture 14.,lecture_14_slide_9_training-process.md
What are the crucial elements highlighted in slide 9 of lecture 14?,lecture_14_slide_9_training-process.md
Can you provide a summary of what is happening on slide 9 of lecture 14?,lecture_14_slide_9_training-process.md
Could you elaborate on the content presented in slide 36 of lecture 14?,lecture_14_slide_36_xai-challenges.md
What is discussed in slide 36 of lecture 14?,lecture_14_slide_36_xai-challenges.md
Can you interpret the information on slide 36 of lecture 14 for me?,lecture_14_slide_36_xai-challenges.md
What are the key points on slide 36 of lecture 14?,lecture_14_slide_36_xai-challenges.md
Would you mind explaining the details found on slide 36 in lecture 14?,lecture_14_slide_36_xai-challenges.md
Please clarify the information shown on slide 36 of lecture 14.,lecture_14_slide_36_xai-challenges.md
What is the main focus of slide 36 in lecture 14?,lecture_14_slide_36_xai-challenges.md
Could you provide a summary of slide 36 from lecture 14?,lecture_14_slide_36_xai-challenges.md
What topics are covered on slide 36 of lecture 14?,lecture_14_slide_36_xai-challenges.md
Can you break down the material on slide 36 of lecture 14 for better understanding?,lecture_14_slide_36_xai-challenges.md
Could you describe the content of slide 21 from lecture 14?,lecture_14_slide_21_reinforcement-learning-rl.md
What details are presented in slide 21 of the fourteenth lecture?,lecture_14_slide_21_reinforcement-learning-rl.md
Can you interpret what is displayed on slide 21 in lecture 14?,lecture_14_slide_21_reinforcement-learning-rl.md
What's being explained in slide 21 of lecture 14?,lecture_14_slide_21_reinforcement-learning-rl.md
Would you mind explaining the information on slide 21 from lecture 14?,lecture_14_slide_21_reinforcement-learning-rl.md
How would you summarize the main points on slide 21 of lecture 14?,lecture_14_slide_21_reinforcement-learning-rl.md
What are the key topics covered in slide 21 of the 14th lecture?,lecture_14_slide_21_reinforcement-learning-rl.md
Please elucidate the subject matter of slide 21 from lecture 14.,lecture_14_slide_21_reinforcement-learning-rl.md
Could you clarify what's happening on slide 21 in lecture 14?,lecture_14_slide_21_reinforcement-learning-rl.md
What insights are provided in slide 21 of lecture 14?,lecture_14_slide_21_reinforcement-learning-rl.md
Can you describe what is happening on slide 39 of lecture 14?,lecture_14_slide_39_summary-22.md
What details are discussed on the 39th slide of lecture 14?,lecture_14_slide_39_summary-22.md
Could you elaborate on the content of slide 39 from lecture 14?,lecture_14_slide_39_summary-22.md
What is the main focus of slide 39 in lecture 14?,lecture_14_slide_39_summary-22.md
Please explain the information presented on slide 39 during lecture 14.,lecture_14_slide_39_summary-22.md
What topics are covered on slide 39 of the 14th lecture?,lecture_14_slide_39_summary-22.md
Could you clarify the points made on slide 39 of lecture 14?,lecture_14_slide_39_summary-22.md
What's being illustrated or described on slide 39 of lecture 14?,lecture_14_slide_39_summary-22.md
Provide an explanation of the materials shown on slide 39 of lecture 14.,lecture_14_slide_39_summary-22.md
What does slide 39 in lecture 14 talk about?,lecture_14_slide_39_summary-22.md
Can you describe the contents of slide 14 in lecture 14?,lecture_14_slide_14_tl-steps.md
What information is presented on slide 14 of lecture 14?,lecture_14_slide_14_tl-steps.md
Could you clarify the material covered on slide 14 in lecture 14?,lecture_14_slide_14_tl-steps.md
What is the main topic discussed on slide 14 of lecture 14?,lecture_14_slide_14_tl-steps.md
Please provide an explanation of slide 14 from lecture 14.,lecture_14_slide_14_tl-steps.md
What details are outlined on slide 14 in lecture 14?,lecture_14_slide_14_tl-steps.md
Could you give an overview of what slide 14 in lecture 14 is about?,lecture_14_slide_14_tl-steps.md
Can you summarize the key points on slide 14 from lecture 14?,lecture_14_slide_14_tl-steps.md
What themes does slide 14 of lecture 14 address?,lecture_14_slide_14_tl-steps.md
Would you explain the content of slide 14 in lecture 14?,lecture_14_slide_14_tl-steps.md
Please provide an explanation for the image shown as item 1 on slide 24 of lecture 14.,lecture_14_slide_24_img1.md
Could you describe the first image in slide 24 of lecture 14?,lecture_14_slide_24_img1.md
"What is depicted in the first image on slide 24 of lecture 14, and how should it be interpreted?",lecture_14_slide_24_img1.md
Can you explain the visual elements in the initial image of slide 24 from lecture 14?,lecture_14_slide_24_img1.md
I'd like more information on the image labeled as number 1 on slide 24 of lecture 14.,lecture_14_slide_24_img1.md
Could you give an overview of what image 1 on slide 24 in lecture 14 represents?,lecture_14_slide_24_img1.md
Please break down the details of the first image found on slide 24 of lecture 14.,lecture_14_slide_24_img1.md
What is the significance of image 1 in slide 24 of lecture 14?,lecture_14_slide_24_img1.md
Can you clarify the contents of the first image on slide 24 in lecture 14?,lecture_14_slide_24_img1.md
Could you interpret what's shown in the image labeled as 1 on slide 24 from lecture 14?,lecture_14_slide_24_img1.md
Can you describe the content on slide 34 of lecture 14?,lecture_14_slide_34_xai.md
What details are presented in slide 34 of the 14th lecture?,lecture_14_slide_34_xai.md
Could you elucidate the information on slide 34 from lecture 14?,lecture_14_slide_34_xai.md
Please clarify what is depicted on slide 34 in lecture 14.,lecture_14_slide_34_xai.md
What is the subject matter of slide 34 in the fourteenth lecture?,lecture_14_slide_34_xai.md
How would you summarize slide 34 from lecture 14?,lecture_14_slide_34_xai.md
What explanation can you provide for slide 34 of the 14th lecture?,lecture_14_slide_34_xai.md
Could you break down the key points from slide 34 in lecture 14?,lecture_14_slide_34_xai.md
Can you interpret the diagram on slide 34 of lecture 14 for me?,lecture_14_slide_34_xai.md
What insights are covered in slide 34 of lecture 14?,lecture_14_slide_34_xai.md
Could you elaborate on the contents of slide 25 from lecture 14?,lecture_14_slide_25_rl-implementation.md
What information is presented on slide 25 of lecture 14?,lecture_14_slide_25_rl-implementation.md
Can you describe the key points shown in slide 25 of lecture 14?,lecture_14_slide_25_rl-implementation.md
What is discussed in slide 25 of lecture 14?,lecture_14_slide_25_rl-implementation.md
What details are highlighted on slide 25 of lecture 14?,lecture_14_slide_25_rl-implementation.md
Please clarify the main ideas covered in slide 25 of lecture 14.,lecture_14_slide_25_rl-implementation.md
How is the topic on slide 25 of lecture 14 explained?,lecture_14_slide_25_rl-implementation.md
What does slide 25 in lecture 14 convey?,lecture_14_slide_25_rl-implementation.md
Can you summarize the material on slide 25 from lecture 14?,lecture_14_slide_25_rl-implementation.md
What content can be found on slide 25 of lecture 14?,lecture_14_slide_25_rl-implementation.md
Describe the details found in image 1 on slide 19 of lecture 14.,lecture_14_slide_19_img1.md
Can you elaborate on image 1 from slide 19 in lecture 14?,lecture_14_slide_19_img1.md
What is depicted in image 1 of slide 19 in the fourteenth lecture?,lecture_14_slide_19_img1.md
Provide an explanation of the first image on slide 19 from lecture 14.,lecture_14_slide_19_img1.md
Could you interpret image 1 shown on slide 19 in the 14th lecture?,lecture_14_slide_19_img1.md
Discuss the elements of image 1 located on slide 19 for lecture 14.,lecture_14_slide_19_img1.md
What information is conveyed by image 1 on the 19th slide of lecture 14?,lecture_14_slide_19_img1.md
Give a detailed breakdown of image 1 present on slide 19 in lecture 14.,lecture_14_slide_19_img1.md
What does the first image on slide 19 of lecture 14 illustrate?,lecture_14_slide_19_img1.md
Offer a description of image 1 found in slide 19 of the fourteenth lecture.,lecture_14_slide_19_img1.md
Can you clarify the information presented on slide 16 of lecture 14?,lecture_14_slide_16_other-issues.md
What details are discussed on slide 16 in lecture 14?,lecture_14_slide_16_other-issues.md
Could you describe the content of slide 16 from lecture 14?,lecture_14_slide_16_other-issues.md
Could you explain the key points on slide 16 of lecture 14?,lecture_14_slide_16_other-issues.md
What is the main focus of slide 16 in lecture 14?,lecture_14_slide_16_other-issues.md
Please elaborate on the information shown in slide 16 of lecture 14.,lecture_14_slide_16_other-issues.md
What are the important highlights covered on slide 16 from lecture 14?,lecture_14_slide_16_other-issues.md
Could you summarize the material on slide 16 of lecture 14?,lecture_14_slide_16_other-issues.md
What does slide 16 in lecture 14 convey?,lecture_14_slide_16_other-issues.md
Could you provide an overview of the topics covered on slide 16 in lecture 14?,lecture_14_slide_16_other-issues.md
Can you describe the contents of image 1 on slide 8 from lecture 14?,lecture_14_slide_8_img1.md
What does image 1 on slide 8 illustrate in lecture 14?,lecture_14_slide_8_img1.md
Please explain what is depicted in image 1 on slide 8 of lecture 14.,lecture_14_slide_8_img1.md
Could you provide details about image 1 found on slide 8 of lecture 14?,lecture_14_slide_8_img1.md
What information is conveyed by image 1 on slide 8 in lecture 14?,lecture_14_slide_8_img1.md
Interpret the details of image 1 that appears on slide 8 of lecture 14.,lecture_14_slide_8_img1.md
Can you break down the elements of image 1 on slide 8 from lecture 14?,lecture_14_slide_8_img1.md
What is the significance of image 1 on slide 8 in the context of lecture 14?,lecture_14_slide_8_img1.md
Describe what is shown in image 1 on slide 8 of the fourteenth lecture.,lecture_14_slide_8_img1.md
How would you explain the visual content of image 1 on slide 8 in lecture 14?,lecture_14_slide_8_img1.md
Could you explain the content of image 1 found on slide 26 of lecture 14?,lecture_14_slide_26_img1.md
What does image 1 depict on slide 26 from lecture 14?,lecture_14_slide_26_img1.md
Please provide an explanation for image 1 on slide 26 of lecture 14.,lecture_14_slide_26_img1.md
Can you describe image 1 from slide 26 in lecture 14?,lecture_14_slide_26_img1.md
I need an explanation for image 1 in slide 26 of the fourteenth lecture.,lecture_14_slide_26_img1.md
Could you clarify the details of image 1 on slide 26 in lecture 14?,lecture_14_slide_26_img1.md
What is the significance of image 1 on slide 26 of lecture 14?,lecture_14_slide_26_img1.md
Help me understand the illustration in image 1 on slide 26 from lecture 14.,lecture_14_slide_26_img1.md
Please elaborate on image 1 displayed on slide 26 during lecture 14.,lecture_14_slide_26_img1.md
What information does image 1 on slide 26 of lecture 14 convey?,lecture_14_slide_26_img1.md
Could you shed light on the content presented in slide 37 of lecture 14?,lecture_14_slide_37_xai-users-and-development-timeline.md
What details are covered in slide 37 of the 14th lecture?,lecture_14_slide_37_xai-users-and-development-timeline.md
Can you summarize the key points from slide 37 of lecture 14?,lecture_14_slide_37_xai-users-and-development-timeline.md
What is the main focus of slide 37 in lecture 14?,lecture_14_slide_37_xai-users-and-development-timeline.md
How would you describe the information depicted on slide 37 of lecture 14?,lecture_14_slide_37_xai-users-and-development-timeline.md
Could you explain the topics discussed on slide 37 of lecture 14?,lecture_14_slide_37_xai-users-and-development-timeline.md
What are the significant highlights of slide 37 from lecture 14?,lecture_14_slide_37_xai-users-and-development-timeline.md
Can you clarify the content shown on slide 37 of lecture 14?,lecture_14_slide_37_xai-users-and-development-timeline.md
What explanation can you provide for slide 37 in the 14th lecture?,lecture_14_slide_37_xai-users-and-development-timeline.md
Could you interpret the material shown in slide 37 of lecture 14?,lecture_14_slide_37_xai-users-and-development-timeline.md
Can you describe the content of slide 6 from lecture 14?,lecture_14_slide_6_approach-of-fl.md
What is depicted on slide 6 in lecture 14?,lecture_14_slide_6_approach-of-fl.md
Could you explain the key points of slide 6 in lecture 14?,lecture_14_slide_6_approach-of-fl.md
What details are covered in slide 6 of lecture 14?,lecture_14_slide_6_approach-of-fl.md
Please provide an explanation of what's on slide 6 in lecture 14.,lecture_14_slide_6_approach-of-fl.md
What information does slide 6 convey in lecture 14?,lecture_14_slide_6_approach-of-fl.md
Could you summarize slide 6 from lecture 14?,lecture_14_slide_6_approach-of-fl.md
What are the main ideas presented on slide 6 of lecture 14?,lecture_14_slide_6_approach-of-fl.md
How would you interpret the contents of slide 6 in lecture 14?,lecture_14_slide_6_approach-of-fl.md
Could you give an overview of the material on slide 6 in lecture 14?,lecture_14_slide_6_approach-of-fl.md
Could you clarify the content of slide 27 from lecture 14?,lecture_14_slide_27_rl-example-alphazero.md
What details are presented on slide 27 of lecture 14?,lecture_14_slide_27_rl-example-alphazero.md
Can you elaborate on the information shown in slide 27 of lecture 14?,lecture_14_slide_27_rl-example-alphazero.md
What is the main focus of slide 27 in lecture 14?,lecture_14_slide_27_rl-example-alphazero.md
Please provide an overview of slide 27 from lecture 14.,lecture_14_slide_27_rl-example-alphazero.md
What is illustrated on slide 27 of lecture 14?,lecture_14_slide_27_rl-example-alphazero.md
Can you describe the key points of slide 27 in lecture 14?,lecture_14_slide_27_rl-example-alphazero.md
What's the significance of the content on slide 27 of lecture 14?,lecture_14_slide_27_rl-example-alphazero.md
Could you summarize what slide 27 of lecture 14 is about?,lecture_14_slide_27_rl-example-alphazero.md
What topics are covered on slide 27 from lecture 14?,lecture_14_slide_27_rl-example-alphazero.md
Could you clarify what is presented on slide 10 of lecture 14?,lecture_14_slide_10_transfer-learning-tl.md
What are the main points discussed on slide 10 in lecture 14?,lecture_14_slide_10_transfer-learning-tl.md
Can you explain the content covered on slide 10 of lecture 14?,lecture_14_slide_10_transfer-learning-tl.md
"I’d like an explanation of slide 10 from lecture 14, please.",lecture_14_slide_10_transfer-learning-tl.md
What information is conveyed on slide 10 of the 14th lecture?,lecture_14_slide_10_transfer-learning-tl.md
Could you walk me through the details on slide 10 from lecture 14?,lecture_14_slide_10_transfer-learning-tl.md
Please summarize the information on slide 10 of lecture 14.,lecture_14_slide_10_transfer-learning-tl.md
What is the focus of slide 10 in our 14th lecture session?,lecture_14_slide_10_transfer-learning-tl.md
Can someone elaborate on the topics covered in slide 10 of lecture 14?,lecture_14_slide_10_transfer-learning-tl.md
I need an overview of what slide 10 in lecture 14 is about.,lecture_14_slide_10_transfer-learning-tl.md
Can you describe what is shown in image 2 on slide 23 of lecture 14?,lecture_14_slide_23_img2.md
What details can you provide about image 2 on slide 23 of lecture 14?,lecture_14_slide_23_img2.md
Please explain the contents of the second image on the 23rd slide from lecture 14.,lecture_14_slide_23_img2.md
What information is conveyed by the second image on slide 23 in lecture 14?,lecture_14_slide_23_img2.md
Could you elaborate on the significance of image 2 found in slide 23 of lecture 14?,lecture_14_slide_23_img2.md
Provide an explanation for the second image on the 23rd slide in lecture 14.,lecture_14_slide_23_img2.md
What is depicted in image 2 on slide 23 of the fourteenth lecture?,lecture_14_slide_23_img2.md
How would you interpret the second image on slide 23 from lecture 14?,lecture_14_slide_23_img2.md
Can you explain the key points of the second image on the 23rd slide from lecture 14?,lecture_14_slide_23_img2.md
What are the main features of the second image on slide 23 in lecture 14?,lecture_14_slide_23_img2.md
Could you elaborate on the content presented in slide 32 from lecture 14?,lecture_14_slide_32_xai.md
What is depicted on slide 32 of lecture 14?,lecture_14_slide_32_xai.md
Can you provide a detailed explanation of slide 32 from lecture 14?,lecture_14_slide_32_xai.md
What information is conveyed in slide 32 of lecture 14?,lecture_14_slide_32_xai.md
Please summarize the key points discussed in slide 32 of lecture 14.,lecture_14_slide_32_xai.md
Could you clarify the details presented on slide 32 of lecture 14?,lecture_14_slide_32_xai.md
What are the main topics covered on slide 32 of lecture 14?,lecture_14_slide_32_xai.md
Can you break down the content of slide 32 in lecture 14?,lecture_14_slide_32_xai.md
What does slide 32 of lecture 14 illustrate?,lecture_14_slide_32_xai.md
How would you describe the material on slide 32 from lecture 14?,lecture_14_slide_32_xai.md
Could you describe what is shown in image 1 on slide 18 from lecture 14?,lecture_14_slide_18_img1.md
What does image 1 in slide 18 of lecture 14 illustrate?,lecture_14_slide_18_img1.md
Please explain the content of image 1 found on slide 18 of lecture 14.,lecture_14_slide_18_img1.md
What is depicted in image 1 on slide 18 in lecture 14?,lecture_14_slide_18_img1.md
Can you provide an explanation for image 1 located on slide 18 in lecture 14?,lecture_14_slide_18_img1.md
What details are presented in image 1 of slide 18 in lecture 14?,lecture_14_slide_18_img1.md
Could you elaborate on the image 1 shown on slide 18 of lecture 14?,lecture_14_slide_18_img1.md
What information is conveyed by image 1 on slide 18 of lecture 14?,lecture_14_slide_18_img1.md
What is the significance of image 1 on slide 18 from lecture 14?,lecture_14_slide_18_img1.md
Can you interpret the main points of image 1 on slide 18 of lecture 14?,lecture_14_slide_18_img1.md
Can you describe the content presented in slide 26 from lecture 14?,lecture_14_slide_26_rl-example-car-parking.md
What information is depicted on slide 26 of the lecture 14 presentation?,lecture_14_slide_26_rl-example-car-parking.md
Could you provide an explanation for what's shown on slide 26 in lecture 14?,lecture_14_slide_26_rl-example-car-parking.md
What are the key points discussed on slide 26 of lecture 14?,lecture_14_slide_26_rl-example-car-parking.md
How can you explain the details on slide 26 from the 14th lecture?,lecture_14_slide_26_rl-example-car-parking.md
What is the significance of the information on slide 26 in lecture 14?,lecture_14_slide_26_rl-example-car-parking.md
Would you mind breaking down what is covered on slide 26 in lecture 14?,lecture_14_slide_26_rl-example-car-parking.md
Please summarize the main ideas presented on slide 26 of lecture 14.,lecture_14_slide_26_rl-example-car-parking.md
What's happening or being depicted in slide 26 from lecture 14?,lecture_14_slide_26_rl-example-car-parking.md
Can you clarify the subject matter of slide 26 from lecture 14?,lecture_14_slide_26_rl-example-car-parking.md
Can you describe what is depicted in image 1 on slide 9 of lecture 14?,lecture_14_slide_9_img1.md
Please explain the content of the first image on slide 9 from lecture 14.,lecture_14_slide_9_img1.md
What's shown in image 1 on the ninth slide of lecture 14?,lecture_14_slide_9_img1.md
Could you elaborate on the details of image 1 found on slide 9 in lecture 14?,lecture_14_slide_9_img1.md
What information is conveyed by the first image on the ninth slide of lecture 14?,lecture_14_slide_9_img1.md
Describe the visual elements present in image 1 of slide 9 from lecture 14.,lecture_14_slide_9_img1.md
What does the first image on slide 9 of lecture 14 illustrate?,lecture_14_slide_9_img1.md
Can you provide an explanation for what is shown in image 1 on slide 9 in lecture 14?,lecture_14_slide_9_img1.md
How would you interpret the first image on the ninth slide from lecture 14?,lecture_14_slide_9_img1.md
Could you clarify the contents of image 1 on slide 9 in lecture 14?,lecture_14_slide_9_img1.md
Can you describe the content of slide 28 from lecture 14?,lecture_14_slide_28_issues.md
What details are presented in slide 28 of lecture 14?,lecture_14_slide_28_issues.md
Could you summarize what is on slide 28 from lecture 14?,lecture_14_slide_28_issues.md
Please explain the main points of slide 28 in lecture 14.,lecture_14_slide_28_issues.md
What information does slide 28 from lecture 14 convey?,lecture_14_slide_28_issues.md
Can you break down the content of slide 28 in lecture 14 for me?,lecture_14_slide_28_issues.md
"What is shown on slide 28 of lecture 14, and why is it important?",lecture_14_slide_28_issues.md
Could you give me an overview of slide 28 from lecture 14?,lecture_14_slide_28_issues.md
What are the key topics covered on slide 28 in lecture 14?,lecture_14_slide_28_issues.md
Can you provide an explanation of slide 28 from lecture 14?,lecture_14_slide_28_issues.md
Could you describe the content presented on slide 18 of lecture 14?,lecture_14_slide_18_reinforcement-learning-rl.md
What details are covered on slide 18 of the 14th lecture?,lecture_14_slide_18_reinforcement-learning-rl.md
Can you clarify the information shown on slide 18 of lecture 14?,lecture_14_slide_18_reinforcement-learning-rl.md
Please provide an explanation of the material on slide 18 in lecture 14.,lecture_14_slide_18_reinforcement-learning-rl.md
What is the main topic discussed on slide 18 of lecture 14?,lecture_14_slide_18_reinforcement-learning-rl.md
Could you summarize what's depicted on slide 18 of the fourteenth lecture?,lecture_14_slide_18_reinforcement-learning-rl.md
What are the key points illustrated on slide 18 in lecture 14?,lecture_14_slide_18_reinforcement-learning-rl.md
Would you mind explaining what's presented on slide 18 of lecture 14?,lecture_14_slide_18_reinforcement-learning-rl.md
Can you provide details about the content of slide 18 from lecture 14?,lecture_14_slide_18_reinforcement-learning-rl.md
"What is depicted on slide 18 from the 14th lecture, and what does it mean?",lecture_14_slide_18_reinforcement-learning-rl.md
Could you clarify the content of slide 12 from lecture 9?,lecture_9_slide_12_deep-learning.md
What's happening on slide 12 of lecture 9?,lecture_9_slide_12_deep-learning.md
Can you elaborate on slide 12 of lecture 9?,lecture_9_slide_12_deep-learning.md
Please explain the details on slide 12 from lecture 9.,lecture_9_slide_12_deep-learning.md
What information is presented on slide 12 of lecture 9?,lecture_9_slide_12_deep-learning.md
Could you describe the main points of slide 12 in lecture 9?,lecture_9_slide_12_deep-learning.md
What is covered on slide 12 of the ninth lecture?,lecture_9_slide_12_deep-learning.md
Can you break down what's shown on slide 12 of lecture 9?,lecture_9_slide_12_deep-learning.md
What topics are discussed on slide 12 of lecture 9?,lecture_9_slide_12_deep-learning.md
Could you provide an overview of slide 12 from lecture 9?,lecture_9_slide_12_deep-learning.md
Can you describe the content of slide 32 from lecture 9?,lecture_9_slide_32_backpropagation.md
What information is presented on slide 32 of lecture 9?,lecture_9_slide_32_backpropagation.md
Could you clarify the main points on slide 32 from lecture 9?,lecture_9_slide_32_backpropagation.md
What is being depicted on slide 32 in lecture 9?,lecture_9_slide_32_backpropagation.md
Could you explain the details of slide 32 from lecture 9?,lecture_9_slide_32_backpropagation.md
What are the key elements discussed on slide 32 of lecture 9?,lecture_9_slide_32_backpropagation.md
Can you go over the concepts covered on slide 32 in lecture 9?,lecture_9_slide_32_backpropagation.md
What topics are outlined on slide 32 of lecture 9?,lecture_9_slide_32_backpropagation.md
How is the subject matter of slide 32 in lecture 9 presented?,lecture_9_slide_32_backpropagation.md
Can you detail the information shown on slide 32 from lecture 9?,lecture_9_slide_32_backpropagation.md
Could you describe the content of image 1 on slide 31 from lecture 9?,lecture_9_slide_31_img1.md
What does image 1 depict in slide 31 of lecture 9?,lecture_9_slide_31_img1.md
Please explain the details of image 1 in slide 31 of lecture 9.,lecture_9_slide_31_img1.md
Can you provide an explanation of image 1 found on slide 31 in lecture 9?,lecture_9_slide_31_img1.md
Describe what image 1 on slide 31 from lecture 9 illustrates.,lecture_9_slide_31_img1.md
What is the significance of image 1 on slide 31 in lecture 9?,lecture_9_slide_31_img1.md
Can you interpret image 1 from slide 31 of lecture 9 for me?,lecture_9_slide_31_img1.md
What information is conveyed by image 1 in slide 31 of lecture 9?,lecture_9_slide_31_img1.md
Please elaborate on the elements of image 1 on slide 31 in lecture 9.,lecture_9_slide_31_img1.md
Could you give an overview of what image 1 shows on slide 31 of lecture 9?,lecture_9_slide_31_img1.md
Can you describe the details of image 1 on slide 38 from lecture 9?,lecture_9_slide_38_img1.md
What does image 1 in slide 38 of lecture 9 illustrate?,lecture_9_slide_38_img1.md
Provide an explanation of image 1 found on slide 38 in lecture 9.,lecture_9_slide_38_img1.md
Could you interpret image 1 shown on slide 38 of our ninth lecture?,lecture_9_slide_38_img1.md
Would you be able to explain what's depicted in image 1 on slide 38 of lecture 9?,lecture_9_slide_38_img1.md
What information does image 1 on the 38th slide of lecture 9 convey?,lecture_9_slide_38_img1.md
Please elaborate on the content of image 1 from slide 38 in lecture 9.,lecture_9_slide_38_img1.md
How would you explain the elements of image 1 on slide 38 of lecture 9?,lecture_9_slide_38_img1.md
Could you analyze image 1 that appears on slide 38 in the ninth lecture and explain it?,lecture_9_slide_38_img1.md
What is the significance of image 1 presented on slide 38 of our lecture 9?,lecture_9_slide_38_img1.md
Could you describe the contents of slide 24 from lecture 9?,lecture_9_slide_24_example.md
What information is presented on slide 24 in lecture 9?,lecture_9_slide_24_example.md
Can you provide an explanation of slide 24 from lecture 9?,lecture_9_slide_24_example.md
Please elaborate on the details shown in slide 24 of lecture 9.,lecture_9_slide_24_example.md
What is the main focus of slide 24 in lecture 9?,lecture_9_slide_24_example.md
How would you interpret the data or content on slide 24 of lecture 9?,lecture_9_slide_24_example.md
Can you give an overview of what is depicted on slide 24 in lecture 9?,lecture_9_slide_24_example.md
What key points are illustrated on slide 24 of lecture 9?,lecture_9_slide_24_example.md
Could you summarize the topic or discussion on slide 24 from lecture 9?,lecture_9_slide_24_example.md
What is the significance of the information shown on slide 24 in lecture 9?,lecture_9_slide_24_example.md
Can you describe the content of slide 37 from lecture 9?,lecture_9_slide_37_sigmoid-function.md
What details are presented on slide 37 of lecture 9?,lecture_9_slide_37_sigmoid-function.md
Could you clarify what's depicted in slide 37 of our ninth lecture?,lecture_9_slide_37_sigmoid-function.md
Please break down the information on slide 37 from lecture 9.,lecture_9_slide_37_sigmoid-function.md
What is being explained in slide 37 of the ninth lecture?,lecture_9_slide_37_sigmoid-function.md
How would you interpret slide 37 from lecture number 9?,lecture_9_slide_37_sigmoid-function.md
Give an overview of the material covered on slide 37 in lecture 9.,lecture_9_slide_37_sigmoid-function.md
What can you tell me about slide 37 from the 9th lecture?,lecture_9_slide_37_sigmoid-function.md
Could you provide an analysis of slide 37 from lecture 9?,lecture_9_slide_37_sigmoid-function.md
What is the main focus of slide 37 in the ninth lecture?,lecture_9_slide_37_sigmoid-function.md
Could you describe what's shown in image 1 on slide 39 of lecture 9?,lecture_9_slide_39_img1.md
Please explain the contents of the first image in slide 39 from lecture 9.,lecture_9_slide_39_img1.md
What is depicted in image 1 on slide 39 of lecture 9?,lecture_9_slide_39_img1.md
Can you interpret the first image on slide 39 in lecture 9 for me?,lecture_9_slide_39_img1.md
Could you provide an explanation for image 1 located in slide 39 of lecture 9?,lecture_9_slide_39_img1.md
What does image 1 show on slide 39 of the ninth lecture?,lecture_9_slide_39_img1.md
Please elaborate on the details of image 1 from slide 39 of the ninth lecture.,lecture_9_slide_39_img1.md
What are the key points in image 1 of slide 39 in lecture number 9?,lecture_9_slide_39_img1.md
Could you summarize what's in the first image on slide 39 from lecture 9?,lecture_9_slide_39_img1.md
Can you clarify what is presented in image 1 on the 39th slide of lecture 9?,lecture_9_slide_39_img1.md
Could you describe image 1 found on slide 29 from lecture 9?,lecture_9_slide_29_img1.md
Please explain what is depicted in image 1 on slide 29 of lecture 9.,lecture_9_slide_29_img1.md
What details can you provide about image 1 on slide 29 in lecture 9?,lecture_9_slide_29_img1.md
Can you elaborate on the content of image 1 from slide 29 of our ninth lecture?,lecture_9_slide_29_img1.md
What information is conveyed by image 1 on the 29th slide of lecture 9?,lecture_9_slide_29_img1.md
Could you clarify the details of image 1 on slide 29 from the ninth lecture?,lecture_9_slide_29_img1.md
Please provide an explanation for image 1 appearing on slide 29 in lecture 9.,lecture_9_slide_29_img1.md
What is the significance of image 1 on the 29th slide of lecture 9?,lecture_9_slide_29_img1.md
How would you interpret image 1 from slide 29 of our lecture 9?,lecture_9_slide_29_img1.md
What is illustrated in image 1 on slide 29 during lecture 9?,lecture_9_slide_29_img1.md
Could you describe the content of slide 21 in lecture 9?,lecture_9_slide_21_example.md
What insights does slide 21 from lecture 9 provide?,lecture_9_slide_21_example.md
Can you explain the main points of slide 21 in lecture 9?,lecture_9_slide_21_example.md
What information is presented on slide 21 of lecture 9?,lecture_9_slide_21_example.md
Could you summarize the key concepts on slide 21 from lecture 9?,lecture_9_slide_21_example.md
How would you interpret the material on slide 21 of lecture 9?,lecture_9_slide_21_example.md
What are the details highlighted in slide 21 of lecture 9?,lecture_9_slide_21_example.md
Can you break down the elements shown on slide 21 in lecture 9?,lecture_9_slide_21_example.md
What is the significance of the information on slide 21 in lecture 9?,lecture_9_slide_21_example.md
Could you clarify the theme of slide 21 from lecture 9?,lecture_9_slide_21_example.md
Can you clarify the content of image 1 found on slide 7 of lecture 9?,lecture_9_slide_7_img1.md
What does image 1 on slide 7 in lecture 9 represent?,lecture_9_slide_7_img1.md
Could you provide an explanation for image 1 in slide 7 of the ninth lecture?,lecture_9_slide_7_img1.md
What is depicted in image 1 on the 7th slide of lecture 9?,lecture_9_slide_7_img1.md
Please explain the details of image 1 located on slide 7 of lecture 9.,lecture_9_slide_7_img1.md
What information does image 1 convey on slide 7 of the ninth lecture?,lecture_9_slide_7_img1.md
Can you describe the elements in image 1 from slide 7 of lecture 9?,lecture_9_slide_7_img1.md
I need an explanation for image 1 appearing in slide 7 from lecture 9.,lecture_9_slide_7_img1.md
What is the significance of image 1 on slide 7 in lecture 9?,lecture_9_slide_7_img1.md
Could you interpret the content of image 1 from slide 7 in the ninth lecture?,lecture_9_slide_7_img1.md
Could you elaborate on the content presented in slide 33 of lecture 9?,lecture_9_slide_33_gradient-problem.md
What details are covered in slide 33 of lecture 9?,lecture_9_slide_33_gradient-problem.md
Can you describe what is happening on slide 33 from lecture 9?,lecture_9_slide_33_gradient-problem.md
What information is being conveyed in slide 33 of lecture 9?,lecture_9_slide_33_gradient-problem.md
How would you explain the key points on slide 33 of lecture 9?,lecture_9_slide_33_gradient-problem.md
What are the main topics discussed on slide 33 of lecture 9?,lecture_9_slide_33_gradient-problem.md
Could you summarize the content of slide 33 from lecture 9?,lecture_9_slide_33_gradient-problem.md
What is the focus of slide 33 in lecture 9?,lecture_9_slide_33_gradient-problem.md
Can you provide an overview of what slide 33 in lecture 9 is about?,lecture_9_slide_33_gradient-problem.md
What is the main message of slide 33 from lecture 9?,lecture_9_slide_33_gradient-problem.md
Could you describe what's happening on slide 40 of lecture 9?,lecture_9_slide_40_leaky-relu.md
What information is presented on slide 40 of lecture 9?,lecture_9_slide_40_leaky-relu.md
Can you explain the content of slide 40 from lecture 9?,lecture_9_slide_40_leaky-relu.md
What details are covered on slide 40 in lecture 9?,lecture_9_slide_40_leaky-relu.md
Please elaborate on the key points shown on slide 40 of lecture 9.,lecture_9_slide_40_leaky-relu.md
What does slide 40 of lecture 9 focus on?,lecture_9_slide_40_leaky-relu.md
What is the main topic discussed on slide 40 in lecture 9?,lecture_9_slide_40_leaky-relu.md
Could you clarify what is shown on slide 40 of lecture 9?,lecture_9_slide_40_leaky-relu.md
What are the highlights of slide 40 in lecture 9?,lecture_9_slide_40_leaky-relu.md
Can you provide an overview of what slide 40 in lecture 9 is about?,lecture_9_slide_40_leaky-relu.md
Can you describe the contents of image 4 on slide 38 from lecture 9?,lecture_9_slide_38_img4.md
What is depicted in the fourth image of slide 38 in our ninth lecture?,lecture_9_slide_38_img4.md
Could you provide an explanation for image 4 found on slide 38 of lecture 9?,lecture_9_slide_38_img4.md
What information does image 4 on slide 38 convey in lecture 9?,lecture_9_slide_38_img4.md
Please explain the details of the fourth image on the 38th slide from lecture 9.,lecture_9_slide_38_img4.md
How would you interpret image 4 in slide 38 from our ninth lecture?,lecture_9_slide_38_img4.md
What does slide 38's image 4 illustrate in lecture 9?,lecture_9_slide_38_img4.md
Can you outline the key points of image 4 located on slide 38 of lecture 9?,lecture_9_slide_38_img4.md
What is shown in image 4 on slide 38 during lecture 9?,lecture_9_slide_38_img4.md
Could you summarize the contents of the fourth image on slide 38 from our ninth lecture?,lecture_9_slide_38_img4.md
Could you clarify the contents of slide 31 from lecture 9?,lecture_9_slide_31_backpropagation.md
What is being discussed on slide 31 in the ninth lecture?,lecture_9_slide_31_backpropagation.md
Can you walk me through what's presented on the 31st slide of lecture 9?,lecture_9_slide_31_backpropagation.md
I'd like an explanation of slide 31 from the ninth lecture. What's it about?,lecture_9_slide_31_backpropagation.md
What is the main topic covered on slide 31 in lecture 9?,lecture_9_slide_31_backpropagation.md
Please describe what slide 31 from lecture 9 is illustrating.,lecture_9_slide_31_backpropagation.md
Can you elaborate on the information on slide 31 of the ninth lecture?,lecture_9_slide_31_backpropagation.md
What key concepts are presented on slide 31 of lecture 9?,lecture_9_slide_31_backpropagation.md
Could you provide an overview of slide 31 from lecture 9?,lecture_9_slide_31_backpropagation.md
What are the details shown on slide 31 in the ninth lecture?,lecture_9_slide_31_backpropagation.md
Could you clarify the details of image 1 on slide 20 from lecture 9?,lecture_9_slide_20_img1.md
What does image 1 illustrate on slide 20 of lecture 9?,lecture_9_slide_20_img1.md
Please provide an explanation of the first image on slide 20 in lecture 9.,lecture_9_slide_20_img1.md
How would you describe image 1 found on slide 20 of lecture 9?,lecture_9_slide_20_img1.md
Can you explain what is depicted in image 1 of slide 20 from lecture 9?,lecture_9_slide_20_img1.md
What information is conveyed by image 1 on slide 20 in lecture 9?,lecture_9_slide_20_img1.md
Could you interpret image 1 that appears on slide 20 of lecture 9?,lecture_9_slide_20_img1.md
What are the key points shown in image 1 on slide 20 of lecture 9?,lecture_9_slide_20_img1.md
Please elaborate on the content of image 1 located on slide 20 of lecture 9.,lecture_9_slide_20_img1.md
What is the subject of image 1 on slide 20 in lecture 9?,lecture_9_slide_20_img1.md
Could you describe what is depicted in image 1 on slide 14 from lecture 9?,lecture_9_slide_14_img1.md
What details can you provide about the first image on slide 14 of lecture 9?,lecture_9_slide_14_img1.md
Can you clarify the content of image 1 found on slide 14 of the ninth lecture?,lecture_9_slide_14_img1.md
"What is the significance of the image located on slide 14, image 1, of lecture 9?",lecture_9_slide_14_img1.md
Please explain what is shown in the initial image on slide 14 of our ninth lecture.,lecture_9_slide_14_img1.md
Can you discuss the elements seen in image 1 on the fourteenth slide from lecture 9?,lecture_9_slide_14_img1.md
What does the first image on slide number 14 from lecture 9 illustrate?,lecture_9_slide_14_img1.md
Could you provide an explanation for the image located on slide 14's first position in lecture 9?,lecture_9_slide_14_img1.md
What information does image 1 on slide 14 of the ninth lecture contain?,lecture_9_slide_14_img1.md
Please break down the aspects of the image found in position 1 on slide 14 of lecture 9.,lecture_9_slide_14_img1.md
Could you clarify the content presented on slide 38 of lecture 9?,lecture_9_slide_38_sigmoid.md
What information is being conveyed on slide 38 of lecture 9?,lecture_9_slide_38_sigmoid.md
Please explain the details shown on slide 38 of lecture 9.,lecture_9_slide_38_sigmoid.md
Can you describe what is happening on slide 38 of lecture 9?,lecture_9_slide_38_sigmoid.md
What is the main focus of slide 38 in lecture 9?,lecture_9_slide_38_sigmoid.md
I'd like an explanation of the material on slide 38 from lecture 9.,lecture_9_slide_38_sigmoid.md
What are the key points discussed on slide 38 of lecture 9?,lecture_9_slide_38_sigmoid.md
Could you interpret the content of slide 38 in lecture 9 for me?,lecture_9_slide_38_sigmoid.md
What does slide 38 cover in lecture 9?,lecture_9_slide_38_sigmoid.md
Please provide an overview of what's illustrated on slide 38 in lecture 9.,lecture_9_slide_38_sigmoid.md
Could you describe the content of slide 11 from lecture 9?,lecture_9_slide_11_why-neural-network.md
What is presented on slide 11 in the ninth lecture?,lecture_9_slide_11_why-neural-network.md
Can you clarify the information shown on slide 11 of lecture 9?,lecture_9_slide_11_why-neural-network.md
What details are covered in slide 11 of the 9th lecture?,lecture_9_slide_11_why-neural-network.md
Please explain what is happening in slide 11 of lecture 9.,lecture_9_slide_11_why-neural-network.md
What topic or data is depicted in slide 11 of the lecture held on session 9?,lecture_9_slide_11_why-neural-network.md
Could you summarize the material on slide 11 from the ninth class?,lecture_9_slide_11_why-neural-network.md
What does slide 11 in lecture 9 illustrate?,lecture_9_slide_11_why-neural-network.md
Can you provide a breakdown of the content on slide 11 from the ninth lecture?,lecture_9_slide_11_why-neural-network.md
What key points are addressed on slide 11 in lecture 9?,lecture_9_slide_11_why-neural-network.md
Could you describe the content of slide 29 from lecture 9?,lecture_9_slide_29_feed-forward-networks-prediction.md
What information is presented on slide 29 in lecture 9?,lecture_9_slide_29_feed-forward-networks-prediction.md
Can you explain what is depicted on slide 29 of lecture 9?,lecture_9_slide_29_feed-forward-networks-prediction.md
Please provide an overview of what slide 29 from lecture 9 covers.,lecture_9_slide_29_feed-forward-networks-prediction.md
What details are shown in slide 29 of lecture 9?,lecture_9_slide_29_feed-forward-networks-prediction.md
Could you break down the main points on slide 29 from lecture 9?,lecture_9_slide_29_feed-forward-networks-prediction.md
What is the focus of slide 29 in lecture 9?,lecture_9_slide_29_feed-forward-networks-prediction.md
Can you summarize the key elements of slide 29 from lecture 9?,lecture_9_slide_29_feed-forward-networks-prediction.md
What are the important aspects of slide 29 in the ninth lecture?,lecture_9_slide_29_feed-forward-networks-prediction.md
Can you elaborate on the topic of slide 29 from lecture 9?,lecture_9_slide_29_feed-forward-networks-prediction.md
Can you clarify the content presented on slide 7 of lecture 9?,lecture_9_slide_7_overview-of-ml.md
What information is conveyed in slide 7 of lecture 9?,lecture_9_slide_7_overview-of-ml.md
Could you provide an explanation of the material on slide 7 from lecture 9?,lecture_9_slide_7_overview-of-ml.md
What topics are covered in slide 7 of lecture 9?,lecture_9_slide_7_overview-of-ml.md
Please explain the details shown on slide 7 from lecture 9.,lecture_9_slide_7_overview-of-ml.md
What is being discussed in slide 7 of the ninth lecture?,lecture_9_slide_7_overview-of-ml.md
Can you summarize the main points of slide 7 in lecture 9?,lecture_9_slide_7_overview-of-ml.md
How would you interpret slide 7 from the ninth lecture?,lecture_9_slide_7_overview-of-ml.md
Could you detail what is happening on slide 7 of lecture 9?,lecture_9_slide_7_overview-of-ml.md
What is the focus of slide 7 in the ninth lecture?,lecture_9_slide_7_overview-of-ml.md
Could you provide an explanation for the image found on slide 32 of lecture 9?,lecture_9_slide_32_img1.md
What is the meaning of the image displayed in slide 32 of our ninth lecture?,lecture_9_slide_32_img1.md
Can you describe the contents of image 1 located on slide 32 from lecture 9?,lecture_9_slide_32_img1.md
Please explain what is depicted in image 1 from slide 32 of the ninth lecture.,lecture_9_slide_32_img1.md
How would you interpret the image shown on slide 32 of lecture 9?,lecture_9_slide_32_img1.md
Could you clarify the details of the image appearing on slide 32 in lecture 9?,lecture_9_slide_32_img1.md
What insights can you offer about the image presented on slide 32 of lecture 9?,lecture_9_slide_32_img1.md
Can you elaborate on the information conveyed by image 1 on slide 32 of our ninth lecture?,lecture_9_slide_32_img1.md
Might you decipher the image that's on slide 32 in lecture 9?,lecture_9_slide_32_img1.md
Would you mind explaining the image that appears in slide 32 of the ninth lecture?,lecture_9_slide_32_img1.md
Could you describe the contents of image 1 found on slide 22 of lecture 9?,lecture_9_slide_22_img1.md
Please explain what is depicted in image 1 on slide 22 from lecture 9.,lecture_9_slide_22_img1.md
What does image 1 on slide 22 of lecture 9 illustrate?,lecture_9_slide_22_img1.md
Can you elaborate on the details of image 1 located on slide 22 in lecture 9?,lecture_9_slide_22_img1.md
What is the significance of the first image on slide 22 in the ninth lecture?,lecture_9_slide_22_img1.md
Could you analyze the elements shown in image 1 on slide 22 of lecture 9?,lecture_9_slide_22_img1.md
Would you mind explaining the features of image 1 from slide 22 in lecture 9?,lecture_9_slide_22_img1.md
What information is conveyed in image 1 of slide 22 from lecture 9?,lecture_9_slide_22_img1.md
Please provide an explanation of image 1 that appears on slide 22 of lecture 9.,lecture_9_slide_22_img1.md
What does the image 1 on slide 22 in the ninth lecture represent?,lecture_9_slide_22_img1.md
Can you describe what is shown in image 1 on slide 40 of lecture 9?,lecture_9_slide_40_img1.md
What does image 1 on slide 40 of lecture 9 depict?,lecture_9_slide_40_img1.md
"Please interpret image 1 found in slide 40, lecture 9.",lecture_9_slide_40_img1.md
Could you clarify the content of image 1 in slide 40 of lecture 9?,lecture_9_slide_40_img1.md
What is the explanation for image 1 on slide 40 in lecture 9?,lecture_9_slide_40_img1.md
How would you explain the illustration in image 1 on slide 40 of lecture 9?,lecture_9_slide_40_img1.md
Can you provide a breakdown of image 1 on slide 40 from lecture 9?,lecture_9_slide_40_img1.md
What information does image 1 on slide 40 of lecture 9 convey?,lecture_9_slide_40_img1.md
Could you give an overview of image 1 on slide 40 in lecture 9?,lecture_9_slide_40_img1.md
What details are presented in image 1 on slide 40 of lecture 9?,lecture_9_slide_40_img1.md
Can you describe the content of slide 34 in lecture 9?,lecture_9_slide_34_extra-backpropagation-materials.md
What information is presented on slide 34 of the ninth lecture?,lecture_9_slide_34_extra-backpropagation-materials.md
Could you elaborate on the details shown in slide 34 of lecture 9?,lecture_9_slide_34_extra-backpropagation-materials.md
What are the key points discussed in slide 34 from lecture 9?,lecture_9_slide_34_extra-backpropagation-materials.md
Please explain the material covered in slide 34 of the ninth lecture.,lecture_9_slide_34_extra-backpropagation-materials.md
What does slide 34 convey in the context of lecture 9?,lecture_9_slide_34_extra-backpropagation-materials.md
Can you provide an overview of what's displayed on slide 34 in lecture 9?,lecture_9_slide_34_extra-backpropagation-materials.md
How would you interpret the material on slide 34 for the ninth lecture?,lecture_9_slide_34_extra-backpropagation-materials.md
What is the main focus of slide 34 in lecture 9?,lecture_9_slide_34_extra-backpropagation-materials.md
Could you clarify the contents of slide 34 from the lecture given on the ninth session?,lecture_9_slide_34_extra-backpropagation-materials.md
Could you describe the content of slide 23 from lecture 9?,lecture_9_slide_23_perceptron.md
What information is presented on slide 23 of lecture 9?,lecture_9_slide_23_perceptron.md
Can you explain the details illustrated on slide 23 of lecture 9?,lecture_9_slide_23_perceptron.md
What is the main topic discussed on slide 23 of lecture 9?,lecture_9_slide_23_perceptron.md
How would you summarize the material on slide 23 of lecture 9?,lecture_9_slide_23_perceptron.md
Can you provide an overview of the content on slide 23 from lecture 9?,lecture_9_slide_23_perceptron.md
What are the key points covered on slide 23 of lecture 9?,lecture_9_slide_23_perceptron.md
What is shown on slide 23 of lecture 9?,lecture_9_slide_23_perceptron.md
Can you clarify what slide 23 of lecture 9 is about?,lecture_9_slide_23_perceptron.md
Could you break down the elements of slide 23 in lecture 9?,lecture_9_slide_23_perceptron.md
Could you describe what is depicted in image 2 from slide 36 of lecture 9?,lecture_9_slide_36_img2.md
What details can you provide about image 2 on slide 36 of the ninth lecture?,lecture_9_slide_36_img2.md
Please explain the content of the second image on slide 36 in lecture 9.,lecture_9_slide_36_img2.md
What information does image 2 in slide 36 of lecture 9 convey?,lecture_9_slide_36_img2.md
Can you provide an explanation of image 2 found on slide 36 of the ninth lecture?,lecture_9_slide_36_img2.md
What does image 2 on slide 36 of lecture 9 illustrate?,lecture_9_slide_36_img2.md
Could you interpret the second image on the 36th slide of lecture 9?,lecture_9_slide_36_img2.md
Please elaborate on the elements shown in image 2 from slide 36 in lecture 9.,lecture_9_slide_36_img2.md
What is the significance of image 2 on slide 36 of the ninth lecture?,lecture_9_slide_36_img2.md
Could you provide an analysis of the second image on slide 36 in lecture 9?,lecture_9_slide_36_img2.md
Can you describe the content and main points of slide 18 from lecture 9?,lecture_9_slide_18_20.md
What are the key aspects discussed in slide 18 of lecture 9?,lecture_9_slide_18_20.md
Could you provide an explanation of what is depicted on slide 18 of lecture 9?,lecture_9_slide_18_20.md
What information is presented in slide 18 from lecture 9?,lecture_9_slide_18_20.md
Please clarify the concepts covered on slide 18 of lecture 9.,lecture_9_slide_18_20.md
What is the central theme of slide 18 in lecture 9?,lecture_9_slide_18_20.md
Could you summarize what slide 18 of lecture 9 is about?,lecture_9_slide_18_20.md
What details are included in slide 18 of the ninth lecture?,lecture_9_slide_18_20.md
Can you elaborate on the topic presented in slide 18 of lecture 9?,lecture_9_slide_18_20.md
What is the significance of the content on slide 18 of lecture 9?,lecture_9_slide_18_20.md
Could you elaborate on what's being discussed in slide 17 of lecture 9?,lecture_9_slide_17_19.md
What details are presented on slide 17 of the ninth lecture?,lecture_9_slide_17_19.md
Can you provide an explanation of the content on slide 17 in lecture 9?,lecture_9_slide_17_19.md
What is the main focus of slide 17 from lecture 9?,lecture_9_slide_17_19.md
Please explain the information shown on slide 17 of the 9th lecture.,lecture_9_slide_17_19.md
What topics are covered on slide 17 of lecture 9?,lecture_9_slide_17_19.md
Could you clarify the points made on slide 17 of the ninth lecture?,lecture_9_slide_17_19.md
What does slide 17 from lecture 9 discuss?,lecture_9_slide_17_19.md
Can you describe the key elements of slide 17 in lecture 9?,lecture_9_slide_17_19.md
What explanation can you give for the content on slide 17 of lecture 9?,lecture_9_slide_17_19.md
Can you describe the content of slide 6 from lecture 9?,lecture_9_slide_6_overview-of-ml.md
What is the main topic of slide 6 in lecture 9?,lecture_9_slide_6_overview-of-ml.md
Could you clarify the details on slide 6 from the ninth lecture?,lecture_9_slide_6_overview-of-ml.md
What information is presented on slide 6 of lecture 9?,lecture_9_slide_6_overview-of-ml.md
What is discussed on the sixth slide of lecture 9?,lecture_9_slide_6_overview-of-ml.md
Could you break down the key points from slide 6 of lecture 9?,lecture_9_slide_6_overview-of-ml.md
What does slide 6 of lecture 9 explain?,lecture_9_slide_6_overview-of-ml.md
Can you summarize the contents of slide 6 from the ninth lecture?,lecture_9_slide_6_overview-of-ml.md
What are the main highlights on slide 6 of the ninth lecture?,lecture_9_slide_6_overview-of-ml.md
Can you provide an explanation of what's being discussed on slide 6 of lecture 9?,lecture_9_slide_6_overview-of-ml.md
Could you describe the content of slide 2 from lecture 9?,lecture_9_slide_2_overview.md
What's happening on slide 2 of lecture 9?,lecture_9_slide_2_overview.md
Can you explain the key points of slide 2 in lecture 9?,lecture_9_slide_2_overview.md
What does slide 2 of lecture 9 entail?,lecture_9_slide_2_overview.md
Please elaborate on the information presented in slide 2 of lecture 9.,lecture_9_slide_2_overview.md
What are the main topics covered in slide 2 of lecture 9?,lecture_9_slide_2_overview.md
Could you detail the subject matter of slide 2 from lecture 9?,lecture_9_slide_2_overview.md
What is the significance of the content on slide 2 in lecture 9?,lecture_9_slide_2_overview.md
Can you summarize the details from slide 2 of lecture 9?,lecture_9_slide_2_overview.md
What insights are provided on slide 2 of lecture 9?,lecture_9_slide_2_overview.md
Could you describe what's happening on slide 22 of lecture 9?,lecture_9_slide_22_perceptron.md
What information is presented on slide 22 of the ninth lecture?,lecture_9_slide_22_perceptron.md
Can you break down the contents of slide 22 from lecture 9?,lecture_9_slide_22_perceptron.md
What is the main focus of slide 22 in the ninth lecture?,lecture_9_slide_22_perceptron.md
Could you summarize the key points of slide 22 from lecture 9?,lecture_9_slide_22_perceptron.md
What's the explanation behind slide 22 in lecture 9?,lecture_9_slide_22_perceptron.md
Can you interpret the details found on slide 22 of lecture 9?,lecture_9_slide_22_perceptron.md
What are the significant elements on slide 22 of the ninth lecture?,lecture_9_slide_22_perceptron.md
Could you provide an analysis of slide 22 from lecture 9?,lecture_9_slide_22_perceptron.md
"What is depicted on slide 22 of lecture 9, and can you elaborate?",lecture_9_slide_22_perceptron.md
Could you describe the image labeled as Image 1 on slide 8 from lecture 9?,lecture_9_slide_8_img1.md
Please explain the content shown in Image 1 on the seventh slide of lecture 9.,lecture_9_slide_8_img1.md
What does Image 1 on slide number 8 of lecture 9 illustrate?,lecture_9_slide_8_img1.md
Can you provide an explanation for Image 1 located on slide 8 of lecture 9?,lecture_9_slide_8_img1.md
"What is depicted in Image 1 on the eighth slide from lecture 9, and can you elaborate?",lecture_9_slide_8_img1.md
Could you give me a detailed explanation of Image 1 found on slide 8 of lecture 9?,lecture_9_slide_8_img1.md
What information is conveyed by Image 1 on slide 8 in the ninth lecture?,lecture_9_slide_8_img1.md
Kindly explain the visual content of Image 1 as presented on slide 8 of lecture 9.,lecture_9_slide_8_img1.md
"What details are illustrated in Image 1 on slide 8, part of lecture 9?",lecture_9_slide_8_img1.md
Could you interpret the meaning of Image 1 on slide 8 from lecture 9?,lecture_9_slide_8_img1.md
Could you clarify the content of slide 26 from lecture 9?,lecture_9_slide_26_perceptron.md
What information is being presented on slide 26 from lecture 9?,lecture_9_slide_26_perceptron.md
Can you provide an explanation for slide 26 in lecture 9?,lecture_9_slide_26_perceptron.md
What details are covered on slide 26 of lecture 9?,lecture_9_slide_26_perceptron.md
Please explain the concepts discussed on slide 26 from lecture 9.,lecture_9_slide_26_perceptron.md
What is the main focus of slide 26 in lecture 9?,lecture_9_slide_26_perceptron.md
Can you describe what slide 26 from lecture 9 is about?,lecture_9_slide_26_perceptron.md
What is happening in slide 26 of lecture 9?,lecture_9_slide_26_perceptron.md
Could you interpret the data shown on slide 26 of lecture 9?,lecture_9_slide_26_perceptron.md
Can you summarize the key points from slide 26 in lecture 9?,lecture_9_slide_26_perceptron.md
Can you describe the content of image 1 on slide 36 from lecture 9?,lecture_9_slide_36_img1.md
"What does image 1, located on slide 36 of the ninth lecture, depict?",lecture_9_slide_36_img1.md
Please explain the details shown in image 1 of slide 36 from lecture 9.,lecture_9_slide_36_img1.md
What information is presented in image 1 in slide 36 of lecture 9?,lecture_9_slide_36_img1.md
Could you provide an explanation of image 1 from slide 36 in lecture 9?,lecture_9_slide_36_img1.md
What are the key features illustrated in image 1 of slide 36 in lecture 9?,lecture_9_slide_36_img1.md
How would you interpret image 1 found on slide 36 from the ninth lecture?,lecture_9_slide_36_img1.md
Discuss the main points of image 1 located on slide 36 in lecture 9.,lecture_9_slide_36_img1.md
What is the significance of image 1 on slide 36 in the ninth lecture?,lecture_9_slide_36_img1.md
Can you analyze the elements of image 1 shown on slide 36 in lecture 9?,lecture_9_slide_36_img1.md
Can you describe the content in slide 5 from lecture 9?,lecture_9_slide_5_ml-evolution.md
What is depicted on slide 5 of lecture 9?,lecture_9_slide_5_ml-evolution.md
Could you go over slide 5 in lecture 9?,lecture_9_slide_5_ml-evolution.md
What information is presented in slide 5 of lecture 9?,lecture_9_slide_5_ml-evolution.md
Explain the details shown on slide 5 from lecture 9.,lecture_9_slide_5_ml-evolution.md
What are the key points on slide 5 in lecture 9?,lecture_9_slide_5_ml-evolution.md
Can you clarify what slide 5 in lecture 9 is about?,lecture_9_slide_5_ml-evolution.md
What does slide 5 of lecture 9 cover?,lecture_9_slide_5_ml-evolution.md
Could you summarize what's going on in slide 5 of lecture 9?,lecture_9_slide_5_ml-evolution.md
What is the main topic discussed on slide 5 of lecture 9?,lecture_9_slide_5_ml-evolution.md
Could you clarify the content presented on slide 39 of lecture 9?,lecture_9_slide_39_rectified-linear-units-relu.md
What is the information conveyed on slide 39 of lecture 9?,lecture_9_slide_39_rectified-linear-units-relu.md
Please describe the details shown on slide 39 of lecture 9.,lecture_9_slide_39_rectified-linear-units-relu.md
Can you elaborate on the key points discussed on slide 39 of lecture 9?,lecture_9_slide_39_rectified-linear-units-relu.md
What are the main concepts covered on slide 39 in lecture 9?,lecture_9_slide_39_rectified-linear-units-relu.md
Could you provide an explanation of the material on slide 39 from lecture 9?,lecture_9_slide_39_rectified-linear-units-relu.md
What does slide 39 of lecture 9 focus on?,lecture_9_slide_39_rectified-linear-units-relu.md
Can you summarize the information displayed on slide 39 of lecture 9?,lecture_9_slide_39_rectified-linear-units-relu.md
What topics are addressed on slide 39 of lecture 9?,lecture_9_slide_39_rectified-linear-units-relu.md
How is the content of slide 39 in lecture 9 presented?,lecture_9_slide_39_rectified-linear-units-relu.md
Could you describe image 1 from slide 27 in lecture 9?,lecture_9_slide_27_img1.md
What does image 1 on slide 27 of lecture 9 depict?,lecture_9_slide_27_img1.md
Can you explain the content of image 1 found on slide 27 of lecture 9?,lecture_9_slide_27_img1.md
Please elaborate on image 1 shown in slide 27 from lecture 9.,lecture_9_slide_27_img1.md
What is illustrated in image 1 of slide 27 from lecture 9?,lecture_9_slide_27_img1.md
Can you give an explanation of the first image on slide 27 of our ninth lecture?,lecture_9_slide_27_img1.md
Describe the elements of image 1 on slide 27 from the ninth lecture.,lecture_9_slide_27_img1.md
How would you interpret the first image on the 27th slide of lecture 9?,lecture_9_slide_27_img1.md
Could you analyze image 1 present in slide 27 of lecture 9?,lecture_9_slide_27_img1.md
What details are conveyed by image 1 on slide 27 in the ninth lecture?,lecture_9_slide_27_img1.md
Could you describe what is shown in image 1 on slide 37 of lecture 9?,lecture_9_slide_37_img1.md
What details are depicted in image 1 on slide 37 of lecture 9?,lecture_9_slide_37_img1.md
Please elaborate on the contents of image 1 from slide 37 of lecture 9.,lecture_9_slide_37_img1.md
Can you provide an explanation for image 1 in slide 37 from lecture 9?,lecture_9_slide_37_img1.md
What is illustrated in image 1 located on slide 37 of lecture 9?,lecture_9_slide_37_img1.md
Could you give an overview of image 1 in slide 37 of the ninth lecture?,lecture_9_slide_37_img1.md
How would you interpret the image 1 on slide 37 of lecture 9?,lecture_9_slide_37_img1.md
"Please analyze the image found on slide 37, specifically image 1, from lecture 9.",lecture_9_slide_37_img1.md
What does image 1 convey on slide 37 of lecture 9?,lecture_9_slide_37_img1.md
Could you clarify the information presented in image 1 on slide 37 of lecture 9?,lecture_9_slide_37_img1.md
Could you provide an explanation of slide 16 from lecture 9?,lecture_9_slide_16_adding-bias.md
What is explained on slide 16 in lecture 9?,lecture_9_slide_16_adding-bias.md
Can you describe the contents of slide 16 from lecture 9?,lecture_9_slide_16_adding-bias.md
What information is presented on slide 16 of lecture 9?,lecture_9_slide_16_adding-bias.md
Could you detail what's happening on slide 16 in lecture 9?,lecture_9_slide_16_adding-bias.md
What is being discussed in slide 16 of lecture 9?,lecture_9_slide_16_adding-bias.md
Could you go over the details of slide 16 from lecture 9?,lecture_9_slide_16_adding-bias.md
What is shown on slide 16 in lecture 9?,lecture_9_slide_16_adding-bias.md
Please clarify the subject of slide 16 from lecture 9.,lecture_9_slide_16_adding-bias.md
What are the key points highlighted on slide 16 of lecture 9?,lecture_9_slide_16_adding-bias.md
Could you describe the content of slide 27 from lecture 9?,lecture_9_slide_27_multilayer-perceptron-mlp.md
What is depicted in slide 27 of the ninth lecture?,lecture_9_slide_27_multilayer-perceptron-mlp.md
Can you provide an explanation of slide 27 in lecture 9?,lecture_9_slide_27_multilayer-perceptron-mlp.md
What information is presented on slide 27 of lecture 9?,lecture_9_slide_27_multilayer-perceptron-mlp.md
Please explain the details shown in slide 27 during lecture 9.,lecture_9_slide_27_multilayer-perceptron-mlp.md
What is the subject matter of slide 27 in the 9th lecture?,lecture_9_slide_27_multilayer-perceptron-mlp.md
Can you summarize the key points of slide 27 from the ninth lecture?,lecture_9_slide_27_multilayer-perceptron-mlp.md
What is the focus of slide 27 in lecture 9?,lecture_9_slide_27_multilayer-perceptron-mlp.md
Could you clarify what slide 27 of lecture 9 is about?,lecture_9_slide_27_multilayer-perceptron-mlp.md
What is being discussed on slide 27 in lecture 9?,lecture_9_slide_27_multilayer-perceptron-mlp.md
Could you describe what image 2 on slide 14 of lecture 9 shows?,lecture_9_slide_14_img2.md
What does the second image on the fourteenth slide of the ninth lecture represent?,lecture_9_slide_14_img2.md
Explain the second picture found on slide 14 from lecture 9.,lecture_9_slide_14_img2.md
Can you provide an explanation for image 2 on slide 14 in lecture 9?,lecture_9_slide_14_img2.md
What is depicted in the second image on slide 14 of the ninth lecture?,lecture_9_slide_14_img2.md
Could you break down image 2 on slide 14 from lecture 9?,lecture_9_slide_14_img2.md
Please interpret the second image presented on slide 14 of lecture 9.,lecture_9_slide_14_img2.md
What details are conveyed in image 2 on the fourteenth slide of lecture 9?,lecture_9_slide_14_img2.md
"How would you describe the content of the second image on slide 14, lecture 9?",lecture_9_slide_14_img2.md
What information can you provide about image 2 on slide 14 in the ninth lecture?,lecture_9_slide_14_img2.md
Can you clarify what's happening in slide 36 of lecture 9?,lecture_9_slide_36_vanishing-gradient-problem.md
Could you break down the content of slide 36 from lecture 9?,lecture_9_slide_36_vanishing-gradient-problem.md
Please explain the details of slide 36 from lecture 9.,lecture_9_slide_36_vanishing-gradient-problem.md
What information is being conveyed in slide 36 of lecture 9?,lecture_9_slide_36_vanishing-gradient-problem.md
Could you give me an overview of slide 36 from lecture 9?,lecture_9_slide_36_vanishing-gradient-problem.md
What is the main focus of slide 36 in lecture 9?,lecture_9_slide_36_vanishing-gradient-problem.md
Could you describe the key points presented on slide 36 of lecture 9?,lecture_9_slide_36_vanishing-gradient-problem.md
What are the concepts discussed in slide 36 from lecture 9?,lecture_9_slide_36_vanishing-gradient-problem.md
Can you provide a summary of slide 36 from lecture 9?,lecture_9_slide_36_vanishing-gradient-problem.md
What's the subject matter of slide 36 in lecture 9?,lecture_9_slide_36_vanishing-gradient-problem.md
Could you describe the content of slide 4 from lecture 9?,lecture_9_slide_4_ml-and-deep-learning-history.md
What is being discussed in slide 4 of the ninth lecture?,lecture_9_slide_4_ml-and-deep-learning-history.md
Can you explain the main points on slide 4 from lecture number 9?,lecture_9_slide_4_ml-and-deep-learning-history.md
What is the subject of slide 4 in the lecture on the ninth day?,lecture_9_slide_4_ml-and-deep-learning-history.md
Please provide an explanation for slide 4 of the ninth lecture.,lecture_9_slide_4_ml-and-deep-learning-history.md
What information is presented on slide 4 of the lecture 9 presentation?,lecture_9_slide_4_ml-and-deep-learning-history.md
Can you elaborate on the topics covered in slide 4 from the ninth lecture?,lecture_9_slide_4_ml-and-deep-learning-history.md
What details are highlighted on slide 4 in lecture 9?,lecture_9_slide_4_ml-and-deep-learning-history.md
Could you summarize the content of slide 4 from lecture 9?,lecture_9_slide_4_ml-and-deep-learning-history.md
What are the key elements on slide 4 in lecture 9?,lecture_9_slide_4_ml-and-deep-learning-history.md
Can you describe the content of slide 14 from lecture 9?,lecture_9_slide_14_activation-function.md
What details are presented in slide 14 of the ninth lecture?,lecture_9_slide_14_activation-function.md
Could you provide an explanation for what's depicted on slide 14 of lecture 9?,lecture_9_slide_14_activation-function.md
What information is conveyed in slide 14 of lecture 9?,lecture_9_slide_14_activation-function.md
How would you interpret the material on slide 14 of the ninth lecture?,lecture_9_slide_14_activation-function.md
What is happening in slide 14 of lecture 9?,lecture_9_slide_14_activation-function.md
Could you break down the details of slide 14 from the ninth lecture?,lecture_9_slide_14_activation-function.md
What's being covered on slide 14 during lecture 9?,lecture_9_slide_14_activation-function.md
Can you clarify the points made on slide 14 of lecture 9?,lecture_9_slide_14_activation-function.md
What are the key points illustrated in slide 14 of lecture 9?,lecture_9_slide_14_activation-function.md
Can you describe the contents of image 1 on slide 11 from lecture 9?,lecture_9_slide_11_img1.md
What does image 1 in slide 11 of lecture 9 depict?,lecture_9_slide_11_img1.md
Provide an explanation for image 1 found on slide 11 of the ninth lecture.,lecture_9_slide_11_img1.md
Could you explain what is shown in image 1 on slide 11 of lecture 9?,lecture_9_slide_11_img1.md
What is illustrated in image 1 on the eleventh slide of lecture 9?,lecture_9_slide_11_img1.md
Give a detailed explanation of image 1 on slide 11 from lecture 9.,lecture_9_slide_11_img1.md
What information is conveyed by image 1 on slide 11 in lecture 9?,lecture_9_slide_11_img1.md
Can you interpret image 1 present in slide 11 of our ninth lecture?,lecture_9_slide_11_img1.md
Please elucidate on what is displayed as image 1 in slide 11 of lecture 9.,lecture_9_slide_11_img1.md
What can be understood from image 1 on slide 11 of the ninth lecture?,lecture_9_slide_11_img1.md
Could you elaborate on the contents of slide 25 from lecture 9?,lecture_9_slide_25_perceptron.md
What details are presented in slide 25 of lecture 9?,lecture_9_slide_25_perceptron.md
Can you explain what's described on slide 25 of the ninth lecture?,lecture_9_slide_25_perceptron.md
What information is depicted on slide 25 in lecture 9?,lecture_9_slide_25_perceptron.md
Please clarify the points made on slide 25 of lecture 9.,lecture_9_slide_25_perceptron.md
What is the main focus of slide 25 from lecture number 9?,lecture_9_slide_25_perceptron.md
Could you break down the concepts shown on slide 25 in lecture 9?,lecture_9_slide_25_perceptron.md
What is discussed on slide 25 during lecture 9?,lecture_9_slide_25_perceptron.md
Can you provide an explanation of slide 25 in lecture 9?,lecture_9_slide_25_perceptron.md
What are the key elements on slide 25 of the ninth lecture?,lecture_9_slide_25_perceptron.md
Can you describe the content of image 1 found on slide 25 of lecture 9?,lecture_9_slide_25_img1.md
What information is presented in image 1 on slide 25 for lecture 9?,lecture_9_slide_25_img1.md
Provide an explanation for the first image displayed on slide 25 of the ninth lecture.,lecture_9_slide_25_img1.md
What does image 1 illustrate on the 25th slide of lecture 9?,lecture_9_slide_25_img1.md
Can you analyze the details and context of image 1 on the 25th slide in lecture 9?,lecture_9_slide_25_img1.md
How would you interpret the data shown in image 1 in slide 25 from lecture 9?,lecture_9_slide_25_img1.md
Please summarize the key points from image 1 on slide 25 of lecture 9.,lecture_9_slide_25_img1.md
What is depicted in image 1 of slide 25 during lecture 9?,lecture_9_slide_25_img1.md
Give an overview of the visual content in image 1 located on slide 25 of the ninth lecture.,lecture_9_slide_25_img1.md
How does image 1 on slide 25 of lecture 9 contribute to the lecture's main themes?,lecture_9_slide_25_img1.md
Could you describe what is depicted in image 3 on slide 38 of lecture 9?,lecture_9_slide_38_img3.md
What is the meaning of the third image on slide 38 from lecture 9?,lecture_9_slide_38_img3.md
Can you provide an explanation for image 3 found in slide 38 of the ninth lecture?,lecture_9_slide_38_img3.md
Please explain the third image on the 38th slide of lecture number 9.,lecture_9_slide_38_img3.md
What does image 3 illustrate on slide 38 in the ninth lecture?,lecture_9_slide_38_img3.md
Could you elaborate on the significance of image 3 on slide 38 from lecture 9?,lecture_9_slide_38_img3.md
What information is conveyed by the third image on slide 38 of lecture 9?,lecture_9_slide_38_img3.md
Can you summarize the content of image 3 located in slide 38 of lecture 9?,lecture_9_slide_38_img3.md
What is the concept represented by the third image on slide 38 in lecture 9?,lecture_9_slide_38_img3.md
How would you explain the details of image 3 on slide 38 in lecture 9?,lecture_9_slide_38_img3.md
Could you elaborate on the contents of slide 8 from lecture 9?,lecture_9_slide_8_from-biological-to-artificial-neurons.md
What information is presented on slide 8 of lecture 9?,lecture_9_slide_8_from-biological-to-artificial-neurons.md
Can you provide details about slide 8 from lecture 9?,lecture_9_slide_8_from-biological-to-artificial-neurons.md
What key points are discussed on slide 8 in lecture 9?,lecture_9_slide_8_from-biological-to-artificial-neurons.md
I need a detailed explanation of slide 8 from lecture 9.,lecture_9_slide_8_from-biological-to-artificial-neurons.md
What is covered in slide 8 of lecture 9?,lecture_9_slide_8_from-biological-to-artificial-neurons.md
Could you clarify the material on slide 8 of lecture 9?,lecture_9_slide_8_from-biological-to-artificial-neurons.md
What topics are addressed in slide 8 of lecture 9?,lecture_9_slide_8_from-biological-to-artificial-neurons.md
Please explain the content shown on slide 8 of lecture 9.,lecture_9_slide_8_from-biological-to-artificial-neurons.md
What is the main focus of slide 8 in lecture 9?,lecture_9_slide_8_from-biological-to-artificial-neurons.md
Can you clarify the content of slide 9 from lecture 9?,lecture_9_slide_9_notation-for-neural-networks.md
What are the key points being discussed on slide 9 of lecture 9?,lecture_9_slide_9_notation-for-neural-networks.md
Could you elaborate on what's depicted in slide 9 of lecture 9?,lecture_9_slide_9_notation-for-neural-networks.md
What information is presented on slide 9 of lecture 9?,lecture_9_slide_9_notation-for-neural-networks.md
Please explain the details shown on slide 9 in lecture 9.,lecture_9_slide_9_notation-for-neural-networks.md
What is the main focus of slide 9 in lecture 9?,lecture_9_slide_9_notation-for-neural-networks.md
Could you provide an explanation for slide 9 of lecture 9?,lecture_9_slide_9_notation-for-neural-networks.md
What topics are covered on slide 9 of lecture 9?,lecture_9_slide_9_notation-for-neural-networks.md
What does slide 9 in lecture 9 illustrate?,lecture_9_slide_9_notation-for-neural-networks.md
Can you summarize the contents of slide 9 from lecture 9?,lecture_9_slide_9_notation-for-neural-networks.md
Could you clarify the content of slide 30 in lecture 9?,lecture_9_slide_30_backpropagation.md
What information is presented on slide 30 of lecture 9?,lecture_9_slide_30_backpropagation.md
Can you elaborate on the details shown in slide 30 of lecture 9?,lecture_9_slide_30_backpropagation.md
What is the significance of slide 30 in lecture 9?,lecture_9_slide_30_backpropagation.md
Please explain the key points on slide 30 of lecture 9.,lecture_9_slide_30_backpropagation.md
What are the main topics covered in slide 30 from lecture 9?,lecture_9_slide_30_backpropagation.md
Can you describe what's happening in slide 30 in our ninth lecture?,lecture_9_slide_30_backpropagation.md
What does slide 30 of lecture 9 illustrate?,lecture_9_slide_30_backpropagation.md
Could you help me understand slide 30 in the context of lecture 9?,lecture_9_slide_30_backpropagation.md
What insights does slide 30 provide in lecture 9?,lecture_9_slide_30_backpropagation.md
Can you describe the content of slide 10 from lecture 9?,lecture_9_slide_10_linearity-and-non-linearity.md
What information is presented on the 10th slide of the ninth lecture?,lecture_9_slide_10_linearity-and-non-linearity.md
Could you elaborate on slide number 10 from lecture 9?,lecture_9_slide_10_linearity-and-non-linearity.md
What's depicted on slide 10 of lecture 9?,lecture_9_slide_10_linearity-and-non-linearity.md
Please explain what is shown in slide 10 of our ninth lecture.,lecture_9_slide_10_linearity-and-non-linearity.md
What is discussed on the tenth slide in lecture 9?,lecture_9_slide_10_linearity-and-non-linearity.md
Can you summarize the key points from slide 10 in lecture 9?,lecture_9_slide_10_linearity-and-non-linearity.md
What is happening on the 10th slide of the 9th lecture?,lecture_9_slide_10_linearity-and-non-linearity.md
Please provide a detailed explanation of slide 10 from our ninth lecture.,lecture_9_slide_10_linearity-and-non-linearity.md
What does slide 10 of lecture 9 illustrate or convey?,lecture_9_slide_10_linearity-and-non-linearity.md
Could you describe what's depicted in image 2 on slide 30 of lecture 9?,lecture_9_slide_30_img2.md
What details are shown in image 2 of slide 30 from lecture 9?,lecture_9_slide_30_img2.md
Can you interpret the content of image 2 found on slide 30 in lecture 9?,lecture_9_slide_30_img2.md
Please explain the elements present in image 2 of slide 30 in lecture 9.,lecture_9_slide_30_img2.md
What is illustrated in image 2 on slide 30 of lecture 9?,lecture_9_slide_30_img2.md
How would you expound on image 2 of slide 30 from lecture 9?,lecture_9_slide_30_img2.md
Could you clarify the information presented in image 2 on slide 30 of lecture 9?,lecture_9_slide_30_img2.md
Would you mind explaining the contents of image 2 on slide 30 in lecture 9?,lecture_9_slide_30_img2.md
Can you provide an analysis of image 2 on slide 30 in lecture 9?,lecture_9_slide_30_img2.md
What is the significance of image 2 on slide 30 from lecture 9?,lecture_9_slide_30_img2.md
Could you describe the contents of slide 13 from lecture 9?,lecture_9_slide_13_activation-functions.md
What information is presented in slide 13 of lecture 9?,lecture_9_slide_13_activation-functions.md
Can you provide an explanation of what's displayed on slide 13 of lecture 9?,lecture_9_slide_13_activation-functions.md
What details are included in slide 13 of lecture 9?,lecture_9_slide_13_activation-functions.md
Would you mind explaining slide 13 from lecture 9?,lecture_9_slide_13_activation-functions.md
What topic is being discussed on slide 13 in lecture 9?,lecture_9_slide_13_activation-functions.md
Could you clarify the main points on slide 13 from lecture 9?,lecture_9_slide_13_activation-functions.md
What is shown on slide 13 in the ninth lecture?,lecture_9_slide_13_activation-functions.md
Can you break down the information found on slide 13 of lecture 9?,lecture_9_slide_13_activation-functions.md
What does slide 13 of lecture 9 illustrate?,lecture_9_slide_13_activation-functions.md
Could you clarify the content presented on slide 20 of lecture 9?,lecture_9_slide_20_threshold-logic-units-tlus.md
What details are explained in slide 20 of lecture 9?,lecture_9_slide_20_threshold-logic-units-tlus.md
Can you provide an explanation for the information on slide 20 of lecture 9?,lecture_9_slide_20_threshold-logic-units-tlus.md
What topics are covered on slide 20 of lecture 9?,lecture_9_slide_20_threshold-logic-units-tlus.md
Please describe what is being discussed on slide 20 of lecture 9.,lecture_9_slide_20_threshold-logic-units-tlus.md
What is the main focus of slide 20 in lecture 9?,lecture_9_slide_20_threshold-logic-units-tlus.md
Could you elaborate on the key points from slide 20 in lecture 9?,lecture_9_slide_20_threshold-logic-units-tlus.md
What is happening on slide 20 of lecture 9?,lecture_9_slide_20_threshold-logic-units-tlus.md
Can you summarize the contents of slide 20 in lecture 9?,lecture_9_slide_20_threshold-logic-units-tlus.md
What are the primary elements shown on slide 20 of lecture 9?,lecture_9_slide_20_threshold-logic-units-tlus.md
Could you elaborate on what image 3 in slide 30 of lecture 9 depicts?,lecture_9_slide_30_img3.md
What details can you provide about the third image on slide 30 from lecture 9?,lecture_9_slide_30_img3.md
"Can you explain the content and significance of the image found on slide 30, image 3, in lecture 9?",lecture_9_slide_30_img3.md
Please provide an explanation of the image labeled as image 3 on slide 30 of the ninth lecture.,lecture_9_slide_30_img3.md
"What is the context and explanation behind slide 30, image 3, from lecture 9?",lecture_9_slide_30_img3.md
Could you describe the image presented as the third picture on slide 30 in lecture 9?,lecture_9_slide_30_img3.md
What does the third image on the 30th slide of lecture 9 represent?,lecture_9_slide_30_img3.md
Can you give an overview of image 3 found on slide 30 from the lecture 9 presentation?,lecture_9_slide_30_img3.md
What information is conveyed by the third image on slide 30 of our ninth lecture?,lecture_9_slide_30_img3.md
I'd like some clarification on the image numbered 3 on slide 30 in the ninth lecture.,lecture_9_slide_30_img3.md
Can you describe the content of image 1 found on slide 24 of lecture 9?,lecture_9_slide_24_img1.md
What is depicted in image 1 on slide 24 from lecture 9?,lecture_9_slide_24_img1.md
Please explain what is shown in image 1 on slide 24 of lecture 9.,lecture_9_slide_24_img1.md
Could you elucidate the details of image 1 on slide 24 in lecture 9?,lecture_9_slide_24_img1.md
What information is conveyed by image 1 on slide 24 of lecture 9?,lecture_9_slide_24_img1.md
Can you provide an explanation for image 1 on slide 24 of lecture 9?,lecture_9_slide_24_img1.md
What does image 1 on slide 24 of lecture 9 illustrate?,lecture_9_slide_24_img1.md
Please describe the elements present in image 1 on slide 24 of lecture 9.,lecture_9_slide_24_img1.md
Could you clarify the significance of image 1 on slide 24 in lecture 9?,lecture_9_slide_24_img1.md
What is the main takeaway from image 1 on slide 24 of lecture 9?,lecture_9_slide_24_img1.md
Could you describe the contents of slide 15 in lecture 9?,lecture_9_slide_15_bias.md
What is happening on slide 15 of lecture 9?,lecture_9_slide_15_bias.md
Please explain the information presented on slide 15 in lecture 9.,lecture_9_slide_15_bias.md
What details are provided on slide 15 of lecture 9?,lecture_9_slide_15_bias.md
Can you elaborate on the points covered in slide 15 of lecture 9?,lecture_9_slide_15_bias.md
What topics are discussed on slide 15 of lecture 9?,lecture_9_slide_15_bias.md
Could you give an overview of slide 15 from lecture 9?,lecture_9_slide_15_bias.md
What is depicted on slide 15 of lecture 9?,lecture_9_slide_15_bias.md
Can you summarize the main ideas on slide 15 of lecture 9?,lecture_9_slide_15_bias.md
What are the key elements shown on slide 15 in lecture 9?,lecture_9_slide_15_bias.md
Could you describe what is shown in image 1 of slide 11 from lecture 13?,lecture_13_slide_11_img1.md
What information does image 1 in slide 11 of lecture 13 convey?,lecture_13_slide_11_img1.md
Can you explain the contents of image 1 located on slide 11 in lecture 13?,lecture_13_slide_11_img1.md
Please interpret the details presented in image 1 on slide 11 from lecture 13.,lecture_13_slide_11_img1.md
What is depicted in image 1 of slide 11 in lecture 13?,lecture_13_slide_11_img1.md
Could you provide an explanation for image 1 found on slide 11 of lecture 13?,lecture_13_slide_11_img1.md
What does image 1 illustrate in slide 11 of lecture 13?,lecture_13_slide_11_img1.md
Can you clarify the subject of image 1 shown on slide 11 in lecture 13?,lecture_13_slide_11_img1.md
"Please explain the significance of the image on slide 11, image 1, from lecture 13.",lecture_13_slide_11_img1.md
What details are highlighted in image 1 of slide 11 during lecture 13?,lecture_13_slide_11_img1.md
Could you clarify what is being presented on slide 12 of lecture 13?,lecture_13_slide_12_choosing-correct-kernel-size.md
Can you provide an explanation for the contents of slide 12 from lecture 13?,lecture_13_slide_12_choosing-correct-kernel-size.md
What information is depicted on slide 12 of lecture 13?,lecture_13_slide_12_choosing-correct-kernel-size.md
Please explain the details of slide 12 in lecture 13.,lecture_13_slide_12_choosing-correct-kernel-size.md
What is the main focus of slide 12 in lecture 13?,lecture_13_slide_12_choosing-correct-kernel-size.md
Can you interpret the content featured on slide 12 of lecture 13?,lecture_13_slide_12_choosing-correct-kernel-size.md
How would you describe the material on slide 12 of lecture 13?,lecture_13_slide_12_choosing-correct-kernel-size.md
What is being discussed on slide 12 in the 13th lecture?,lecture_13_slide_12_choosing-correct-kernel-size.md
Could you summarize what slide 12 of lecture 13 is about?,lecture_13_slide_12_choosing-correct-kernel-size.md
What are the key points made on slide 12 of lecture 13?,lecture_13_slide_12_choosing-correct-kernel-size.md
Can you describe what is happening in slide 31 of lecture 13?,lecture_13_slide_31_adversarial-training.md
What details are presented in slide 31 of lecture 13?,lecture_13_slide_31_adversarial-training.md
Could you explain the content on slide 31 from lecture 13?,lecture_13_slide_31_adversarial-training.md
What information is covered on slide 31 in lecture 13?,lecture_13_slide_31_adversarial-training.md
Please break down the points on slide 31 of lecture 13.,lecture_13_slide_31_adversarial-training.md
What is depicted in slide 31 of the 13th lecture?,lecture_13_slide_31_adversarial-training.md
Provide an explanation for the content on slide 31 of lecture 13.,lecture_13_slide_31_adversarial-training.md
What are the key points of slide 31 in lecture 13?,lecture_13_slide_31_adversarial-training.md
How would you interpret slide 31 from lecture 13?,lecture_13_slide_31_adversarial-training.md
What does slide 31 of lecture 13 discuss?,lecture_13_slide_31_adversarial-training.md
Can you describe the contents of slide 17 from lecture 13?,lecture_13_slide_17_cnn-components.md
What is being presented in slide 17 of lecture 13?,lecture_13_slide_17_cnn-components.md
Could you explain the key points on slide 17 in lecture 13?,lecture_13_slide_17_cnn-components.md
What information is shown on slide 17 of lecture 13?,lecture_13_slide_17_cnn-components.md
Please clarify what slide 17 from lecture 13 is about.,lecture_13_slide_17_cnn-components.md
What details are highlighted in slide 17 of lecture 13?,lecture_13_slide_17_cnn-components.md
Could you provide an explanation of slide 17 from lecture 13?,lecture_13_slide_17_cnn-components.md
What does slide 17 in lecture 13 illustrate?,lecture_13_slide_17_cnn-components.md
Can you offer an overview of slide 17 from lecture 13?,lecture_13_slide_17_cnn-components.md
What are the main topics covered on slide 17 of lecture 13?,lecture_13_slide_17_cnn-components.md
Could you break down the content of slide 34 from lecture 13?,lecture_13_slide_34_generative-adversarial-networks.md
What are the main points discussed in slide 34 of lecture 13?,lecture_13_slide_34_generative-adversarial-networks.md
Could you elaborate on the details provided in slide 34 from lecture 13?,lecture_13_slide_34_generative-adversarial-networks.md
What information is conveyed in slide 34 of the thirteenth lecture?,lecture_13_slide_34_generative-adversarial-networks.md
Can you explain the key concepts presented in slide 34 of lecture 13?,lecture_13_slide_34_generative-adversarial-networks.md
What are the significant aspects mentioned in slide 34 of lecture 13?,lecture_13_slide_34_generative-adversarial-networks.md
Please describe what is presented in slide 34 of lecture 13.,lecture_13_slide_34_generative-adversarial-networks.md
Could you summarize the information on slide 34 from lecture 13?,lecture_13_slide_34_generative-adversarial-networks.md
What is the content of slide 34 in lecture 13 discussing?,lecture_13_slide_34_generative-adversarial-networks.md
Can you provide an explanation of the material on slide 34 from the 13th lecture?,lecture_13_slide_34_generative-adversarial-networks.md
Could you clarify what is depicted on slide 18 of lecture 13?,lecture_13_slide_18_cnn-example.md
What information is being presented on slide 18 in lecture 13?,lecture_13_slide_18_cnn-example.md
Could you provide an explanation for the content on slide 18 from lecture 13?,lecture_13_slide_18_cnn-example.md
What is the main focus of slide 18 in lecture 13?,lecture_13_slide_18_cnn-example.md
Can you summarize the key points shown on slide 18 of lecture 13?,lecture_13_slide_18_cnn-example.md
Could you describe what slide 18 in lecture 13 is illustrating?,lecture_13_slide_18_cnn-example.md
What details are covered on slide 18 of lecture 13?,lecture_13_slide_18_cnn-example.md
Please explain the concepts highlighted on slide 18 in lecture 13.,lecture_13_slide_18_cnn-example.md
What is happening on slide 18 of lecture 13?,lecture_13_slide_18_cnn-example.md
Could you interpret the data or information presented on slide 18 of lecture 13?,lecture_13_slide_18_cnn-example.md
Could you elaborate on the content of slide 25 from lecture 13?,lecture_13_slide_25_adversarial-examples.md
What information is presented on slide 25 of lecture 13?,lecture_13_slide_25_adversarial-examples.md
Can you break down the key points on slide 25 of lecture 13?,lecture_13_slide_25_adversarial-examples.md
Please clarify the details shown on slide 25 from lecture 13.,lecture_13_slide_25_adversarial-examples.md
What are the main topics covered in slide 25 of lecture 13?,lecture_13_slide_25_adversarial-examples.md
Could you discuss what slide 25 in lecture 13 is addressing?,lecture_13_slide_25_adversarial-examples.md
What is the focus of slide 25 in the context of lecture 13?,lecture_13_slide_25_adversarial-examples.md
Can you sum up the discussion on slide 25 from lecture 13?,lecture_13_slide_25_adversarial-examples.md
Would you mind explaining the significance of slide 25 in lecture 13?,lecture_13_slide_25_adversarial-examples.md
What is the objective of slide 25 in lecture 13?,lecture_13_slide_25_adversarial-examples.md
Can you describe the content of slide 2 from lecture 13?,lecture_13_slide_2_overview.md
What is happening in the second slide of lecture 13?,lecture_13_slide_2_overview.md
Could you elaborate on the details of slide 2 in lecture 13?,lecture_13_slide_2_overview.md
What information is presented on slide 2 of lecture 13?,lecture_13_slide_2_overview.md
Please explain the key points on slide 2 from lecture 13.,lecture_13_slide_2_overview.md
What does slide 2 of lecture 13 illustrate?,lecture_13_slide_2_overview.md
Could you provide insights into slide 2 of lecture 13?,lecture_13_slide_2_overview.md
What are the main topics covered on slide 2 of lecture 13?,lecture_13_slide_2_overview.md
How is the content on slide 2 of lecture 13 structured?,lecture_13_slide_2_overview.md
Can you summarize the details of slide 2 from lecture 13?,lecture_13_slide_2_overview.md
Could you clarify the content presented in slide 10 of lecture 13?,lecture_13_slide_10_design-convolutional-layer.md
What are the details covered in slide 10 of lecture 13?,lecture_13_slide_10_design-convolutional-layer.md
Can you describe the information displayed on slide 10 of lecture 13?,lecture_13_slide_10_design-convolutional-layer.md
What is the main focus of slide 10 in lecture 13?,lecture_13_slide_10_design-convolutional-layer.md
Would you explain the main points from slide 10 of lecture 13?,lecture_13_slide_10_design-convolutional-layer.md
What information is being communicated in slide 10 of lecture 13?,lecture_13_slide_10_design-convolutional-layer.md
Can you summarize the key aspects of slide 10 from lecture 13?,lecture_13_slide_10_design-convolutional-layer.md
What does slide 10 of lecture 13 pertain to?,lecture_13_slide_10_design-convolutional-layer.md
How can you interpret the data on slide 10 of lecture 13?,lecture_13_slide_10_design-convolutional-layer.md
What insights can be gathered from slide 10 of lecture 13?,lecture_13_slide_10_design-convolutional-layer.md
Could you describe the contents of image 1 found on slide 10 in lecture 13?,lecture_13_slide_10_img1.md
What does image 1 on slide 10 of lecture 13 illustrate?,lecture_13_slide_10_img1.md
Can you provide an explanation for the first image shown on slide 10 in lecture 13?,lecture_13_slide_10_img1.md
What information is conveyed by image 1 on the 10th slide of lecture 13?,lecture_13_slide_10_img1.md
How would you interpret the content of image 1 on slide 10 in lecture 13?,lecture_13_slide_10_img1.md
Please elaborate on the details depicted in image 1 on the 10th slide of lecture 13.,lecture_13_slide_10_img1.md
Could you clarify what is shown in the first image on slide 10 of lecture 13?,lecture_13_slide_10_img1.md
What is the significance of image 1 on slide 10 from lecture 13?,lecture_13_slide_10_img1.md
Can you analyze the first image presented on slide 10 in lecture 13?,lecture_13_slide_10_img1.md
What does the image presented on slide 10 of lecture 13 depict?,lecture_13_slide_10_img1.md
Can you describe what's happening on slide 37 of lecture 13?,lecture_13_slide_37_recap-gans.md
What details are presented on slide 37 of the 13th lecture?,lecture_13_slide_37_recap-gans.md
Could you break down the content of slide 37 from lecture 13?,lecture_13_slide_37_recap-gans.md
What's depicted on slide 37 of lecture 13?,lecture_13_slide_37_recap-gans.md
Please explain the information shown on slide 37 of lecture 13.,lecture_13_slide_37_recap-gans.md
What is the subject matter of slide 37 in lecture 13?,lecture_13_slide_37_recap-gans.md
Slide 37 in lecture 13: Could you clarify what it covers?,lecture_13_slide_37_recap-gans.md
How would you interpret the data or information on slide 37 of lecture 13?,lecture_13_slide_37_recap-gans.md
What is being explained on slide 37 in the 13th lecture?,lecture_13_slide_37_recap-gans.md
Can you go over the main points on slide 37 of lecture 13?,lecture_13_slide_37_recap-gans.md
Please provide an explanation of the image in slide 7 from lecture 13.,lecture_13_slide_7_img1.md
Can you describe the contents of image 1 found in slide 7 of lecture 13?,lecture_13_slide_7_img1.md
What does image 1 depict in slide 7 of the 13th lecture?,lecture_13_slide_7_img1.md
Could you elucidate the details of image 1 on slide 7 in lecture 13?,lecture_13_slide_7_img1.md
"Give an overview of the picture in slide 7, lecture 13.",lecture_13_slide_7_img1.md
What information is conveyed by the image on slide 7 in lecture 13?,lecture_13_slide_7_img1.md
Can you break down the image located on slide 7 of lecture 13?,lecture_13_slide_7_img1.md
Would you mind explaining the significance of image 1 on slide 7 in lecture 13?,lecture_13_slide_7_img1.md
Could you interpret the visual information presented on slide 7 of lecture 13?,lecture_13_slide_7_img1.md
What are the details and context of the image in slide 7 from lecture 13?,lecture_13_slide_7_img1.md
Could you describe the content presented on slide 20 of lecture 13?,lecture_13_slide_20_recap-cnn.md
What is the main explanation given on slide 20 in lecture 13?,lecture_13_slide_20_recap-cnn.md
Can you clarify what is happening in slide 20 from lecture 13?,lecture_13_slide_20_recap-cnn.md
Could you interpret the information shown in slide 20 of the 13th lecture?,lecture_13_slide_20_recap-cnn.md
What does slide 20 of lecture 13 illustrate or explain?,lecture_13_slide_20_recap-cnn.md
Please provide an explanation of the material on slide 20 from lecture 13.,lecture_13_slide_20_recap-cnn.md
What are the key points covered in slide 20 of lecture 13?,lecture_13_slide_20_recap-cnn.md
How would you summarize the content of slide 20 in the 13th lecture?,lecture_13_slide_20_recap-cnn.md
Could you tell me what slide 20 from lecture 13 is about?,lecture_13_slide_20_recap-cnn.md
What explanation does slide 20 in lecture 13 offer?,lecture_13_slide_20_recap-cnn.md
Can you describe the contents of slide 7 from lecture 13?,lecture_13_slide_7_convolutional-neural-networks-cnn.md
What information is being presented on the seventh slide of lecture 13?,lecture_13_slide_7_convolutional-neural-networks-cnn.md
Could you explain the details shown on slide 7 of lecture 13?,lecture_13_slide_7_convolutional-neural-networks-cnn.md
What is depicted in the slide 7 of our thirteenth lecture?,lecture_13_slide_7_convolutional-neural-networks-cnn.md
Please elaborate on the material in slide 7 of lecture 13.,lecture_13_slide_7_convolutional-neural-networks-cnn.md
What's the subject matter of slide 7 from the thirteenth lecture?,lecture_13_slide_7_convolutional-neural-networks-cnn.md
How would you summarize what's on slide 7 of lecture 13?,lecture_13_slide_7_convolutional-neural-networks-cnn.md
What key points are covered on the seventh slide in lecture 13?,lecture_13_slide_7_convolutional-neural-networks-cnn.md
Can you break down the content of slide 7 from lecture 13 for me?,lecture_13_slide_7_convolutional-neural-networks-cnn.md
What is explained or shown in slide number 7 of the thirteenth lecture?,lecture_13_slide_7_convolutional-neural-networks-cnn.md
Can you provide a detailed explanation of slide 32 from lecture 13?,lecture_13_slide_32_adversarial-training.md
Could you clarify the content presented on slide 32 of lecture 13?,lecture_13_slide_32_adversarial-training.md
What information is conveyed in slide 32 of the thirteenth lecture?,lecture_13_slide_32_adversarial-training.md
I'd like an explanation of what's depicted in slide 32 from our 13th lecture.,lecture_13_slide_32_adversarial-training.md
Can you break down the details shown on slide 32 in the 13th lecture?,lecture_13_slide_32_adversarial-training.md
Please explain the main points covered in slide 32 of lecture 13.,lecture_13_slide_32_adversarial-training.md
What are the key elements discussed in slide 32 of our lecture 13?,lecture_13_slide_32_adversarial-training.md
Could you elaborate on the topics illustrated on slide 32 from lecture 13?,lecture_13_slide_32_adversarial-training.md
What insights are provided on slide 32 of the 13th lecture?,lecture_13_slide_32_adversarial-training.md
How would you interpret the content of slide 32 in lecture 13?,lecture_13_slide_32_adversarial-training.md
Could you clarify the content discussed on slide 11 of lecture 13?,lecture_13_slide_11_cnn-components.md
What information is presented on slide 11 of the 13th lecture?,lecture_13_slide_11_cnn-components.md
Can you elaborate on the points made in slide 11 of lecture 13?,lecture_13_slide_11_cnn-components.md
What is the main idea conveyed in slide 11 from lecture 13?,lecture_13_slide_11_cnn-components.md
Please provide an explanation for the material covered in slide 11 of lecture 13.,lecture_13_slide_11_cnn-components.md
How would you describe the concepts shown on slide 11 of the 13th lecture?,lecture_13_slide_11_cnn-components.md
What are the key takeaways from slide 11 in lecture 13?,lecture_13_slide_11_cnn-components.md
Can you break down the details of slide 11 from chapter 13 for me?,lecture_13_slide_11_cnn-components.md
What discussion does slide 11 of the 13th lecture entail?,lecture_13_slide_11_cnn-components.md
Can you summarize the content of slide 11 from lecture 13?,lecture_13_slide_11_cnn-components.md
Could you provide a summary of the content on slide 33 from lecture 13?,lecture_13_slide_33_generative-adversarial-networks-gans.md
What is depicted or explained on slide 33 of lecture 13?,lecture_13_slide_33_generative-adversarial-networks-gans.md
Can you describe what slide 33 of lecture 13 covers?,lecture_13_slide_33_generative-adversarial-networks-gans.md
What information is presented in slide 33 of lecture 13?,lecture_13_slide_33_generative-adversarial-networks-gans.md
Could you elaborate on the details shown in slide 33 of lecture 13?,lecture_13_slide_33_generative-adversarial-networks-gans.md
What are the key topics discussed on slide 33 of lecture 13?,lecture_13_slide_33_generative-adversarial-networks-gans.md
What is the main focus of slide 33 in lecture 13?,lecture_13_slide_33_generative-adversarial-networks-gans.md
Can you clarify the content of slide 33 from lecture 13?,lecture_13_slide_33_generative-adversarial-networks-gans.md
What concepts are illustrated in slide 33 of lecture 13?,lecture_13_slide_33_generative-adversarial-networks-gans.md
What does slide 33 of lecture 13 illustrate or convey?,lecture_13_slide_33_generative-adversarial-networks-gans.md
Could you clarify what's being presented on slide 19 of lecture 13?,lecture_13_slide_19_code-snippet.md
What details are covered in slide 19 from lecture 13?,lecture_13_slide_19_code-snippet.md
Can you describe the contents of slide 19 from lecture 13?,lecture_13_slide_19_code-snippet.md
Would you mind explaining the information on slide 19 of lecture 13?,lecture_13_slide_19_code-snippet.md
What is the main focus of slide 19 in lecture 13?,lecture_13_slide_19_code-snippet.md
How would you summarize the key points on slide 19 of lecture 13?,lecture_13_slide_19_code-snippet.md
What insights are provided on slide 19 of lecture 13?,lecture_13_slide_19_code-snippet.md
Could you elaborate on the topic discussed in slide 19 of lecture 13?,lecture_13_slide_19_code-snippet.md
What is the slide 19 in lecture 13 all about?,lecture_13_slide_19_code-snippet.md
Can you provide an overview of what slide 19 in lecture 13 discusses?,lecture_13_slide_19_code-snippet.md
Could you clarify the content displayed on slide 5 of lecture 13?,lecture_13_slide_5_cnn-vs-dnn.md
Can you elaborate on what's depicted in slide 5 of lecture 13?,lecture_13_slide_5_cnn-vs-dnn.md
What information is being presented in slide 5 of lecture 13?,lecture_13_slide_5_cnn-vs-dnn.md
Can you provide an explanation for the details on slide 5 of lecture 13?,lecture_13_slide_5_cnn-vs-dnn.md
Could you describe the main points covered in slide 5 of lecture 13?,lecture_13_slide_5_cnn-vs-dnn.md
What is the significance of the material on slide 5 in lecture 13?,lecture_13_slide_5_cnn-vs-dnn.md
Can you interpret the data or diagrams shown in slide 5 of lecture 13?,lecture_13_slide_5_cnn-vs-dnn.md
Please explain the theory or concept highlighted in slide 5 of lecture 13.,lecture_13_slide_5_cnn-vs-dnn.md
Could you summarize the key topics discussed in slide 5 of lecture 13?,lecture_13_slide_5_cnn-vs-dnn.md
What are the crucial elements illustrated in slide 5 of lecture 13?,lecture_13_slide_5_cnn-vs-dnn.md
Can you describe the content of slide 26 from lecture 13?,lecture_13_slide_26_adversarial-examples.md
What details are presented on slide 26 of lecture 13?,lecture_13_slide_26_adversarial-examples.md
Could you interpret the information shown on slide 26 of lecture 13?,lecture_13_slide_26_adversarial-examples.md
Please explain the main points discussed on slide 26 of lecture 13.,lecture_13_slide_26_adversarial-examples.md
What explanations accompany slide 26 in lecture 13?,lecture_13_slide_26_adversarial-examples.md
Would you mind summarizing the content of slide 26 from lecture 13?,lecture_13_slide_26_adversarial-examples.md
What are the key concepts illustrated in slide 26 of lecture 13?,lecture_13_slide_26_adversarial-examples.md
Could you give an overview of slide 26 from lecture 13?,lecture_13_slide_26_adversarial-examples.md
What is the significance of the data or information on slide 26 in lecture 13?,lecture_13_slide_26_adversarial-examples.md
How would you elucidate the material on slide 26 of lecture 13?,lecture_13_slide_26_adversarial-examples.md
Could you describe the contents of slide 6 in lecture 13?,lecture_13_slide_6_convolutional-neural-networks-cnn.md
What details are presented on slide 6 of lecture 13?,lecture_13_slide_6_convolutional-neural-networks-cnn.md
Can you provide an explanation for slide 6 from lecture 13?,lecture_13_slide_6_convolutional-neural-networks-cnn.md
What's happening in slide 6 of lecture 13?,lecture_13_slide_6_convolutional-neural-networks-cnn.md
Please explain the information on slide 6 of lecture 13.,lecture_13_slide_6_convolutional-neural-networks-cnn.md
Can you clarify the points made on slide 6 of lecture 13?,lecture_13_slide_6_convolutional-neural-networks-cnn.md
What is being discussed in slide 6 from lecture 13?,lecture_13_slide_6_convolutional-neural-networks-cnn.md
Provide an overview of what is shown in slide 6 of lecture 13.,lecture_13_slide_6_convolutional-neural-networks-cnn.md
What key concepts are covered in slide 6 of lecture 13?,lecture_13_slide_6_convolutional-neural-networks-cnn.md
How is the subject matter presented on slide 6 of lecture 13?,lecture_13_slide_6_convolutional-neural-networks-cnn.md
Could you elaborate on the contents of slide 15 from lecture 13?,lecture_13_slide_15_cnn-components.md
What are the key points discussed on slide 15 of lecture 13?,lecture_13_slide_15_cnn-components.md
Can you detail the information presented on slide 15 in lecture 13?,lecture_13_slide_15_cnn-components.md
What is the main focus of slide 15 in the 13th lecture?,lecture_13_slide_15_cnn-components.md
How would you explain the material on slide 15 from today's lecture 13?,lecture_13_slide_15_cnn-components.md
Please summarize the themes covered in slide 15 of lecture 13.,lecture_13_slide_15_cnn-components.md
What concepts are introduced on slide 15 of lecture 13?,lecture_13_slide_15_cnn-components.md
Can you clarify what's depicted on slide 15 of the 13th lecture?,lecture_13_slide_15_cnn-components.md
What topics are addressed in slide 15 during lecture 13?,lecture_13_slide_15_cnn-components.md
What is the content description for slide 15 of lecture 13?,lecture_13_slide_15_cnn-components.md
Could you describe the contents of image 1 found on slide 13 of lecture 13?,lecture_13_slide_13_img1.md
What details can you provide about image 1 in slide 13 from lecture 13?,lecture_13_slide_13_img1.md
Can you explain what is depicted in image 1 on slide 13 of lecture 13?,lecture_13_slide_13_img1.md
What information does image 1 on slide 13 of lecture 13 convey?,lecture_13_slide_13_img1.md
Please explain the significance of image 1 as shown on slide 13 in lecture 13.,lecture_13_slide_13_img1.md
What is illustrated in image 1 on slide 13 of lecture 13?,lecture_13_slide_13_img1.md
Could you interpret the details of image 1 presented on slide 13 from lecture 13?,lecture_13_slide_13_img1.md
Describe the main features of image 1 located on slide 13 of lecture 13.,lecture_13_slide_13_img1.md
What is the context and content of image 1 on slide 13 within lecture 13?,lecture_13_slide_13_img1.md
How would you summarize what image 1 on slide 13 of lecture 13 represents?,lecture_13_slide_13_img1.md
Could you describe what's happening on slide 35 of lecture 13?,lecture_13_slide_35_difficulties-of-training-gans.md
What information is presented on slide 35 of lecture 13?,lecture_13_slide_35_difficulties-of-training-gans.md
"Can you clarify the details shown in lecture 13, slide 35?",lecture_13_slide_35_difficulties-of-training-gans.md
What key concepts are illustrated on slide 35 in lecture 13?,lecture_13_slide_35_difficulties-of-training-gans.md
How does slide 35 of lecture 13 contribute to the overall lecture content?,lecture_13_slide_35_difficulties-of-training-gans.md
What is the main focus of slide 35 in lecture 13?,lecture_13_slide_35_difficulties-of-training-gans.md
Can you summarize the content of slide 35 in lecture 13?,lecture_13_slide_35_difficulties-of-training-gans.md
What are the significant points covered on slide 35 of lecture 13?,lecture_13_slide_35_difficulties-of-training-gans.md
Could you explain the material on slide 35 of lecture 13 in detail?,lecture_13_slide_35_difficulties-of-training-gans.md
What is the subject matter of slide 35 in lecture 13?,lecture_13_slide_35_difficulties-of-training-gans.md
Could you clarify the content on slide 4 of lecture 13?,lecture_13_slide_4_convolutional-neural-networks-cnn.md
What is the main topic discussed on slide 4 in lecture 13?,lecture_13_slide_4_convolutional-neural-networks-cnn.md
Can you break down the concepts presented in slide 4 of lecture 13?,lecture_13_slide_4_convolutional-neural-networks-cnn.md
Please explain the details shown on slide 4 of lecture 13.,lecture_13_slide_4_convolutional-neural-networks-cnn.md
What are the key points covered on slide 4 during lecture 13?,lecture_13_slide_4_convolutional-neural-networks-cnn.md
Could you analyze the information presented on slide 4 of lecture 13?,lecture_13_slide_4_convolutional-neural-networks-cnn.md
What is happening on slide 4 of lecture 13?,lecture_13_slide_4_convolutional-neural-networks-cnn.md
Could you interpret the data or diagram on slide 4 of lecture 13?,lecture_13_slide_4_convolutional-neural-networks-cnn.md
What is being presented in slide 4 of lecture 13?,lecture_13_slide_4_convolutional-neural-networks-cnn.md
Can you summarize what is illustrated on slide 4 of lecture 13?,lecture_13_slide_4_convolutional-neural-networks-cnn.md
Could you elaborate on the content of image 2 found on slide 13 from lecture 13?,lecture_13_slide_13_img2.md
What is the explanation for image 2 in slide 13 of lecture 13?,lecture_13_slide_13_img2.md
Can you describe what image 2 depicts on slide 13 of lecture 13?,lecture_13_slide_13_img2.md
Please provide details about image 2 on slide 13 from lecture 13.,lecture_13_slide_13_img2.md
"What does image 2 show in slide 13 of lecture 13, and can you explain it?",lecture_13_slide_13_img2.md
Could you detail the information presented in image 2 on slide 13 of lecture 13?,lecture_13_slide_13_img2.md
What are the key points of image 2 featured on slide 13 in lecture 13?,lecture_13_slide_13_img2.md
How would you interpret image 2 on slide 13 of lecture 13?,lecture_13_slide_13_img2.md
Please explain the significance of image 2 on slide 13 of our lecture 13.,lecture_13_slide_13_img2.md
Could you give a breakdown of the elements seen in image 2 on slide 13 of lecture 13?,lecture_13_slide_13_img2.md
Could you clarify the content presented on slide 29 from lecture 13?,lecture_13_slide_29_generative-adversarial-networks.md
What details are being illustrated on slide 29 of the thirteenth lecture?,lecture_13_slide_29_generative-adversarial-networks.md
Can you provide an explanation of the information shown on slide 29 in lecture 13?,lecture_13_slide_29_generative-adversarial-networks.md
What is the main message conveyed on slide 29 of lecture 13?,lecture_13_slide_29_generative-adversarial-networks.md
Please interpret the key points on slide 29 from the 13th lecture.,lecture_13_slide_29_generative-adversarial-networks.md
What are the central themes discussed on slide 29 in the 13th lecture?,lecture_13_slide_29_generative-adversarial-networks.md
Could you give a brief overview of what is depicted on slide 29 in lecture 13?,lecture_13_slide_29_generative-adversarial-networks.md
What concepts are highlighted on slide 29 of lecture 13?,lecture_13_slide_29_generative-adversarial-networks.md
Can you summarize the content shown on slide 29 of the 13th lecture?,lecture_13_slide_29_generative-adversarial-networks.md
What are the highlights of slide 29 in the thirteenth lecture?,lecture_13_slide_29_generative-adversarial-networks.md
Can you elaborate on what image 1 in slide 29 of lecture 13 illustrates?,lecture_13_slide_29_img1.md
What does the first image on slide 29 of lecture 13 depict?,lecture_13_slide_29_img1.md
Please explain the content of image 1 located in slide 29 of lecture 13.,lecture_13_slide_29_img1.md
Could you provide a detailed explanation of image 1 found on slide 29 of lecture 13?,lecture_13_slide_29_img1.md
What information is conveyed by the first image on slide 29 in lecture 13?,lecture_13_slide_29_img1.md
Describe what is shown in image 1 on the 29th slide of lecture 13.,lecture_13_slide_29_img1.md
What is the significance of the first image on slide 29 in lecture 13?,lecture_13_slide_29_img1.md
Can you provide an analysis of image 1 in slide 29 from lecture 13?,lecture_13_slide_29_img1.md
What is being illustrated by image 1 in slide 29 of the 13th lecture?,lecture_13_slide_29_img1.md
Could you breakdown the elements portrayed in the first image of slide 29 from lecture 13?,lecture_13_slide_29_img1.md
Could you clarify the content of image 1 on slide 17 from lecture 13?,lecture_13_slide_17_img1.md
Please provide an explanation of the first image on slide 17 of lecture 13.,lecture_13_slide_17_img1.md
What details can you provide about image 1 found on slide 17 in lecture 13?,lecture_13_slide_17_img1.md
Can you explain what image 1 illustrates on slide 17 from lecture 13?,lecture_13_slide_17_img1.md
Give a detailed explanation of the first image on slide 17 of lecture 13.,lecture_13_slide_17_img1.md
What is depicted in image 1 on slide 17 of lecture 13?,lecture_13_slide_17_img1.md
Please describe the contents of image 1 from slide 17 in lecture 13.,lecture_13_slide_17_img1.md
Could you interpret the first image on slide 17 of lecture 13?,lecture_13_slide_17_img1.md
What information does image 1 convey on slide 17 of lecture 13?,lecture_13_slide_17_img1.md
Could you break down the elements of image 1 found on slide 17 in lecture 13?,lecture_13_slide_17_img1.md
Could you describe the content of slide 22 from lecture 13?,lecture_13_slide_22_generative-models.md
What details are presented on slide 22 in the 13th lecture?,lecture_13_slide_22_generative-models.md
Please explain the main points covered in slide 22 from lecture 13.,lecture_13_slide_22_generative-models.md
Can you provide an overview of the information on slide 22 in lecture 13?,lecture_13_slide_22_generative-models.md
What is the subject matter of slide 22 within the context of lecture 13?,lecture_13_slide_22_generative-models.md
Would you clarify the key concepts shown on slide 22 from the 13th lecture?,lecture_13_slide_22_generative-models.md
Could you break down the elements displayed on slide 22 of lecture 13?,lecture_13_slide_22_generative-models.md
What are the significant points discussed on slide 22 in lecture 13?,lecture_13_slide_22_generative-models.md
Please summarize the contents of slide 22 from the 13th lecture.,lecture_13_slide_22_generative-models.md
What insights does slide 22 offer in the context of lecture 13?,lecture_13_slide_22_generative-models.md
Can you describe the content of slide 9 in lecture 13?,lecture_13_slide_9_cnn-components.md
What information is presented on slide 9 of lecture 13?,lecture_13_slide_9_cnn-components.md
Please explain the key points on slide 9 from lecture 13.,lecture_13_slide_9_cnn-components.md
Could you detail what slide 9 of lecture 13 covers?,lecture_13_slide_9_cnn-components.md
I'd like a breakdown of what's happening on slide 9 in lecture 13.,lecture_13_slide_9_cnn-components.md
What is the main focus of slide 9 in lecture 13?,lecture_13_slide_9_cnn-components.md
Can you summarize the details found on slide 9 of lecture 13?,lecture_13_slide_9_cnn-components.md
What are the major themes discussed on slide 9 of lecture 13?,lecture_13_slide_9_cnn-components.md
Please elaborate on the concepts covered in slide 9 of lecture 13.,lecture_13_slide_9_cnn-components.md
Could you provide an overview of the information on slide 9 of lecture 13?,lecture_13_slide_9_cnn-components.md
Can you describe the content of image 1 found on slide 31 of lecture 13?,lecture_13_slide_31_img1.md
What details can you provide about image 1 on slide 31 from lecture 13?,lecture_13_slide_31_img1.md
Please explain what image 1 depicts on the 31st slide of lecture 13.,lecture_13_slide_31_img1.md
Could you elaborate on the details of image 1 in slide 31 of lecture 13?,lecture_13_slide_31_img1.md
What information does image 1 convey on slide 31 in lecture 13?,lecture_13_slide_31_img1.md
Can you clarify the elements of image 1 from slide 31 in lecture 13?,lecture_13_slide_31_img1.md
What is the significance of image 1 located on slide 31 of lecture 13?,lecture_13_slide_31_img1.md
How would you interpret image 1 on slide 31 from the thirteenth lecture?,lecture_13_slide_31_img1.md
What does image 1 illustrate on the 31st slide of the thirteenth lecture?,lecture_13_slide_31_img1.md
Can you summarize the main points of image 1 shown on slide 31 in lecture 13?,lecture_13_slide_31_img1.md
Can you describe what is shown in image 1 on slide 9 of lecture 13?,lecture_13_slide_9_img1.md
What is depicted in the first image of slide 9 from lecture 13?,lecture_13_slide_9_img1.md
Could you clarify the content of image 1 found on slide 9 in lecture 13?,lecture_13_slide_9_img1.md
What does image 1 on slide 9 of lecture 13 illustrate?,lecture_13_slide_9_img1.md
Please explain the details of the first image on slide 9 from lecture 13.,lecture_13_slide_9_img1.md
Can you provide an explanation for image 1 that appears on slide 9 in lecture 13?,lecture_13_slide_9_img1.md
What information is conveyed by image 1 on slide 9 in lecture 13?,lecture_13_slide_9_img1.md
Describe the main features of image 1 located on slide 9 of lecture 13.,lecture_13_slide_9_img1.md
What is the significance of image 1 on slide 9 in the context of lecture 13?,lecture_13_slide_9_img1.md
Could you elaborate on what image 1 on slide 9 of lecture 13 represents?,lecture_13_slide_9_img1.md
Could you clarify the details presented on slide 24 from lecture 13?,lecture_13_slide_24_misclassification.md
What information is being conveyed in slide 24 of the 13th lecture?,lecture_13_slide_24_misclassification.md
Can you provide an explanation for the content on slide 24 in lecture 13?,lecture_13_slide_24_misclassification.md
"What's happening in slide 24 of lecture 13, and could you elaborate on it?",lecture_13_slide_24_misclassification.md
Please explain the key points shown in slide 24 of lecture 13.,lecture_13_slide_24_misclassification.md
Could you shed some light on the subject of slide 24 from lecture 13?,lecture_13_slide_24_misclassification.md
What are the main ideas discussed in slide 24 of lecture 13?,lecture_13_slide_24_misclassification.md
Could you interpret the data shown on slide 24 from the 13th lecture?,lecture_13_slide_24_misclassification.md
"What is depicted on slide 24 of lecture 13, and how is it significant?",lecture_13_slide_24_misclassification.md
Would you explain the contents of slide 24 found in lecture 13?,lecture_13_slide_24_misclassification.md
Can you describe the content of slide 30 from lecture 13?,lecture_13_slide_30_adversarial-examples.md
What is depicted on slide 30 in the 13th lecture?,lecture_13_slide_30_adversarial-examples.md
Could you explain what's happening on slide 30 of lecture 13?,lecture_13_slide_30_adversarial-examples.md
What information is conveyed on slide 30 of the lecture 13?,lecture_13_slide_30_adversarial-examples.md
What's the main focus of slide 30 in the 13th lecture?,lecture_13_slide_30_adversarial-examples.md
How would you interpret slide 30 from lecture 13?,lecture_13_slide_30_adversarial-examples.md
What details are presented on slide 30 of lecture 13?,lecture_13_slide_30_adversarial-examples.md
Could you provide an overview of slide 30 in lecture 13?,lecture_13_slide_30_adversarial-examples.md
What does slide 30 illustrate in lecture 13?,lecture_13_slide_30_adversarial-examples.md
What is the subject matter of slide 30 in the thirteenth lecture?,lecture_13_slide_30_adversarial-examples.md
Could you clarify the content shown on slide 8 from lecture 13?,lecture_13_slide_8_convolutional-neural-networks-cnn.md
Can you provide an explanation for what is presented on slide 8 of lecture 13?,lecture_13_slide_8_convolutional-neural-networks-cnn.md
What is being discussed in slide 8 of lecture 13?,lecture_13_slide_8_convolutional-neural-networks-cnn.md
Please explain the key points on slide 8 of lecture 13.,lecture_13_slide_8_convolutional-neural-networks-cnn.md
What information is conveyed on slide 8 in lecture 13?,lecture_13_slide_8_convolutional-neural-networks-cnn.md
Could you interpret the details found on slide 8 of lecture 13?,lecture_13_slide_8_convolutional-neural-networks-cnn.md
What topics are covered in slide 8 of lecture 13?,lecture_13_slide_8_convolutional-neural-networks-cnn.md
Can you summarize the content displayed on slide 8 in lecture 13?,lecture_13_slide_8_convolutional-neural-networks-cnn.md
What is the main focus of slide 8 in lecture 13?,lecture_13_slide_8_convolutional-neural-networks-cnn.md
Please elaborate on the information shown on slide 8 of lecture 13.,lecture_13_slide_8_convolutional-neural-networks-cnn.md
Could you describe what is shown in image 1 on slide 33 of lecture 13?,lecture_13_slide_33_img1.md
What does image 1 on slide 33 in lecture 13 depict?,lecture_13_slide_33_img1.md
Please explain the content of image 1 on slide 33 from lecture 13.,lecture_13_slide_33_img1.md
Can you clarify the details of image 1 presented in slide 33 of lecture 13?,lecture_13_slide_33_img1.md
What is illustrated in image 1 on slide 33 of lecture 13?,lecture_13_slide_33_img1.md
"Could you interpret the information shown in image 1 of slide 33, lecture 13?",lecture_13_slide_33_img1.md
What does the first image on slide 33 in lecture 13 illustrate?,lecture_13_slide_33_img1.md
Please provide an explanation for image 1 on slide 33 in lecture 13.,lecture_13_slide_33_img1.md
What are the key points shown in image 1 of slide 33 in lecture 13?,lecture_13_slide_33_img1.md
Can you analyze the content of image 1 found on slide 33 of lecture 13?,lecture_13_slide_33_img1.md
Could you describe the content of slide 36 from lecture 13?,lecture_13_slide_36_deep-convolutional-gans-dcgans.md
What details are presented on slide 36 of lecture 13?,lecture_13_slide_36_deep-convolutional-gans-dcgans.md
Can you clarify the information on slide 36 of lecture 13?,lecture_13_slide_36_deep-convolutional-gans-dcgans.md
What is the focus of slide 36 in lecture 13?,lecture_13_slide_36_deep-convolutional-gans-dcgans.md
Would you explain the key points on slide 36 from lecture 13?,lecture_13_slide_36_deep-convolutional-gans-dcgans.md
What is depicted on slide 36 in lecture 13?,lecture_13_slide_36_deep-convolutional-gans-dcgans.md
Could you summarize the main ideas on slide 36 of lecture 13?,lecture_13_slide_36_deep-convolutional-gans-dcgans.md
What topics are covered in slide 36 of lecture 13?,lecture_13_slide_36_deep-convolutional-gans-dcgans.md
What are the significant aspects of slide 36 in lecture 13?,lecture_13_slide_36_deep-convolutional-gans-dcgans.md
Can you interpret what is happening on slide 36 from lecture 13?,lecture_13_slide_36_deep-convolutional-gans-dcgans.md
Could you clarify the content presented in slide 27 of lecture 13?,lecture_13_slide_27_adversarial-examples.md
What is the main topic discussed on slide 27 of lecture 13?,lecture_13_slide_27_adversarial-examples.md
Can you provide details about what's shown on slide 27 of lecture 13?,lecture_13_slide_27_adversarial-examples.md
What's happening in slide 27 of lecture 13?,lecture_13_slide_27_adversarial-examples.md
Could you explain the concept covered on slide 27 of lecture 13?,lecture_13_slide_27_adversarial-examples.md
Please interpret the information displayed on slide 27 of lecture 13.,lecture_13_slide_27_adversarial-examples.md
What details are included on slide 27 of lecture 13?,lecture_13_slide_27_adversarial-examples.md
Can you summarize the key points from slide 27 of lecture 13?,lecture_13_slide_27_adversarial-examples.md
What is illustrated in slide 27 of lecture 13?,lecture_13_slide_27_adversarial-examples.md
Could you elaborate on the subject matter of slide 27 in lecture 13?,lecture_13_slide_27_adversarial-examples.md
Can you clarify the details presented on slide 13 from lecture 13?,lecture_13_slide_13_convolutional-layer.md
What information is highlighted in slide 13 of the thirteenth lecture?,lecture_13_slide_13_convolutional-layer.md
Could you interpret the content shown on slide 13 of lecture 13?,lecture_13_slide_13_convolutional-layer.md
What is the main focus of slide 13 in lecture 13?,lecture_13_slide_13_convolutional-layer.md
Please describe the concepts covered in slide 13 of chapter 13’s lecture.,lecture_13_slide_13_convolutional-layer.md
What are the key points illustrated in slide 13 from lecture 13?,lecture_13_slide_13_convolutional-layer.md
Could you provide an overview of what slide 13 in lecture 13 discusses?,lecture_13_slide_13_convolutional-layer.md
What insights are provided in slide 13 of the 13th lecture?,lecture_13_slide_13_convolutional-layer.md
Explain the data or points shown on slide 13 of lecture number 13.,lecture_13_slide_13_convolutional-layer.md
What does slide 13 of the 13th lecture convey to us?,lecture_13_slide_13_convolutional-layer.md
Can you describe the contents of image 1 on slide 22 of lecture 13?,lecture_13_slide_22_img1.md
What is the explanation for image 1 found on slide 22 of lecture 13?,lecture_13_slide_22_img1.md
"Please interpret the image located on slide 22, lecture 13.",lecture_13_slide_22_img1.md
Could you provide a detailed explanation of the first image on slide 22 from lecture 13?,lecture_13_slide_22_img1.md
What does the first image in slide 22 of lecture 13 illustrate?,lecture_13_slide_22_img1.md
Provide an analysis of image 1 on the 22nd slide of lecture 13.,lecture_13_slide_22_img1.md
Explain what is depicted in the image on slide 22 of lecture 13.,lecture_13_slide_22_img1.md
What information is conveyed by image 1 on slide 22 of lecture 13?,lecture_13_slide_22_img1.md
Could you clarify the meaning of the image presented on slide 22 of lecture 13?,lecture_13_slide_22_img1.md
What details can you offer about the image on slide 22 of the 13th lecture?,lecture_13_slide_22_img1.md
Can you clarify what's happening on slide 28 of lecture 13?,lecture_13_slide_28_adversarial-examples.md
What is the content of slide 28 in lecture 13?,lecture_13_slide_28_adversarial-examples.md
Could you describe the details presented on slide 28 of lecture 13?,lecture_13_slide_28_adversarial-examples.md
What's being discussed in slide 28 from lecture 13?,lecture_13_slide_28_adversarial-examples.md
Could you explain the information presented on slide 28 of lecture 13?,lecture_13_slide_28_adversarial-examples.md
What topics are covered in slide 28 of lecture 13?,lecture_13_slide_28_adversarial-examples.md
Can you break down the key points on slide 28 of lecture 13?,lecture_13_slide_28_adversarial-examples.md
What is the main focus of slide 28 in lecture 13?,lecture_13_slide_28_adversarial-examples.md
Could you provide an explanation of slide 28 from lecture 13?,lecture_13_slide_28_adversarial-examples.md
What are the explanations on slide 28 of lecture 13 about?,lecture_13_slide_28_adversarial-examples.md
Could you provide a detailed explanation of slide 14 from lecture 13?,lecture_13_slide_14_convolutional-layer.md
What information is being conveyed on slide 14 of lecture 13?,lecture_13_slide_14_convolutional-layer.md
Can you summarize the content of slide 14 in lecture 13 for me?,lecture_13_slide_14_convolutional-layer.md
What are the main points discussed on slide 14 of the 13th lecture?,lecture_13_slide_14_convolutional-layer.md
Can you break down the key elements of slide 14 from our 13th lecture?,lecture_13_slide_14_convolutional-layer.md
What is the primary focus of slide 14 in the 13th lecture?,lecture_13_slide_14_convolutional-layer.md
Could you interpret the data or concepts presented on slide 14 of lecture 13?,lecture_13_slide_14_convolutional-layer.md
What details are included on slide 14 of the 13th lecture?,lecture_13_slide_14_convolutional-layer.md
How would you describe the content of slide 14 from lecture 13?,lecture_13_slide_14_convolutional-layer.md
What is happening on slide 14 of the lecture we had as number 13?,lecture_13_slide_14_convolutional-layer.md
Could you elaborate on the content presented in slide 16 of lecture 13?,lecture_13_slide_16_convolution-layer-training-process.md
What details are covered in slide 16 of lecture 13?,lecture_13_slide_16_convolution-layer-training-process.md
Can you clarify the information shown on slide 16 of lecture 13?,lecture_13_slide_16_convolution-layer-training-process.md
What is the main focus of slide 16 in lecture 13?,lecture_13_slide_16_convolution-layer-training-process.md
Please provide an explanation of the material on slide 16 of lecture 13.,lecture_13_slide_16_convolution-layer-training-process.md
What topics are being addressed in slide 16 of lecture 13?,lecture_13_slide_16_convolution-layer-training-process.md
Can you summarize the key points from slide 16 of lecture 13?,lecture_13_slide_16_convolution-layer-training-process.md
What insights can be drawn from slide 16 of lecture 13?,lecture_13_slide_16_convolution-layer-training-process.md
How can you interpret the data or information on slide 16 of lecture 13?,lecture_13_slide_16_convolution-layer-training-process.md
What is discussed on slide 16 of lecture 13?,lecture_13_slide_16_convolution-layer-training-process.md
Can you describe the content of image 1 on slide 14 from lecture 13?,lecture_13_slide_14_img1.md
What details are presented in the first image of slide 14 from lecture 13?,lecture_13_slide_14_img1.md
How would you interpret image 1 found on slide 14 of the 13th lecture?,lecture_13_slide_14_img1.md
Could you examine and explain the image 1 on the 14th slide of lecture 13?,lecture_13_slide_14_img1.md
Please provide an explanation for image 1 on slide 14 from the lecture 13 slides.,lecture_13_slide_14_img1.md
What information does image 1 on slide 14 of lecture 13 convey?,lecture_13_slide_14_img1.md
Can you analyze the first image on slide 14 from the 13th lecture?,lecture_13_slide_14_img1.md
"What is shown in image 1 on slide 14 of lecture 13, and what is its significance?",lecture_13_slide_14_img1.md
Describe what is depicted in image 1 on the 14th slide of lecture 13.,lecture_13_slide_14_img1.md
Can you give a detailed explanation of image 1 on slide 14 from lecture 13?,lecture_13_slide_14_img1.md
Can you describe the content presented on slide 39 of lecture 7?,lecture_7_slide_39_collaborative-filtering-problem.md
What information is highlighted on slide 39 of lecture 7?,lecture_7_slide_39_collaborative-filtering-problem.md
Could you break down the details shown in slide 39 during lecture 7?,lecture_7_slide_39_collaborative-filtering-problem.md
What's the main focus of slide 39 in the seventh lecture?,lecture_7_slide_39_collaborative-filtering-problem.md
Provide an explanation of what is presented on slide 39 of the seventh lecture.,lecture_7_slide_39_collaborative-filtering-problem.md
What are the key points discussed on slide 39 of lecture 7?,lecture_7_slide_39_collaborative-filtering-problem.md
How would you interpret the information on slide 39 from lecture 7?,lecture_7_slide_39_collaborative-filtering-problem.md
Can you summarize the slide 39 content from lecture 7?,lecture_7_slide_39_collaborative-filtering-problem.md
What topic does slide 39 cover in the lecture 7 presentation?,lecture_7_slide_39_collaborative-filtering-problem.md
"What's depicted on slide 39 in lecture 7, and can you explain it?",lecture_7_slide_39_collaborative-filtering-problem.md
Can you provide an explanation of the content discussed in slide 49 of lecture 7?,lecture_7_slide_49_examples-of-class-imbalance.md
What information is presented in slide 49 from lecture 7?,lecture_7_slide_49_examples-of-class-imbalance.md
Could you elaborate on the topics covered in slide 49 of lecture 7?,lecture_7_slide_49_examples-of-class-imbalance.md
What is detailed on slide 49 in our lecture 7 presentation?,lecture_7_slide_49_examples-of-class-imbalance.md
Can you summarize the key points found on slide 49 of lecture 7?,lecture_7_slide_49_examples-of-class-imbalance.md
What is the main focus of slide 49 from lecture 7?,lecture_7_slide_49_examples-of-class-imbalance.md
Could you describe what is depicted on slide 49 in lecture 7?,lecture_7_slide_49_examples-of-class-imbalance.md
What concepts are illustrated on slide 49 of lecture 7?,lecture_7_slide_49_examples-of-class-imbalance.md
Can you break down the contents of slide 49 from lecture 7 for me?,lecture_7_slide_49_examples-of-class-imbalance.md
What does slide 49 of lecture 7 pertain to?,lecture_7_slide_49_examples-of-class-imbalance.md
Can you clarify what's shown in slide 52 of lecture 7?,lecture_7_slide_52_smote.md
Please describe the content of slide 52 from lecture 7.,lecture_7_slide_52_smote.md
What details are presented on slide 52 in lecture 7?,lecture_7_slide_52_smote.md
Could you explain the key points of slide 52 in lecture 7?,lecture_7_slide_52_smote.md
What is the main focus of slide 52 in the seventh lecture?,lecture_7_slide_52_smote.md
Help me understand what slide 52 of lecture 7 discusses.,lecture_7_slide_52_smote.md
Could you summarize the information on slide 52 of lecture 7?,lecture_7_slide_52_smote.md
What topic does slide 52 in lecture 7 cover?,lecture_7_slide_52_smote.md
What are the main elements highlighted in slide 52 of lecture 7?,lecture_7_slide_52_smote.md
Can you provide an overview of the material presented on slide 52 in lecture 7?,lecture_7_slide_52_smote.md
Could you describe the content of slide 53 from lecture 7?,lecture_7_slide_53_smote.md
What is depicted on slide 53 in the seventh lecture?,lecture_7_slide_53_smote.md
Can you elaborate on the details shown in slide 53 of lecture 7?,lecture_7_slide_53_smote.md
What information does slide 53 in lecture 7 convey?,lecture_7_slide_53_smote.md
Please explain the key points on slide 53 from the seventh lecture.,lecture_7_slide_53_smote.md
How would you summarize the content of slide 53 from lecture 7?,lecture_7_slide_53_smote.md
What topics are covered in slide 53 of lecture 7?,lecture_7_slide_53_smote.md
Could you provide an overview of what slide 53 in lecture 7 is about?,lecture_7_slide_53_smote.md
What are the main elements discussed on slide 53 from lecture 7?,lecture_7_slide_53_smote.md
Can you clarify the subject matter of slide 53 in lecture 7?,lecture_7_slide_53_smote.md
Can you describe what image 1 depicts on slide 41 of lecture 7?,lecture_7_slide_41_img1.md
What is depicted in image 1 found on slide 41 of the seventh lecture?,lecture_7_slide_41_img1.md
Could you explain the content of image 1 on slide 41 from lecture 7?,lecture_7_slide_41_img1.md
What details are presented in image 1 on slide 41 of the seventh lecture?,lecture_7_slide_41_img1.md
Please interpret the first image on slide 41 of lecture seven.,lecture_7_slide_41_img1.md
How would you explain image 1 on slide 41 of lecture 7?,lecture_7_slide_41_img1.md
Could you give an explanation of what is shown in image 1 from slide 41 in lecture 7?,lecture_7_slide_41_img1.md
What information is conveyed by image 1 on slide 41 in lecture seven?,lecture_7_slide_41_img1.md
Would you be able to explain the relevance of image 1 on slide 41 of lecture 7?,lecture_7_slide_41_img1.md
Could you summarize the main points of image 1 on slide 41 of the seventh lecture?,lecture_7_slide_41_img1.md
Can you describe the contents of slide 41 from lecture 7?,lecture_7_slide_41_latent-factor-method.md
What information is presented on slide 41 of the seventh lecture?,lecture_7_slide_41_latent-factor-method.md
Could you clarify the details shown on slide 41 in lecture 7?,lecture_7_slide_41_latent-factor-method.md
What is the key focus of slide 41 in lecture 7?,lecture_7_slide_41_latent-factor-method.md
Please elaborate on the points covered in slide 41 of lecture 7.,lecture_7_slide_41_latent-factor-method.md
What are the main topics discussed on slide 41 of the seventh lecture?,lecture_7_slide_41_latent-factor-method.md
How is slide 41 of lecture 7 relevant to the rest of the material?,lecture_7_slide_41_latent-factor-method.md
"In lecture 7, what does slide 41 illustrate?",lecture_7_slide_41_latent-factor-method.md
What are the highlights of slide 41 from lecture 7?,lecture_7_slide_41_latent-factor-method.md
Could you provide an analysis of slide 41 in the context of lecture 7?,lecture_7_slide_41_latent-factor-method.md
Can you describe the content of slide 7 in lecture 7?,lecture_7_slide_7_outlier-detection.md
What information is presented on slide 7 of lecture 7?,lecture_7_slide_7_outlier-detection.md
How would you interpret slide 7 from lecture 7?,lecture_7_slide_7_outlier-detection.md
Could you summarize the key points on slide 7 of our seventh lecture?,lecture_7_slide_7_outlier-detection.md
What details are covered on slide 7 in the seventh lecture?,lecture_7_slide_7_outlier-detection.md
Can you explain the main ideas of slide 7 in the seventh lecture?,lecture_7_slide_7_outlier-detection.md
What is being depicted in slide 7 of lecture 7?,lecture_7_slide_7_outlier-detection.md
Could you elaborate on the material presented in slide 7 of lecture 7?,lecture_7_slide_7_outlier-detection.md
What does slide 7 in lecture 7 illustrate?,lecture_7_slide_7_outlier-detection.md
How can we understand the concepts shown on slide 7 in the seventh lecture?,lecture_7_slide_7_outlier-detection.md
Can you describe the content of image 1 on slide 15 from lecture 7?,lecture_7_slide_15_img1.md
What details can you provide about image 1 found on slide 15 in lecture 7?,lecture_7_slide_15_img1.md
Could you elaborate on what image 1 on slide 15 of lecture 7 depicts?,lecture_7_slide_15_img1.md
Please explain the significance of image 1 on slide 15 in lecture 7.,lecture_7_slide_15_img1.md
What is shown in image 1 on slide 15 of lecture 7?,lecture_7_slide_15_img1.md
Could you clarify the elements present in image 1 on slide 15 of lecture 7?,lecture_7_slide_15_img1.md
What information does image 1 convey on slide 15 in lecture 7?,lecture_7_slide_15_img1.md
Provide an explanation for image 1 located on slide 15 in lecture 7.,lecture_7_slide_15_img1.md
How would you interpret image 1 on slide 15 in lecture 7?,lecture_7_slide_15_img1.md
What can you tell me about image 1 found on slide 15 of lecture 7?,lecture_7_slide_15_img1.md
Could you elaborate on the content of image 2 found on slide 44 of lecture 7?,lecture_7_slide_44_img2.md
Can you provide an explanation for the second image shown on slide 44 of the seventh lecture?,lecture_7_slide_44_img2.md
"What does image 2 on slide 44 of lecture 7 represent, and could you explain it in detail?",lecture_7_slide_44_img2.md
Please clarify the details of the second image on the 44th slide of lecture 7.,lecture_7_slide_44_img2.md
Can you describe the significance and content of image 2 on slide 44 from lecture 7?,lecture_7_slide_44_img2.md
Would you mind explaining what is depicted in image 2 on slide 44 of the seventh lecture?,lecture_7_slide_44_img2.md
Could you provide more information about the second image on slide 44 from lecture 7?,lecture_7_slide_44_img2.md
What is the purpose and meaning of image 2 on slide 44 in lecture 7?,lecture_7_slide_44_img2.md
I'd like to understand more about image 2 on slide 44 of the lecture 7 presentation. Could you explain?,lecture_7_slide_44_img2.md
Can you give an overview of what image 2 on the 44th slide of lecture 7 is about?,lecture_7_slide_44_img2.md
Can you elaborate on the content presented in slide 18 of lecture 7?,lecture_7_slide_18_cluster-based-outlier-detection.md
What details are shown on slide 18 from lecture 7?,lecture_7_slide_18_cluster-based-outlier-detection.md
Could you summarize the key points from slide 18 in lecture 7?,lecture_7_slide_18_cluster-based-outlier-detection.md
What is the main focus of slide 18 in the seventh lecture?,lecture_7_slide_18_cluster-based-outlier-detection.md
Could you provide an explanation of the material on slide 18 of lecture 7?,lecture_7_slide_18_cluster-based-outlier-detection.md
What is depicted on slide 18 of the seventh lecture?,lecture_7_slide_18_cluster-based-outlier-detection.md
How would you describe the information on slide 18 in lecture 7?,lecture_7_slide_18_cluster-based-outlier-detection.md
Can you clarify what slide 18 covers in lecture 7?,lecture_7_slide_18_cluster-based-outlier-detection.md
What topics are discussed on slide 18 of lecture 7?,lecture_7_slide_18_cluster-based-outlier-detection.md
Please explain the concepts illustrated in slide 18 from lecture 7.,lecture_7_slide_18_cluster-based-outlier-detection.md
Could you elaborate on the content presented in slide 20 of lecture 7?,lecture_7_slide_20_global-distance-based-outlier-detection-.md
What details are covered in slide 20 of the seventh lecture?,lecture_7_slide_20_global-distance-based-outlier-detection-.md
Can you break down the information shown on slide 20 from lecture 7?,lecture_7_slide_20_global-distance-based-outlier-detection-.md
What is the main topic discussed in slide 20 of lecture 7?,lecture_7_slide_20_global-distance-based-outlier-detection-.md
How would you summarize the key points from slide 20 of lecture 7?,lecture_7_slide_20_global-distance-based-outlier-detection-.md
What is happening on slide number 20 in lecture 7?,lecture_7_slide_20_global-distance-based-outlier-detection-.md
Could you provide an explanation of what is presented on slide 20 in the seventh lecture?,lecture_7_slide_20_global-distance-based-outlier-detection-.md
What are the significant elements depicted in slide 20 of lecture 7?,lecture_7_slide_20_global-distance-based-outlier-detection-.md
Can you describe the content that appears on slide 20 of lecture 7?,lecture_7_slide_20_global-distance-based-outlier-detection-.md
What are the important concepts illustrated in slide 20 from lecture 7?,lecture_7_slide_20_global-distance-based-outlier-detection-.md
Can you describe the content of slide 48 from lecture 7?,lecture_7_slide_48_undersampling-and-oversampling.md
What information is presented on slide 48 in lecture 7?,lecture_7_slide_48_undersampling-and-oversampling.md
Could you summarize what is depicted on slide 48 of our seventh lecture?,lecture_7_slide_48_undersampling-and-oversampling.md
What are the key points on slide 48 in our lecture number 7?,lecture_7_slide_48_undersampling-and-oversampling.md
How would you explain the material on slide 48 from lecture 7?,lecture_7_slide_48_undersampling-and-oversampling.md
Can you break down the contents of slide 48 from the seventh lecture?,lecture_7_slide_48_undersampling-and-oversampling.md
What is the main focus of slide 48 in the seventh lecture?,lecture_7_slide_48_undersampling-and-oversampling.md
Could you clarify the concepts shown on slide 48 in lecture 7?,lecture_7_slide_48_undersampling-and-oversampling.md
What explanations are provided on slide 48 of the lecture 7 slides?,lecture_7_slide_48_undersampling-and-oversampling.md
Can you interpret the data or visuals on slide 48 of lecture 7?,lecture_7_slide_48_undersampling-and-oversampling.md
Can you describe what's depicted on slide 21 of lecture 7?,lecture_7_slide_21_local-distance-based-outlier-detection.md
What details can you provide about slide 21 from our seventh lecture?,lecture_7_slide_21_local-distance-based-outlier-detection.md
Could you elaborate on the contents of slide 21 in lecture 7?,lecture_7_slide_21_local-distance-based-outlier-detection.md
Could you clarify the information on slide 21 from lecture 7?,lecture_7_slide_21_local-distance-based-outlier-detection.md
What is explained on slide 21 of the seventh lecture?,lecture_7_slide_21_local-distance-based-outlier-detection.md
What is the main focus of slide 21 in lecture 7?,lecture_7_slide_21_local-distance-based-outlier-detection.md
What happens on slide 21 in the seventh lecture?,lecture_7_slide_21_local-distance-based-outlier-detection.md
Can you provide an overview of what's shown on slide 21 in lecture 7?,lecture_7_slide_21_local-distance-based-outlier-detection.md
What are the key points covered in slide 21 of lecture 7?,lecture_7_slide_21_local-distance-based-outlier-detection.md
Could you interpret the information on slide 21 from our lecture 7 session?,lecture_7_slide_21_local-distance-based-outlier-detection.md
Can you describe the image found in slide 14 of lecture 7?,lecture_7_slide_14_img1.md
What details can you provide about image 1 on slide 14 from lecture 7?,lecture_7_slide_14_img1.md
Could you explain the content of the first image on slide 14 in our seventh lecture?,lecture_7_slide_14_img1.md
Please clarify the image shown on slide 14 in lecture 7.,lecture_7_slide_14_img1.md
What information is conveyed by image 1 in slide 14 of lecture 7?,lecture_7_slide_14_img1.md
How would you interpret the image presented in slide 14 of our seventh lecture?,lecture_7_slide_14_img1.md
Can you provide an explanation for the image located on slide 14 in lecture 7?,lecture_7_slide_14_img1.md
Can you elaborate on the image featured on slide 14 in our seventh lecture?,lecture_7_slide_14_img1.md
What does the image on slide 14 of lecture 7 depict?,lecture_7_slide_14_img1.md
Could you give a breakdown of image 1 from slide 14 of our lecture 7?,lecture_7_slide_14_img1.md
Can you describe what's shown in image 3 on slide 44 from lecture 7?,lecture_7_slide_44_img3.md
What details are presented in image 3 on the 44th slide of lecture 7?,lecture_7_slide_44_img3.md
Could you explain the content of image 3 found on slide 44 in lecture 7?,lecture_7_slide_44_img3.md
Please elaborate on the visual elements of image 3 from slide 44 of lecture 7.,lecture_7_slide_44_img3.md
What information is conveyed in image 3 on slide 44 of the seventh lecture?,lecture_7_slide_44_img3.md
Could you provide an explanation for image 3 located on slide 44 in lecture 7?,lecture_7_slide_44_img3.md
Can you analyze the components of image 3 on slide 44 of lecture 7?,lecture_7_slide_44_img3.md
What does image 3 on the 44th slide in lecture 7 illustrate?,lecture_7_slide_44_img3.md
Please break down the significance of image 3 on slide 44 from the seventh lecture.,lecture_7_slide_44_img3.md
How would you interpret the third image on slide 44 from lecture 7?,lecture_7_slide_44_img3.md
Could you describe the content and key points of slide 25 from lecture 7?,lecture_7_slide_25_isolation-forests.md
What is being discussed in slide 25 of the seventh lecture?,lecture_7_slide_25_isolation-forests.md
Can you explain the main focus of slide 25 in lecture 7?,lecture_7_slide_25_isolation-forests.md
What details are highlighted on slide 25 of lecture 7?,lecture_7_slide_25_isolation-forests.md
Please provide an explanation of what slide 25 covers in lecture 7.,lecture_7_slide_25_isolation-forests.md
What information is slide 25 presenting in the seventh lecture?,lecture_7_slide_25_isolation-forests.md
Can you break down the content of slide 25 from the seventh lecture?,lecture_7_slide_25_isolation-forests.md
What are the primary topics covered in slide 25 of lecture 7?,lecture_7_slide_25_isolation-forests.md
Could you give an overview of slide 25 from lecture 7?,lecture_7_slide_25_isolation-forests.md
What is the central theme of slide 25 in lecture 7?,lecture_7_slide_25_isolation-forests.md
Could you provide an explanation of the image found on slide 59 from lecture 7?,lecture_7_slide_59_img1.md
What does the image on slide 59 in lecture 7 depict?,lecture_7_slide_59_img1.md
Please explain the contents of the image on slide 59 of the seventh lecture.,lecture_7_slide_59_img1.md
Can you interpret the image located in slide 59 of lecture 7?,lecture_7_slide_59_img1.md
What is the significance of the image on slide 59 in the seventh lecture presentation?,lecture_7_slide_59_img1.md
Could you describe the image on slide 59 from lecture 7?,lecture_7_slide_59_img1.md
I need an explanation of the image shown on slide 59 in lecture 7.,lecture_7_slide_59_img1.md
What information is conveyed by the image on slide 59 of lecture 7?,lecture_7_slide_59_img1.md
Can you give a detailed explanation of the image featured on slide 59 in the lecture 7 presentation?,lecture_7_slide_59_img1.md
What does the image presented on slide 59 of lecture 7 represent?,lecture_7_slide_59_img1.md
Can you describe the first image on the fifth slide of the seventh lecture?,lecture_7_slide_5_img1.md
What does the image on slide 5 of lecture 7 illustrate?,lecture_7_slide_5_img1.md
Please explain the content of image 1 on slide 5 from lecture 7.,lecture_7_slide_5_img1.md
Could you interpret the image found in slide 5 of the seventh lecture?,lecture_7_slide_5_img1.md
What information is conveyed by the first image in slide 5 of lecture 7?,lecture_7_slide_5_img1.md
How would you explain the first image on the fifth slide of the seventh lecture?,lecture_7_slide_5_img1.md
What details are presented in image 1 of slide 5 in lecture 7?,lecture_7_slide_5_img1.md
Could you provide an explanation for the image on the fifth slide of lecture 7?,lecture_7_slide_5_img1.md
What does the image on slide 5 in the seventh lecture represent?,lecture_7_slide_5_img1.md
Please explain what is depicted in the first image on slide number 5 during lecture 7.,lecture_7_slide_5_img1.md
Can you describe the content of slide 5 from lecture 7?,lecture_7_slide_5_outlieranomaly-detection.md
What details are presented on slide 5 in lecture 7?,lecture_7_slide_5_outlieranomaly-detection.md
Could you elaborate on what is shown in slide 5 of lecture 7?,lecture_7_slide_5_outlieranomaly-detection.md
What information is conveyed in slide 5 of lecture 7?,lecture_7_slide_5_outlieranomaly-detection.md
How would you interpret slide 5 from lecture 7?,lecture_7_slide_5_outlieranomaly-detection.md
What are the key points on slide 5 of lecture 7?,lecture_7_slide_5_outlieranomaly-detection.md
Could you provide an explanation of slide 5 in lecture 7?,lecture_7_slide_5_outlieranomaly-detection.md
What is the main topic covered in slide 5 from lecture 7?,lecture_7_slide_5_outlieranomaly-detection.md
Could you summarize what slide 5 in lecture 7 is about?,lecture_7_slide_5_outlieranomaly-detection.md
What does slide 5 in lecture 7 illustrate?,lecture_7_slide_5_outlieranomaly-detection.md
Could you clarify the content presented in slide 31 of lecture 7?,lecture_7_slide_31_product-recommendation-amazon.md
What information is being conveyed on slide 31 of the seventh lecture?,lecture_7_slide_31_product-recommendation-amazon.md
Can you describe the main points covered in slide 31 from lecture 7?,lecture_7_slide_31_product-recommendation-amazon.md
What details are outlined on slide 31 in the lecture 7 presentation?,lecture_7_slide_31_product-recommendation-amazon.md
Please provide an explanation of the material on slide 31 of lecture 7.,lecture_7_slide_31_product-recommendation-amazon.md
What is the focus of slide 31 in the seventh lecture?,lecture_7_slide_31_product-recommendation-amazon.md
Could you detail what is happening on slide 31 of lecture 7?,lecture_7_slide_31_product-recommendation-amazon.md
What topics are discussed on slide 31 in the seventh lecture's slides?,lecture_7_slide_31_product-recommendation-amazon.md
Can you summarize the content shown on slide 31 in lecture 7?,lecture_7_slide_31_product-recommendation-amazon.md
What does slide 31 of lecture 7 highlight or emphasize?,lecture_7_slide_31_product-recommendation-amazon.md
Could you provide an explanation for image 1 found on slide 22 of lecture 7?,lecture_7_slide_22_img1.md
What details are depicted in image 1 on slide 22 of lecture 7?,lecture_7_slide_22_img1.md
Please elaborate on the contents of image 1 in slide 22 from lecture 7.,lecture_7_slide_22_img1.md
Can you describe the first image on slide 22 of the seventh lecture?,lecture_7_slide_22_img1.md
What is the significance of image 1 as shown on slide 22 in lecture 7?,lecture_7_slide_22_img1.md
How would you interpret image 1 that appears on slide 22 of lecture 7?,lecture_7_slide_22_img1.md
Could you analyze the image presented as the first on slide 22 in lecture 7?,lecture_7_slide_22_img1.md
What information is conveyed by image 1 on the 22nd slide of lecture 7?,lecture_7_slide_22_img1.md
"In lecture 7, slide 22, what does image 1 depict?",lecture_7_slide_22_img1.md
What can be understood from image 1 on slide 22 in the seventh lecture?,lecture_7_slide_22_img1.md
Can you describe the content of image 1 found in slide 50 from lecture 7?,lecture_7_slide_50_img1.md
What does image 1 depict on slide 50 of the seventh lecture?,lecture_7_slide_50_img1.md
Please explain the first image located on slide 50 in lecture 7.,lecture_7_slide_50_img1.md
Could you provide an explanation for image 1 on slide 50 from lecture 7?,lecture_7_slide_50_img1.md
What is illustrated by image 1 on the 50th slide of lecture 7?,lecture_7_slide_50_img1.md
What does the image 1 on the 50th slide of lecture 7 represent?,lecture_7_slide_50_img1.md
Can you clarify the meaning of the first image on slide 50 in lecture 7?,lecture_7_slide_50_img1.md
What information is conveyed by image 1 on slide 50 of the seventh lecture?,lecture_7_slide_50_img1.md
Explain the details or concepts shown in image 1 on slide 50 from lecture 7.,lecture_7_slide_50_img1.md
Could you elaborate on the image positioned first on slide 50 of lecture 7?,lecture_7_slide_50_img1.md
Could you clarify the content presented on slide 34 of lecture 7?,lecture_7_slide_34_recommender-systems.md
What is being discussed in slide 34 of lecture 7?,lecture_7_slide_34_recommender-systems.md
Can you break down what is happening on slide 34 of lecture 7?,lecture_7_slide_34_recommender-systems.md
What details are covered on slide 34 of lecture 7?,lecture_7_slide_34_recommender-systems.md
Can you describe the main points on slide 34 from lecture 7?,lecture_7_slide_34_recommender-systems.md
What are the key elements shown on slide 34 of lecture 7?,lecture_7_slide_34_recommender-systems.md
Could you provide an explanation for slide 34 in lecture 7?,lecture_7_slide_34_recommender-systems.md
What information is conveyed on slide 34 of the seventh lecture?,lecture_7_slide_34_recommender-systems.md
Can you summarize the content of slide 34 from lecture 7?,lecture_7_slide_34_recommender-systems.md
What is depicted in slide 34 of the seventh lecture?,lecture_7_slide_34_recommender-systems.md
Can you clarify the content presented on slide 6 of lecture 7?,lecture_7_slide_6_example-finding-holes-in-ozone-layer.md
What details are being discussed on slide 6 in lecture 7?,lecture_7_slide_6_example-finding-holes-in-ozone-layer.md
Could you describe the information shown on slide 6 of lecture 7?,lecture_7_slide_6_example-finding-holes-in-ozone-layer.md
What is the main focus of slide 6 in lecture 7?,lecture_7_slide_6_example-finding-holes-in-ozone-layer.md
Could you elaborate on the points covered in slide 6 of lecture 7?,lecture_7_slide_6_example-finding-holes-in-ozone-layer.md
What is happening on slide 6 of lecture 7?,lecture_7_slide_6_example-finding-holes-in-ozone-layer.md
Can you provide an explanation of the concepts on slide 6 from lecture 7?,lecture_7_slide_6_example-finding-holes-in-ozone-layer.md
What topics are covered on slide 6 of lecture 7?,lecture_7_slide_6_example-finding-holes-in-ozone-layer.md
Could you summarize the key elements on slide 6 of lecture 7?,lecture_7_slide_6_example-finding-holes-in-ozone-layer.md
What is the content shown on slide 6 in lecture 7 about?,lecture_7_slide_6_example-finding-holes-in-ozone-layer.md
Could you describe the content of image 1 found on slide 40 of lecture 7?,lecture_7_slide_40_img1.md
What information does image 1 convey in slide 40 of our seventh lecture?,lecture_7_slide_40_img1.md
Please elaborate on the details of image 1 from slide 40 in lecture 7.,lecture_7_slide_40_img1.md
What does image 1 illustrate on slide 40 of lecture 7?,lecture_7_slide_40_img1.md
Can you provide an explanation of image 1 on the 40th slide of lecture 7?,lecture_7_slide_40_img1.md
What is depicted in image 1 on slide 40 in the seventh lecture?,lecture_7_slide_40_img1.md
Could you analyze image 1 from slide 40 in the context of lecture 7?,lecture_7_slide_40_img1.md
What are the key elements shown in image 1 on slide 40 of our lecture 7?,lecture_7_slide_40_img1.md
How would you interpret image 1 on the 40th slide of the seventh lecture?,lecture_7_slide_40_img1.md
Please clarify the significance of image 1 as presented on slide 40 of lecture 7.,lecture_7_slide_40_img1.md
Can you describe what is shown in image 1 on slide 16 of lecture 7?,lecture_7_slide_16_img1.md
Would you mind explaining the content of the first image on slide 16 from lecture 7?,lecture_7_slide_16_img1.md
Could you please clarify the details of image 1 found on slide 16 from lecture 7?,lecture_7_slide_16_img1.md
What does image 1 depict on slide 16 of our seventh lecture?,lecture_7_slide_16_img1.md
Please explain what is illustrated in the first image on slide 16 from lecture 7.,lecture_7_slide_16_img1.md
I need a description of what is presented in image 1 on slide 16 from lecture 7.,lecture_7_slide_16_img1.md
How would you interpret the content of image 1 in slide 16 of lecture 7?,lecture_7_slide_16_img1.md
What information is conveyed in image 1 on slide 16 of lecture 7?,lecture_7_slide_16_img1.md
Can you provide an explanation for image 1 found on slide 16 of our seventh lecture?,lecture_7_slide_16_img1.md
Could you interpret the details of image 1 on slide 16 from lecture 7?,lecture_7_slide_16_img1.md
Could you clarify the content of slide 38 from lecture 7?,lecture_7_slide_38_collaborative-filtering-problem.md
What is the main focus of slide 38 in lecture 7?,lecture_7_slide_38_collaborative-filtering-problem.md
Can you explain the details presented on slide 38 from lecture 7?,lecture_7_slide_38_collaborative-filtering-problem.md
What information is being conveyed on slide 38 of lecture 7?,lecture_7_slide_38_collaborative-filtering-problem.md
Could you break down the concepts shown on slide 38 from lecture 7?,lecture_7_slide_38_collaborative-filtering-problem.md
I’m confused about slide 38 in lecture 7. Can you elaborate on it?,lecture_7_slide_38_collaborative-filtering-problem.md
What are the key points on slide 38 of lecture 7?,lecture_7_slide_38_collaborative-filtering-problem.md
Could you summarize the main ideas of slide 38 from lecture 7?,lecture_7_slide_38_collaborative-filtering-problem.md
What is the topic discussed on slide 38 in lecture 7?,lecture_7_slide_38_collaborative-filtering-problem.md
Can you provide an overview of the subject matter on slide 38 of lecture 7?,lecture_7_slide_38_collaborative-filtering-problem.md
Could you provide an explanation of the content presented on slide 58 in lecture 7?,lecture_7_slide_58_adasyn-extension-of-smote.md
"What information is conveyed on slide 58 of lecture 7, and how should it be interpreted?",lecture_7_slide_58_adasyn-extension-of-smote.md
Can you detail what slide 58 of lecture 7 is about?,lecture_7_slide_58_adasyn-extension-of-smote.md
Please break down the key points from slide 58 in lecture 7.,lecture_7_slide_58_adasyn-extension-of-smote.md
What is the main focus of slide 58 in lecture 7?,lecture_7_slide_58_adasyn-extension-of-smote.md
How would you summarize the concepts shown on slide 58 of lecture 7?,lecture_7_slide_58_adasyn-extension-of-smote.md
What should we understand from the material on slide 58 of lecture 7?,lecture_7_slide_58_adasyn-extension-of-smote.md
Could you clarify the details on slide 58 in lecture 7?,lecture_7_slide_58_adasyn-extension-of-smote.md
What are the significant highlights we should take from slide 58 of lecture 7?,lecture_7_slide_58_adasyn-extension-of-smote.md
Can you describe the themes discussed on slide 58 of lecture 7?,lecture_7_slide_58_adasyn-extension-of-smote.md
Can you describe the content shown on slide 29 of lecture 7?,lecture_7_slide_29_product-recommendation-amazon.md
What information is presented on slide 29 in lecture 7?,lecture_7_slide_29_product-recommendation-amazon.md
Could you elaborate on the details of slide 29 from lecture 7?,lecture_7_slide_29_product-recommendation-amazon.md
What is being discussed in slide 29 of our seventh lecture?,lecture_7_slide_29_product-recommendation-amazon.md
Please explain what is depicted in slide number 29 of lecture 7.,lecture_7_slide_29_product-recommendation-amazon.md
What are the main points covered on slide 29 of the seventh lecture?,lecture_7_slide_29_product-recommendation-amazon.md
How would you interpret the information on slide 29 in lecture 7?,lecture_7_slide_29_product-recommendation-amazon.md
Could you provide an overview of slide 29 from the seventh lecture?,lecture_7_slide_29_product-recommendation-amazon.md
What insights are shared on slide 29 in lecture 7?,lecture_7_slide_29_product-recommendation-amazon.md
Can you summarize the key elements of slide 29 from lecture 7?,lecture_7_slide_29_product-recommendation-amazon.md
Could you describe what is shown in image 1 on slide 39 of lecture 7?,lecture_7_slide_39_img1.md
Can you provide an explanation for image 1 in slide 39 from lecture 7?,lecture_7_slide_39_img1.md
What details can you offer about image 1 on the 39th slide of our seventh lecture?,lecture_7_slide_39_img1.md
Please interpret the content of image 1 located on slide 39 of lecture 7.,lecture_7_slide_39_img1.md
What is depicted in image 1 on slide 39 of lecture 7?,lecture_7_slide_39_img1.md
Could you analyze the elements of image 1 on slide 39 in lecture 7?,lecture_7_slide_39_img1.md
Would you mind explaining image 1 found on the 39th slide of the seventh lecture?,lecture_7_slide_39_img1.md
Please elaborate on image 1 from slide 39 in lecture 7.,lecture_7_slide_39_img1.md
What information is conveyed in image 1 on slide 39 of lecture 7?,lecture_7_slide_39_img1.md
Can you summarize the visual content of image 1 on slide 39 from lecture 7?,lecture_7_slide_39_img1.md
Can you describe what is depicted in image 1 on slide 29 of lecture 7?,lecture_7_slide_29_img1.md
What details can you provide about image 1 found on slide 29 during lecture 7?,lecture_7_slide_29_img1.md
Please elaborate on the content of image 1 in slide 29 from lecture 7.,lecture_7_slide_29_img1.md
Could you give an explanation of what image 1 shows on slide 29 in lecture 7?,lecture_7_slide_29_img1.md
What is the significance of image 1 on slide 29 from the seventh lecture?,lecture_7_slide_29_img1.md
Can you clarify the concepts presented in image 1 on slide 29 of the seventh lecture?,lecture_7_slide_29_img1.md
What information does image 1 convey on slide 29 of lecture 7?,lecture_7_slide_29_img1.md
How would you interpret image 1 that appears on slide 29 in lecture 7?,lecture_7_slide_29_img1.md
What is depicted in image 1 on slide 29 of lecture number 7?,lecture_7_slide_29_img1.md
Could you analyze the image shown as image 1 on slide 29 of the seventh lecture?,lecture_7_slide_29_img1.md
Can you clarify the content presented in slide 60 of lecture 7?,lecture_7_slide_60_smote-vs-adasyn.md
What details are covered on slide 60 in lecture 7?,lecture_7_slide_60_smote-vs-adasyn.md
Could you interpret the information displayed on slide 60 of lecture 7?,lecture_7_slide_60_smote-vs-adasyn.md
What is the main focus of slide 60 in lecture 7?,lecture_7_slide_60_smote-vs-adasyn.md
Please provide an explanation of what is shown on slide 60 in lecture 7.,lecture_7_slide_60_smote-vs-adasyn.md
What is the subject matter of slide 60 in lecture 7?,lecture_7_slide_60_smote-vs-adasyn.md
Can you describe the key points on slide 60 from lecture 7?,lecture_7_slide_60_smote-vs-adasyn.md
What is being discussed on slide 60 in the seventh lecture?,lecture_7_slide_60_smote-vs-adasyn.md
Could you break down the information on slide 60 of lecture 7 for me?,lecture_7_slide_60_smote-vs-adasyn.md
What are the significant elements shown on slide 60 in lecture 7?,lecture_7_slide_60_smote-vs-adasyn.md
Can you describe the details presented on slide 40 of lecture 7?,lecture_7_slide_40_neighborhood-method.md
What is being explained in slide 40 of lecture 7?,lecture_7_slide_40_neighborhood-method.md
Could you provide an overview of slide 40 from lecture 7?,lecture_7_slide_40_neighborhood-method.md
What are the main points highlighted in slide 40 of lecture 7?,lecture_7_slide_40_neighborhood-method.md
What information is conveyed in slide 40 of lecture 7?,lecture_7_slide_40_neighborhood-method.md
Can you summarize the content of slide 40 in lecture 7?,lecture_7_slide_40_neighborhood-method.md
What is the primary focus of slide 40 in lecture 7?,lecture_7_slide_40_neighborhood-method.md
Could you elaborate on the topic discussed in slide 40 of lecture 7?,lecture_7_slide_40_neighborhood-method.md
What key concepts are covered in slide 40 of lecture 7?,lecture_7_slide_40_neighborhood-method.md
How would you explain the material on slide 40 of lecture 7?,lecture_7_slide_40_neighborhood-method.md
Can you elaborate on the content of image 2 in slide 13 from lecture 7?,lecture_7_slide_13_img2.md
What details are presented in the second image on slide 13 of lecture 7?,lecture_7_slide_13_img2.md
Please describe what is depicted in the image 2 on slide 13 of our seventh lecture.,lecture_7_slide_13_img2.md
Could you provide an explanation of image 2 found on slide 13 in lecture 7?,lecture_7_slide_13_img2.md
What is the significance of the second image on slide 13 in the context of lecture 7?,lecture_7_slide_13_img2.md
Can you clarify what image 2 on slide 13 of lecture 7 is illustrating?,lecture_7_slide_13_img2.md
I'd like an explanation of what's shown in the second image on slide 13 from lecture 7.,lecture_7_slide_13_img2.md
Could you interpret the details of image 2 in slide 13 from the lecture 7 slides?,lecture_7_slide_13_img2.md
"What is shown in image 2 on slide 13 of the seventh lecture, and how does it relate to the lecture content?",lecture_7_slide_13_img2.md
Can you break down the main points of image 2 shown on slide 13 of our lecture 7 presentation?,lecture_7_slide_13_img2.md
Could you describe the details of image 1 found on slide 20 of lecture 7?,lecture_7_slide_20_img1.md
What is the significance of image 1 located on slide 20 from lecture 7?,lecture_7_slide_20_img1.md
Can you provide an explanation of image 1 on slide 20 in lecture 7?,lecture_7_slide_20_img1.md
How would you interpret image 1 that appears on slide 20 of lecture 7?,lecture_7_slide_20_img1.md
What does image 1 on slide 20 of lecture 7 illustrate?,lecture_7_slide_20_img1.md
Please analyze image 1 on the 20th slide of lecture 7.,lecture_7_slide_20_img1.md
Can you explain the content of image 1 depicted on slide 20 in lecture 7?,lecture_7_slide_20_img1.md
What information is conveyed by image 1 on slide 20 of lecture 7?,lecture_7_slide_20_img1.md
Could you clarify the aspects of image 1 shown on slide 20 in lecture 7?,lecture_7_slide_20_img1.md
What insights does image 1 on slide 20 from lecture 7 provide?,lecture_7_slide_20_img1.md
Can you clarify the details of image 1 on slide 30 from lecture 7?,lecture_7_slide_30_img1.md
Could you explain the content of image 1 found on slide 30 in lecture 7?,lecture_7_slide_30_img1.md
What is depicted in image 1 on slide 30 of our seventh lecture?,lecture_7_slide_30_img1.md
Please interpret image 1 that appears on slide 30 in the seventh lecture.,lecture_7_slide_30_img1.md
Would you mind explaining what image 1 shows on slide 30 of lecture 7?,lecture_7_slide_30_img1.md
How would you describe image 1 located on slide 30 of lecture 7?,lecture_7_slide_30_img1.md
Can you provide an explanation for image 1 in slide 30 from lecture 7?,lecture_7_slide_30_img1.md
"Could you detail the content presented in image 1 on slide 30, lecture 7?",lecture_7_slide_30_img1.md
What information is conveyed by image 1 on slide 30 in lecture 7?,lecture_7_slide_30_img1.md
Please describe the elements of image 1 in slide 30 from our seventh lecture.,lecture_7_slide_30_img1.md
Could you describe what's happening on slide 50 of lecture 7?,lecture_7_slide_50_degree-of-class-imbalance.md
What information is being presented on slide 50 of the seventh lecture?,lecture_7_slide_50_degree-of-class-imbalance.md
Can you provide an explanation for the content on slide 50 from lecture 7?,lecture_7_slide_50_degree-of-class-imbalance.md
What details are covered in slide 50 of the seventh lecture?,lecture_7_slide_50_degree-of-class-imbalance.md
Please clarify the main points of slide 50 in lecture 7.,lecture_7_slide_50_degree-of-class-imbalance.md
Could you summarize the key ideas shown on slide 50 of lecture 7?,lecture_7_slide_50_degree-of-class-imbalance.md
"What is illustrated on slide 50 of lecture 7, and could you explain it?",lecture_7_slide_50_degree-of-class-imbalance.md
What does slide 50 from lecture 7 depict and how should it be interpreted?,lecture_7_slide_50_degree-of-class-imbalance.md
Can you breakdown the topics discussed on slide 50 of lecture 7?,lecture_7_slide_50_degree-of-class-imbalance.md
What are the important concepts on slide 50 in the context of lecture 7?,lecture_7_slide_50_degree-of-class-imbalance.md
Can you describe what is shown in image 1 on slide 53 of lecture 7?,lecture_7_slide_53_img1.md
What details are presented in image 1 of slide 53 from lecture 7?,lecture_7_slide_53_img1.md
Please explain the content of image 1 found on slide 53 in lecture 7.,lecture_7_slide_53_img1.md
What information does image 1 on slide 53 of lecture 7 convey?,lecture_7_slide_53_img1.md
Could you interpret the elements in image 1 on slide 53 from lecture 7?,lecture_7_slide_53_img1.md
What is depicted in image 1 of slide 53 in lecture 7?,lecture_7_slide_53_img1.md
Describe the visuals in image 1 on slide 53 of lecture 7.,lecture_7_slide_53_img1.md
What can you tell me about image 1 on slide 53 within lecture 7?,lecture_7_slide_53_img1.md
"Provide an explanation for the image on slide 53, specifically image 1, in lecture 7.",lecture_7_slide_53_img1.md
How would you explain the content shown in image 1 on slide 53 of lecture 7?,lecture_7_slide_53_img1.md
Could you clarify what is being illustrated in slide 37 of lecture 7?,lecture_7_slide_37_types-of-recommender-systems.md
Can you provide a detailed explanation of the content on slide 37 of lecture 7?,lecture_7_slide_37_types-of-recommender-systems.md
What concepts or information are covered on slide 37 in lecture 7?,lecture_7_slide_37_types-of-recommender-systems.md
Please explain the key points presented on slide 37 of our seventh lecture.,lecture_7_slide_37_types-of-recommender-systems.md
Could you break down the details of slide 37 from the seventh lecture for me?,lecture_7_slide_37_types-of-recommender-systems.md
What is the main focus of slide 37 in lecture 7?,lecture_7_slide_37_types-of-recommender-systems.md
Can you summarize the information shown in slide 37 of lecture 7?,lecture_7_slide_37_types-of-recommender-systems.md
What topic does slide 37 in lecture 7 address?,lecture_7_slide_37_types-of-recommender-systems.md
Could you give me an overview of what slide 37 in lecture 7 is about?,lecture_7_slide_37_types-of-recommender-systems.md
What is depicted on slide 37 of the seventh lecture?,lecture_7_slide_37_types-of-recommender-systems.md
Can you describe what image 1 on slide 31 of lecture 7 depicts?,lecture_7_slide_31_img1.md
Please explain the content of the first image found on slide 31 in lecture 7.,lecture_7_slide_31_img1.md
"What information is conveyed by the image on slide 31, image 1, of lecture 7?",lecture_7_slide_31_img1.md
Could you provide an explanation for image 1 on slide 31 of the seventh lecture?,lecture_7_slide_31_img1.md
What details are presented in image 1 of slide 31 from lecture 7?,lecture_7_slide_31_img1.md
Give an explanation of the first image on slide 31 from lecture 7.,lecture_7_slide_31_img1.md
How does image 1 on slide 31 in lecture 7 contribute to the lecture?,lecture_7_slide_31_img1.md
Describe the main features of image 1 on slide 31 from lecture 7.,lecture_7_slide_31_img1.md
What is shown in the first image on slide 31 of lecture 7?,lecture_7_slide_31_img1.md
Outline the significance of image 1 on slide 31 in the context of lecture 7.,lecture_7_slide_31_img1.md
Can you describe what is shown in image 1 on slide 21 of lecture 7?,lecture_7_slide_21_img1.md
What does image 1 on slide 21 of lecture 7 illustrate?,lecture_7_slide_21_img1.md
Please explain the content of image 1 found in slide 21 of lecture 7.,lecture_7_slide_21_img1.md
Could you clarify the details of image 1 on slide 21 in our seventh lecture?,lecture_7_slide_21_img1.md
What information is depicted in image 1 on the 21st slide of lecture 7?,lecture_7_slide_21_img1.md
How would you interpret image 1 from slide 21 in lecture 7?,lecture_7_slide_21_img1.md
What is the relevance of image 1 on slide 21 in the context of lecture 7?,lecture_7_slide_21_img1.md
Could you provide an explanation for image 1 located on slide 21 of lecture 7?,lecture_7_slide_21_img1.md
What is the significance of image 1 on slide 21 of the seventh lecture?,lecture_7_slide_21_img1.md
Please describe the visual elements and their meaning in image 1 from slide 21 of lecture 7.,lecture_7_slide_21_img1.md
Could you clarify the content presented on slide 54 of lecture 7?,lecture_7_slide_54_smote.md
Can you provide an explanation for what is depicted on slide 54 of lecture 7?,lecture_7_slide_54_smote.md
What is being discussed on slide 54 of the seventh lecture?,lecture_7_slide_54_smote.md
Please explain the information presented in slide 54 of lecture 7.,lecture_7_slide_54_smote.md
What details are covered on slide 54 from lecture 7?,lecture_7_slide_54_smote.md
Can you describe the key points from slide 54 of lecture 7?,lecture_7_slide_54_smote.md
What is the main focus of slide 54 in lecture 7?,lecture_7_slide_54_smote.md
Could you give an overview of slide 54 in the seventh lecture?,lecture_7_slide_54_smote.md
What is happening on slide 54 of lecture 7?,lecture_7_slide_54_smote.md
Can you summarize the material shown on slide 54 of lecture 7?,lecture_7_slide_54_smote.md
Could you elaborate on the content presented in slide 24 of lecture 7?,lecture_7_slide_24_isolation-forests.md
What information is being conveyed in slide 24 of lecture 7?,lecture_7_slide_24_isolation-forests.md
Can you describe the details shown on slide number 24 from lecture 7?,lecture_7_slide_24_isolation-forests.md
What is the focus of slide 24 in the seventh lecture?,lecture_7_slide_24_isolation-forests.md
Please explain the key points illustrated in slide 24 of lecture 7.,lecture_7_slide_24_isolation-forests.md
What topics are covered on slide 24 in lecture 7?,lecture_7_slide_24_isolation-forests.md
Could you provide an overview of what slide 24 is about in lecture 7?,lecture_7_slide_24_isolation-forests.md
What is depicted on slide 24 in the context of lecture 7?,lecture_7_slide_24_isolation-forests.md
Can you summarize the concepts shown on slide 24 of lecture 7?,lecture_7_slide_24_isolation-forests.md
What are the main ideas discussed in slide 24 of lecture 7?,lecture_7_slide_24_isolation-forests.md
Could you describe the content of image 1 on slide 17 from lecture 7?,lecture_7_slide_17_img1.md
What is depicted in the first image on slide 17 in lecture 7?,lecture_7_slide_17_img1.md
Can you explain what is shown in image 1 of slide 17 from the seventh lecture?,lecture_7_slide_17_img1.md
Please provide an explanation of the first image on slide 17 from the seventh lecture.,lecture_7_slide_17_img1.md
What does image 1 on slide 17 from lecture 7 illustrate?,lecture_7_slide_17_img1.md
Could you elaborate on image 1 from slide 17 in the seventh lecture?,lecture_7_slide_17_img1.md
What information is conveyed by image 1 on slide 17 of lecture 7?,lecture_7_slide_17_img1.md
Can you interpret the first image shown on slide 17 in lecture number 7?,lecture_7_slide_17_img1.md
What details can you provide about image 1 on slide 17 in the seventh lecture?,lecture_7_slide_17_img1.md
Can you describe the scene or data shown in image 1 of slide 17 from lecture 7?,lecture_7_slide_17_img1.md
Could you provide an explanation of what's depicted on slide 61 of lecture 7?,lecture_7_slide_61_disadvantage.md
What information is being presented on slide 61 in lecture 7?,lecture_7_slide_61_disadvantage.md
Can you describe the content shown on slide 61 from lecture 7?,lecture_7_slide_61_disadvantage.md
Please explain the main points covered on slide 61 of lecture 7.,lecture_7_slide_61_disadvantage.md
What details are discussed on slide 61 of lecture 7?,lecture_7_slide_61_disadvantage.md
Could you clarify the topics illustrated in slide 61 of lecture 7?,lecture_7_slide_61_disadvantage.md
What is the significance of the information on slide 61 from lecture 7?,lecture_7_slide_61_disadvantage.md
Can you summarize what's happening in slide 61 of lecture 7?,lecture_7_slide_61_disadvantage.md
What are the key elements highlighted on slide 61 in lecture 7?,lecture_7_slide_61_disadvantage.md
Please elaborate on the subject matter of slide 61 from lecture 7.,lecture_7_slide_61_disadvantage.md
Can you elaborate on the content presented in slide 16 of lecture 7?,lecture_7_slide_16_long-answer.md
What details are covered in slide 16 of the seventh lecture?,lecture_7_slide_16_long-answer.md
Could you clarify what is depicted in slide 16 from lecture 7?,lecture_7_slide_16_long-answer.md
What is the main topic discussed on slide 16 in lecture 7?,lecture_7_slide_16_long-answer.md
Please describe the key points of slide 16 in the seventh lecture.,lecture_7_slide_16_long-answer.md
What information is illustrated on slide 16 during lecture 7?,lecture_7_slide_16_long-answer.md
Could you provide an explanation of slide 16 in lecture 7?,lecture_7_slide_16_long-answer.md
What does slide 16 in lecture 7 focus on?,lecture_7_slide_16_long-answer.md
Can you summarize the content of slide 16 from lecture 7?,lecture_7_slide_16_long-answer.md
What is shown on slide 16 in lecture 7 and how does it relate to the rest of the lecture?,lecture_7_slide_16_long-answer.md
Could you clarify the content presented in slide 47 from lecture 7?,lecture_7_slide_47_sampling.md
Can you interpret the details shown in slide 47 of lecture 7?,lecture_7_slide_47_sampling.md
What is the main point discussed in slide 47 of lecture 7?,lecture_7_slide_47_sampling.md
Please describe the key elements found on slide 47 in lecture 7.,lecture_7_slide_47_sampling.md
Could you provide an explanation for slide 47 from lecture 7?,lecture_7_slide_47_sampling.md
What information is conveyed in slide 47 of lecture 7?,lecture_7_slide_47_sampling.md
Can you summarize the details of slide 47 from lecture 7?,lecture_7_slide_47_sampling.md
What are the key takeaways from slide 47 in lecture 7?,lecture_7_slide_47_sampling.md
Can you discuss what is depicted in slide 47 of lecture 7?,lecture_7_slide_47_sampling.md
Could you break down the specifics of slide 47 in lecture 7?,lecture_7_slide_47_sampling.md
Could you provide an explanation of the content presented on slide 15 from lecture 7?,lecture_7_slide_15_box-plot-15-iqr-rule.md
What information is being conveyed on slide 15 of the seventh lecture?,lecture_7_slide_15_box-plot-15-iqr-rule.md
Can you break down the details shown on slide 15 of lecture 7?,lecture_7_slide_15_box-plot-15-iqr-rule.md
What is depicted on slide 15 of lecture 7?,lecture_7_slide_15_box-plot-15-iqr-rule.md
Please summarize what's being shown on the 15th slide of the seventh lecture.,lecture_7_slide_15_box-plot-15-iqr-rule.md
How can you explain the concepts on slide 15 from lecture 7?,lecture_7_slide_15_box-plot-15-iqr-rule.md
Could you clarify the key points discussed on slide 15 of the seventh lecture?,lecture_7_slide_15_box-plot-15-iqr-rule.md
Can you offer an overview of the material on slide 15 from lecture 7?,lecture_7_slide_15_box-plot-15-iqr-rule.md
What does slide 15 from the seventh lecture illustrate?,lecture_7_slide_15_box-plot-15-iqr-rule.md
Please describe the contents of slide 15 in lecture 7.,lecture_7_slide_15_box-plot-15-iqr-rule.md
Could you describe the content of slide 30 from lecture 7?,lecture_7_slide_30_product-recommendation-amazon.md
What information is presented in slide 30 of the seventh lecture?,lecture_7_slide_30_product-recommendation-amazon.md
Can you explain the details shown on slide 30 of lecture number seven?,lecture_7_slide_30_product-recommendation-amazon.md
Please elaborate on what's depicted on slide 30 from the lecture 7 slides.,lecture_7_slide_30_product-recommendation-amazon.md
What is being discussed on slide 30 in lecture 7?,lecture_7_slide_30_product-recommendation-amazon.md
Could you summarize the key points of slide 30 from lecture 7?,lecture_7_slide_30_product-recommendation-amazon.md
What's happening on slide 30 of the seventh lecture?,lecture_7_slide_30_product-recommendation-amazon.md
Can you interpret the material on slide 30 in lecture 7?,lecture_7_slide_30_product-recommendation-amazon.md
What are the main topics covered in slide 30 of lecture 7?,lecture_7_slide_30_product-recommendation-amazon.md
Would you mind explaining what's on slide 30 from lecture seven?,lecture_7_slide_30_product-recommendation-amazon.md
Could you elaborate on the content of image 1 found on slide 12 of lecture 7?,lecture_7_slide_12_img1.md
What does image 1 depict on slide 12 of lecture 7?,lecture_7_slide_12_img1.md
Please describe image 1 as presented in slide 12 of lecture 7.,lecture_7_slide_12_img1.md
Can you provide an explanation for image 1 on slide 12 in lecture 7?,lecture_7_slide_12_img1.md
What is the significance of image 1 on slide 12 in lecture 7?,lecture_7_slide_12_img1.md
Explain what image 1 on slide 12 of lecture 7 represents.,lecture_7_slide_12_img1.md
How should we interpret image 1 on slide 12 of lecture 7?,lecture_7_slide_12_img1.md
What information does image 1 in slide 12 of lecture 7 convey?,lecture_7_slide_12_img1.md
Can you detail the elements shown in image 1 on slide 12 of lecture 7?,lecture_7_slide_12_img1.md
What key points are illustrated by image 1 on slide 12 in lecture 7?,lecture_7_slide_12_img1.md
"Could you describe the visual content found in slide 60 of lecture 7, specifically image 1?",lecture_7_slide_60_img1.md
Can you explain the elements present in image 1 on slide 60 from lecture 7?,lecture_7_slide_60_img1.md
What details does image 1 portray on slide 60 of the seventh lecture?,lecture_7_slide_60_img1.md
Please interpret the contents of image 1 located on slide 60 in lecture 7.,lecture_7_slide_60_img1.md
What is depicted in image 1 on slide 60 of the lecture 7 presentation?,lecture_7_slide_60_img1.md
Could you provide an explanation of image 1 found on slide 60 from the seventh set of lecture notes?,lecture_7_slide_60_img1.md
What is the significance of image 1 on slide 60 in the context of lecture 7?,lecture_7_slide_60_img1.md
Can you analyze the features of image 1 shown on slide 60 from lecture 7?,lecture_7_slide_60_img1.md
What information does image 1 convey on slide 60 in the seventh lecture?,lecture_7_slide_60_img1.md
Please elaborate on image 1 as shown on slide 60 during the lecture 7 session.,lecture_7_slide_60_img1.md
Can you clarify the content presented on slide 46 from lecture 7?,lecture_7_slide_46_categorization-of-class-imbalance.md
What is being discussed on slide 46 of the seventh lecture?,lecture_7_slide_46_categorization-of-class-imbalance.md
Please interpret the information shown on slide 46 of lecture 7.,lecture_7_slide_46_categorization-of-class-imbalance.md
Could you explain the details found on slide 46 in lecture 7?,lecture_7_slide_46_categorization-of-class-imbalance.md
What points are addressed on slide 46 of lecture number 7?,lecture_7_slide_46_categorization-of-class-imbalance.md
How would you summarize the key topics on slide 46 from the seventh lecture?,lecture_7_slide_46_categorization-of-class-imbalance.md
What explanation can you provide for the material on slide 46 in lecture 7?,lecture_7_slide_46_categorization-of-class-imbalance.md
Could you detail what's happening on slide 46 in lecture 7?,lecture_7_slide_46_categorization-of-class-imbalance.md
What is the main focus of slide 46 from lecture seven?,lecture_7_slide_46_categorization-of-class-imbalance.md
Can you describe the content displayed on slide 46 of the seventh lecture?,lecture_7_slide_46_categorization-of-class-imbalance.md
Can you describe the contents of slide 42 from lecture 7?,lecture_7_slide_42_matrix-factorization-mf.md
What details are presented on slide 42 of lecture 7?,lecture_7_slide_42_matrix-factorization-mf.md
Could you give an overview of what's discussed in slide 42 from lecture 7?,lecture_7_slide_42_matrix-factorization-mf.md
What information does slide 42 of lecture 7 convey?,lecture_7_slide_42_matrix-factorization-mf.md
Please explain the main points on slide 42 from lecture 7.,lecture_7_slide_42_matrix-factorization-mf.md
What is depicted in slide 42 of lecture 7?,lecture_7_slide_42_matrix-factorization-mf.md
Could you summarize the key elements of slide 42 from lecture 7?,lecture_7_slide_42_matrix-factorization-mf.md
What topics are covered on slide 42 in lecture 7?,lecture_7_slide_42_matrix-factorization-mf.md
What does slide 42 of lecture 7 illustrate?,lecture_7_slide_42_matrix-factorization-mf.md
Can you elaborate on the content found on slide 42 in lecture 7?,lecture_7_slide_42_matrix-factorization-mf.md
Can you describe the content of slide 28 from lecture 7?,lecture_7_slide_28_user-product-matrix.md
What is depicted on slide 28 in the seventh lecture?,lecture_7_slide_28_user-product-matrix.md
Could you elaborate on the information presented in slide 28 of lecture 7?,lecture_7_slide_28_user-product-matrix.md
What does slide 28 from lecture 7 discuss?,lecture_7_slide_28_user-product-matrix.md
Please interpret the material shown on slide 28 of the seventh lecture.,lecture_7_slide_28_user-product-matrix.md
What are the key points on slide 28 of lecture 7?,lecture_7_slide_28_user-product-matrix.md
How would you summarize the content of slide 28 in lecture 7?,lecture_7_slide_28_user-product-matrix.md
Can you clarify the details found on slide 28 of the seventh lecture?,lecture_7_slide_28_user-product-matrix.md
Give an overview of the subject matter on slide 28 from lecture 7.,lecture_7_slide_28_user-product-matrix.md
What is the focus of slide 28 in lecture 7?,lecture_7_slide_28_user-product-matrix.md
Could you describe the content of slide 62 from lecture 7?,lecture_7_slide_62_evaluation-of-classifiers-using-smoteada.md
What details are presented on slide 62 of lecture 7?,lecture_7_slide_62_evaluation-of-classifiers-using-smoteada.md
Can you explain the information shown on slide 62 of lecture 7?,lecture_7_slide_62_evaluation-of-classifiers-using-smoteada.md
Please elaborate on what is being discussed in slide 62 from lecture 7.,lecture_7_slide_62_evaluation-of-classifiers-using-smoteada.md
What is covered in the 62nd slide of lecture 7?,lecture_7_slide_62_evaluation-of-classifiers-using-smoteada.md
Could you provide an explanation for slide 62 in lecture 7?,lecture_7_slide_62_evaluation-of-classifiers-using-smoteada.md
What is the main focus of slide 62 in lecture 7?,lecture_7_slide_62_evaluation-of-classifiers-using-smoteada.md
Can you summarize the key points from slide 62 of lecture 7?,lecture_7_slide_62_evaluation-of-classifiers-using-smoteada.md
What does slide 62 in lecture 7 talk about?,lecture_7_slide_62_evaluation-of-classifiers-using-smoteada.md
Please detail what is happening in slide 62 of lecture 7.,lecture_7_slide_62_evaluation-of-classifiers-using-smoteada.md
Can you provide an explanation for the second image on slide 17 from lecture 7?,lecture_7_slide_17_img2.md
What does image 2 on slide 17 of lecture 7 represent?,lecture_7_slide_17_img2.md
Could you break down the contents of the second image found in slide 17 of our seventh lecture?,lecture_7_slide_17_img2.md
Help me understand what image 2 on slide 17 of lecture 7 is illustrating.,lecture_7_slide_17_img2.md
Please explain the significance of the second image on the 17th slide from lecture 7.,lecture_7_slide_17_img2.md
What information is conveyed by image 2 on slide 17 from lecture 7?,lecture_7_slide_17_img2.md
"In lecture 7, slide 17, what details are depicted in image 2?",lecture_7_slide_17_img2.md
Would you clarify the message behind the second image found on the 17th slide of the seventh lecture?,lecture_7_slide_17_img2.md
Can you detail the concepts shown in the second image of slide 17 in lecture 7?,lecture_7_slide_17_img2.md
What is the explanation for image 2 featured in slide 17 of our seventh lecture session?,lecture_7_slide_17_img2.md
Can you describe the content of slide 27 from lecture 7?,lecture_7_slide_27_product-recommendation.md
What details are presented in slide 27 of the seventh lecture?,lecture_7_slide_27_product-recommendation.md
Could you elaborate on what's displayed in slide 27 of lecture 7?,lecture_7_slide_27_product-recommendation.md
What information is provided on slide 27 of the seventh lecture?,lecture_7_slide_27_product-recommendation.md
Please explain the concepts covered in slide 27 of lecture 7.,lecture_7_slide_27_product-recommendation.md
What is the key message of slide 27 in lecture 7?,lecture_7_slide_27_product-recommendation.md
Tell me what is depicted in slide 27 from the seventh lecture.,lecture_7_slide_27_product-recommendation.md
Can you summarize slide 27 of lecture 7 for me?,lecture_7_slide_27_product-recommendation.md
What is the focus of slide 27 in lecture 7?,lecture_7_slide_27_product-recommendation.md
Could you give an overview of slide 27 from the seventh lecture?,lecture_7_slide_27_product-recommendation.md
Could you describe the content of slide 55 in lecture 7?,lecture_7_slide_55_smote-example.md
What concepts are presented on slide 55 of the seventh lecture?,lecture_7_slide_55_smote-example.md
What information is depicted on slide number 55 in lecture 7?,lecture_7_slide_55_smote-example.md
Can you elucidate the details shown on slide 55 from lecture 7?,lecture_7_slide_55_smote-example.md
Please explain the highlights of slide 55 in lecture 7.,lecture_7_slide_55_smote-example.md
What is the main focus of slide 55 in the seventh lecture?,lecture_7_slide_55_smote-example.md
Could you interpret the contents of slide 55 from lecture 7?,lecture_7_slide_55_smote-example.md
What are the key points discussed on slide number 55 in lecture 7?,lecture_7_slide_55_smote-example.md
What does slide 55 entail in the context of the seventh lecture?,lecture_7_slide_55_smote-example.md
Can you summarize the information presented on slide 55 from lecture 7?,lecture_7_slide_55_smote-example.md
Could you clarify the content presented on slide 59 of lecture 7?,lecture_7_slide_59_adasyn-extension-of-smote.md
What details are discussed on slide 59 of the seventh lecture?,lecture_7_slide_59_adasyn-extension-of-smote.md
Can you provide an explanation for slide 59 in lecture 7?,lecture_7_slide_59_adasyn-extension-of-smote.md
What information is conveyed on slide 59 of the 7th lecture?,lecture_7_slide_59_adasyn-extension-of-smote.md
Please elaborate on the concepts shown on slide 59 from lecture 7.,lecture_7_slide_59_adasyn-extension-of-smote.md
How is the material on slide 59 of lesson 7 explained?,lecture_7_slide_59_adasyn-extension-of-smote.md
What is the subject matter of slide 59 in lecture 7?,lecture_7_slide_59_adasyn-extension-of-smote.md
Could you describe what's on slide 59 of lecture 7?,lecture_7_slide_59_adasyn-extension-of-smote.md
What are the key points covered on slide 59 in lecture 7?,lecture_7_slide_59_adasyn-extension-of-smote.md
Can you summarize the content of slide 59 from the seventh lecture?,lecture_7_slide_59_adasyn-extension-of-smote.md
Can you describe the content of slide 57 from lecture 7?,lecture_7_slide_57_adasyn-extension-of-smote.md
What details are presented on slide 57 of the seventh lecture?,lecture_7_slide_57_adasyn-extension-of-smote.md
Could you elaborate on the information shown in slide 57 of lecture 7?,lecture_7_slide_57_adasyn-extension-of-smote.md
What is the main focus of slide 57 in lecture 7?,lecture_7_slide_57_adasyn-extension-of-smote.md
What topics are covered in slide 57 from the 7th lecture?,lecture_7_slide_57_adasyn-extension-of-smote.md
How would you explain the key points of slide 57 in lecture 7?,lecture_7_slide_57_adasyn-extension-of-smote.md
What is being discussed on slide 57 of lecture seven?,lecture_7_slide_57_adasyn-extension-of-smote.md
Can you provide an overview of what is depicted on slide 57 in lecture 7?,lecture_7_slide_57_adasyn-extension-of-smote.md
What are the main themes presented in slide 57 of the seventh lecture?,lecture_7_slide_57_adasyn-extension-of-smote.md
Could you summarize the content of slide 57 from lecture 7?,lecture_7_slide_57_adasyn-extension-of-smote.md
Could you describe what's happening in slide 17 from lecture 7?,lecture_7_slide_17_cluster-based-outlier-detection.md
What information is being presented in slide 17 of the seventh lecture?,lecture_7_slide_17_cluster-based-outlier-detection.md
Can you explain the content of lecture 7's slide 17?,lecture_7_slide_17_cluster-based-outlier-detection.md
What is the main focus of slide 17 in the seventh lecture?,lecture_7_slide_17_cluster-based-outlier-detection.md
Could you shed some light on the details in slide 17 of lecture 7?,lecture_7_slide_17_cluster-based-outlier-detection.md
What does slide 17 in lecture 7 illustrate?,lecture_7_slide_17_cluster-based-outlier-detection.md
"Can you clarify the points discussed in lecture 7, slide 17?",lecture_7_slide_17_cluster-based-outlier-detection.md
Could you summarize the key aspects of slide 17 from the seventh lecture?,lecture_7_slide_17_cluster-based-outlier-detection.md
What are the key elements depicted in slide 17 of lecture 7?,lecture_7_slide_17_cluster-based-outlier-detection.md
How would you interpret the content of slide 17 in the seventh lecture?,lecture_7_slide_17_cluster-based-outlier-detection.md
Please describe the contents of image 1 found on slide 25 in lecture 7.,lecture_7_slide_25_img1.md
Could you explain what is depicted in image 1 on slide 25 of the seventh lecture?,lecture_7_slide_25_img1.md
What does image 1 on slide 25 in lecture 7 illustrate?,lecture_7_slide_25_img1.md
Can you provide an explanation for image 1 shown on slide 25 of lecture 7?,lecture_7_slide_25_img1.md
Could you clarify the details of image 1 located on slide 25 in the seventh lecture?,lecture_7_slide_25_img1.md
What does the first image on slide 25 in lecture 7 represent?,lecture_7_slide_25_img1.md
Kindly expound on the details of image 1 on slide 25 in the seventh lecture.,lecture_7_slide_25_img1.md
Please interpret the first image found on slide 25 of lecture 7.,lecture_7_slide_25_img1.md
What information is conveyed by image 1 on slide 25 in the seventh lecture?,lecture_7_slide_25_img1.md
Can you discuss the significance of image 1 on slide 25 for the lecture 7 content?,lecture_7_slide_25_img1.md
"Could you provide an explanation for the image on slide 38, specifically image 3, from lecture 7?",lecture_7_slide_38_img3.md
"What is shown in image 3 on slide 38 of lecture 7, and can you explain it?",lecture_7_slide_38_img3.md
Can you describe the third image found on slide 38 from lecture 7?,lecture_7_slide_38_img3.md
Please elaborate on the content of image 3 located in slide 38 of lecture 7.,lecture_7_slide_38_img3.md
How would you interpret the third image presented on slide 38 from our lecture 7?,lecture_7_slide_38_img3.md
What details can you share about image 3 that appears on slide 38 in the seventh lecture?,lecture_7_slide_38_img3.md
Could you break down the elements of image 3 on slide 38 from lecture 7 for me?,lecture_7_slide_38_img3.md
What information is conveyed by the third image on slide 38 of the seventh lecture?,lecture_7_slide_38_img3.md
Can you clarify the details presented in image 3 on slide 38 of lecture 7?,lecture_7_slide_38_img3.md
Please explain the image labeled as number 3 on slide 38 from our seventh lecture.,lecture_7_slide_38_img3.md
Can you describe the content presented in slide 43 of lecture 7?,lecture_7_slide_43_beyond-accuracy-in-recommender-systems.md
What information is depicted in slide 43 from lecture 7?,lecture_7_slide_43_beyond-accuracy-in-recommender-systems.md
Could you clarify the details on slide 43 in lecture 7 for me?,lecture_7_slide_43_beyond-accuracy-in-recommender-systems.md
What is explained in slide 43 of the seventh lecture?,lecture_7_slide_43_beyond-accuracy-in-recommender-systems.md
What are the key points shown on slide 43 of lecture 7?,lecture_7_slide_43_beyond-accuracy-in-recommender-systems.md
Would you mind interpreting the material on slide 43 from lecture 7?,lecture_7_slide_43_beyond-accuracy-in-recommender-systems.md
Can you summarize the main ideas on slide 43 of lecture 7?,lecture_7_slide_43_beyond-accuracy-in-recommender-systems.md
What is the focus of slide 43 in the seventh lecture?,lecture_7_slide_43_beyond-accuracy-in-recommender-systems.md
How does slide 43 of lecture 7 contribute to the overall discussion?,lecture_7_slide_43_beyond-accuracy-in-recommender-systems.md
Please explain the significance of slide 43 in lecture 7.,lecture_7_slide_43_beyond-accuracy-in-recommender-systems.md
Can you describe the content of slide 14 from lecture 7?,lecture_7_slide_14_quartiles-and-boxplot.md
What is depicted on slide 14 of lecture 7?,lecture_7_slide_14_quartiles-and-boxplot.md
Could you explain the key points covered on slide 14 in lecture 7?,lecture_7_slide_14_quartiles-and-boxplot.md
What information is presented in slide 14 of the seventh lecture?,lecture_7_slide_14_quartiles-and-boxplot.md
Can you summarize the main topics discussed on slide 14 of lecture 7?,lecture_7_slide_14_quartiles-and-boxplot.md
What are the highlights of slide 14 from our seventh lecture?,lecture_7_slide_14_quartiles-and-boxplot.md
Please explain the details found in slide 14 of lecture 7.,lecture_7_slide_14_quartiles-and-boxplot.md
What concepts are illustrated in slide 14 of the seventh lecture?,lecture_7_slide_14_quartiles-and-boxplot.md
Could you elaborate on the material shown on slide 14 of lecture 7?,lecture_7_slide_14_quartiles-and-boxplot.md
What does slide 14 of lecture 7 talk about?,lecture_7_slide_14_quartiles-and-boxplot.md
Could you clarify the contents of slide 36 from lecture 7?,lecture_7_slide_36_types-of-recommender-systems.md
What is the main topic discussed on slide 36 of lecture 7?,lecture_7_slide_36_types-of-recommender-systems.md
Could you provide an explanation for slide 36 found in lecture 7?,lecture_7_slide_36_types-of-recommender-systems.md
What information is presented on slide 36 of lecture 7?,lecture_7_slide_36_types-of-recommender-systems.md
Can you give a summary of what's shown on slide 36 of lecture 7?,lecture_7_slide_36_types-of-recommender-systems.md
What are the key points on slide 36 of the seventh lecture?,lecture_7_slide_36_types-of-recommender-systems.md
Can you interpret the data or themes on slide 36 from lecture 7?,lecture_7_slide_36_types-of-recommender-systems.md
What is depicted on slide 36 of the seventh lecture presentation?,lecture_7_slide_36_types-of-recommender-systems.md
Could you describe the material covered on slide 36 in lecture 7?,lecture_7_slide_36_types-of-recommender-systems.md
What does slide 36 convey in the context of lecture 7?,lecture_7_slide_36_types-of-recommender-systems.md
Can you describe what is shown in image 1 on slide 13 from lecture 7?,lecture_7_slide_13_img1.md
Please explain the content of image 1 found in slide 13 from the seventh lecture.,lecture_7_slide_13_img1.md
Could you provide an explanation for image 1 on the 13th slide of lecture 7?,lecture_7_slide_13_img1.md
What is depicted in image 1 of slide 13 in the seventh lecture?,lecture_7_slide_13_img1.md
Give an explanation of the first image on slide 13 from lecture number 7.,lecture_7_slide_13_img1.md
What does image 1 on slide 13 from lecture 7 illustrate?,lecture_7_slide_13_img1.md
Can you detail the information presented in image 1 on slide 13 of lecture seven?,lecture_7_slide_13_img1.md
Please describe the details of image 1 found on slide 13 from lecture 7.,lecture_7_slide_13_img1.md
What can you tell me about image 1 on the 13th slide of lecture seven?,lecture_7_slide_13_img1.md
Could you explain the visual content of image 1 in slide 13 of lecture 7?,lecture_7_slide_13_img1.md
Could you clarify the content on slide 22 from lecture 7?,lecture_7_slide_22_local-distance-based-outlier-detection.md
What information is presented on slide 22 in our seventh lecture?,lecture_7_slide_22_local-distance-based-outlier-detection.md
Please elaborate on the details of slide 22 from lecture 7.,lecture_7_slide_22_local-distance-based-outlier-detection.md
Can you provide an explanation for slide 22 of lecture 7?,lecture_7_slide_22_local-distance-based-outlier-detection.md
What is happening in slide 22 during our lecture 7?,lecture_7_slide_22_local-distance-based-outlier-detection.md
Could you discuss the key points on slide 22 of lecture 7?,lecture_7_slide_22_local-distance-based-outlier-detection.md
What does slide 22 cover in lecture 7?,lecture_7_slide_22_local-distance-based-outlier-detection.md
Please explain the material found on slide 22 in lecture 7.,lecture_7_slide_22_local-distance-based-outlier-detection.md
What are the main concepts presented on slide 22 of the seventh lecture?,lecture_7_slide_22_local-distance-based-outlier-detection.md
Can you detail what slide 22 in lecture 7 is about?,lecture_7_slide_22_local-distance-based-outlier-detection.md
Can you describe what is happening on slide 35 of lecture 7?,lecture_7_slide_35_sample-recommendation-system.md
What details are presented in slide 35 from lecture 7?,lecture_7_slide_35_sample-recommendation-system.md
Could you clarify the content of slide 35 in the seventh lecture?,lecture_7_slide_35_sample-recommendation-system.md
Please elucidate the concepts shown on slide 35 of lecture 7.,lecture_7_slide_35_sample-recommendation-system.md
What information does slide 35 of the seventh lecture convey?,lecture_7_slide_35_sample-recommendation-system.md
Could you break down the material covered on slide 35 in lecture 7?,lecture_7_slide_35_sample-recommendation-system.md
What is the main focus of slide 35 in the lecture 7 presentation?,lecture_7_slide_35_sample-recommendation-system.md
Please explain the key points illustrated on slide 35 of lecture 7.,lecture_7_slide_35_sample-recommendation-system.md
What are the crucial elements discussed on slide 35 in lecture 7?,lecture_7_slide_35_sample-recommendation-system.md
Can you provide a summary of the topics on slide 35 from the seventh lecture?,lecture_7_slide_35_sample-recommendation-system.md
Can you elaborate on the content presented in slide 51 of lecture 7?,lecture_7_slide_51_synthetic-minority-oversampling-techniqu.md
What details are covered in slide 51 from lecture 7?,lecture_7_slide_51_synthetic-minority-oversampling-techniqu.md
Could you provide an explanation for what's depicted on slide 51 in lecture 7?,lecture_7_slide_51_synthetic-minority-oversampling-techniqu.md
What is the main focus of the slide 51 in the seventh lecture?,lecture_7_slide_51_synthetic-minority-oversampling-techniqu.md
Please break down the information presented on slide 51 of the seventh lecture.,lecture_7_slide_51_synthetic-minority-oversampling-techniqu.md
What topics are addressed in slide 51 of lecture number 7?,lecture_7_slide_51_synthetic-minority-oversampling-techniqu.md
Can you summarize the key points displayed on slide 51 of lecture 7?,lecture_7_slide_51_synthetic-minority-oversampling-techniqu.md
What is the subject matter discussed in slide 51 from the seventh lecture?,lecture_7_slide_51_synthetic-minority-oversampling-techniqu.md
Briefly describe what is illustrated in slide 51 of the lecture 7.,lecture_7_slide_51_synthetic-minority-oversampling-techniqu.md
What explanations are given in slide 51 from the series of lecture 7?,lecture_7_slide_51_synthetic-minority-oversampling-techniqu.md
Can you describe what is depicted in image 1 on slide 27 of lecture 7?,lecture_7_slide_27_img1.md
Could you provide an explanation of image 1 from slide 27 in lecture 7?,lecture_7_slide_27_img1.md
What does image 1 on slide 27 from lecture 7 illustrate?,lecture_7_slide_27_img1.md
Please explain the content of image 1 found on slide 27 in lecture 7.,lecture_7_slide_27_img1.md
What is shown in image 1 on the 27th slide of lecture 7?,lecture_7_slide_27_img1.md
Can you interpret image 1 on slide 27 from our seventh lecture?,lecture_7_slide_27_img1.md
How would you describe image 1 on slide 27 of lecture 7?,lecture_7_slide_27_img1.md
Could you clarify the details of image 1 located on slide 27 in lecture 7?,lecture_7_slide_27_img1.md
What information does image 1 on slide 27 of lecture 7 convey?,lecture_7_slide_27_img1.md
Please decode the meaning of image 1 on slide 27 within lecture 7.,lecture_7_slide_27_img1.md
Could you elaborate on the content of image 2 from slide 14 in lecture 7?,lecture_7_slide_14_img2.md
What does image 2 on slide 14 from lecture 7 depict?,lecture_7_slide_14_img2.md
Can you explain the details shown in image 2 on slide 14 from our seventh lecture?,lecture_7_slide_14_img2.md
Please describe the information presented in image 2 of slide 14 in lecture 7.,lecture_7_slide_14_img2.md
What is the significance of image 2 on slide 14 in the context of lecture 7?,lecture_7_slide_14_img2.md
Could you provide an explanation for the second image on slide 14 from our seventh lecture?,lecture_7_slide_14_img2.md
"In lecture 7, what does slide 14's image 2 illustrate?",lecture_7_slide_14_img2.md
Can you interpret the meaning of image 2 found on slide 14 in lecture 7?,lecture_7_slide_14_img2.md
What explanation can be offered for the second image on the fourteenth slide of lecture 7?,lecture_7_slide_14_img2.md
Please clarify the content and purpose of image 2 on the 14th slide from lecture 7.,lecture_7_slide_14_img2.md
Can you provide an explanation of image 1 found on slide 55 in lecture 7?,lecture_7_slide_55_img1.md
Please elaborate on the content of image 1 located on slide 55 of our seventh lecture.,lecture_7_slide_55_img1.md
What does image 1 illustrate in slide 55 of lecture 7?,lecture_7_slide_55_img1.md
Could you clarify the details of image 1 on slide 55 from lecture 7?,lecture_7_slide_55_img1.md
Explain what image 1 depicts on the 55th slide of lecture 7.,lecture_7_slide_55_img1.md
I'd like an explanation of the first image presented on slide 55 of our lecture 7.,lecture_7_slide_55_img1.md
What information is conveyed by image 1 in slide 55 of the seventh lecture?,lecture_7_slide_55_img1.md
Provide an analysis of the image 1 content on slide 55 from lecture 7.,lecture_7_slide_55_img1.md
What is described by image 1 on slide 55 in the context of lecture 7?,lecture_7_slide_55_img1.md
Could you detail the significance of image 1 as seen on slide 55 in lecture 7?,lecture_7_slide_55_img1.md
Can you describe the contents of image 1 found on slide 18 from lecture 7?,lecture_7_slide_18_img1.md
What is depicted in the first image on slide 18 of lecture 7?,lecture_7_slide_18_img1.md
Please explain the significance of image 1 on slide 18 in lecture 7.,lecture_7_slide_18_img1.md
How would you interpret image 1 on the 18th slide in lecture 7?,lecture_7_slide_18_img1.md
Provide an analysis of image 1 located on slide 18 of the seventh lecture.,lecture_7_slide_18_img1.md
What information is presented in the first image on slide 18 of our seventh lecture?,lecture_7_slide_18_img1.md
Could you elucidate on image 1 shown on the 18th slide of lecture 7?,lecture_7_slide_18_img1.md
What details does image 1 convey on slide 18 from lecture 7?,lecture_7_slide_18_img1.md
Can you clarify the meaning behind image 1 on the 18th slide of the seventh lecture?,lecture_7_slide_18_img1.md
How should image 1 on slide 18 of lecture 7 be understood?,lecture_7_slide_18_img1.md
Could you describe what's happening in slide 4 of lecture 7?,lecture_7_slide_4_httpsxkcdcom539.md
What are the details presented on slide 4 of lecture 7?,lecture_7_slide_4_httpsxkcdcom539.md
Can you explain the content of slide 4 in lecture 7?,lecture_7_slide_4_httpsxkcdcom539.md
What information is conveyed in slide 4 of lecture 7?,lecture_7_slide_4_httpsxkcdcom539.md
Please elucidate on the points made in slide 4 of lecture 7.,lecture_7_slide_4_httpsxkcdcom539.md
What is the main focus of slide 4 in lecture 7?,lecture_7_slide_4_httpsxkcdcom539.md
How is the topic in slide 4 of lecture 7 presented?,lecture_7_slide_4_httpsxkcdcom539.md
Could you clarify the concepts shown on slide 4 of lecture 7?,lecture_7_slide_4_httpsxkcdcom539.md
What topics are covered in slide 4 of lecture 7?,lecture_7_slide_4_httpsxkcdcom539.md
Can you summarize the key points on slide 4 of lecture 7?,lecture_7_slide_4_httpsxkcdcom539.md
Could you clarify what's happening in slide 13 of lecture 7?,lecture_7_slide_13_graphical-outlier-detection.md
Can you describe the content of slide 13 from lecture 7?,lecture_7_slide_13_graphical-outlier-detection.md
What is being covered in slide 13 of lecture 7?,lecture_7_slide_13_graphical-outlier-detection.md
Please explain the details of slide 13 in lecture 7.,lecture_7_slide_13_graphical-outlier-detection.md
What information is presented on slide 13 of lecture 7?,lecture_7_slide_13_graphical-outlier-detection.md
Could you provide an explanation of the concepts on slide 13 from lecture 7?,lecture_7_slide_13_graphical-outlier-detection.md
What are the key points on slide 13 of lecture 7?,lecture_7_slide_13_graphical-outlier-detection.md
Can you summarize the material on slide 13 in lecture 7?,lecture_7_slide_13_graphical-outlier-detection.md
What does slide 13 from lecture 7 illustrate?,lecture_7_slide_13_graphical-outlier-detection.md
Could you break down what's shown on slide 13 of lecture 7?,lecture_7_slide_13_graphical-outlier-detection.md
Can you describe what is shown in image 4 on slide 44 from lecture 7?,lecture_7_slide_44_img4.md
What is depicted in the fourth image on slide 44 of the seventh lecture?,lecture_7_slide_44_img4.md
"Could you explain the contents of the image on slide 44, image 4 of lecture 7?",lecture_7_slide_44_img4.md
Please elaborate on the image labeled as number 4 on slide 44 in lecture 7.,lecture_7_slide_44_img4.md
What information does image 4 on slide 44 of lecture 7 convey?,lecture_7_slide_44_img4.md
Describe the details presented in image 4 on slide 44 from the seventh lecture.,lecture_7_slide_44_img4.md
"What is the significance of the image found on slide 44, image 4 of the lecture 7 presentation?",lecture_7_slide_44_img4.md
Can you provide an explanation for the fourth image located on slide 44 in lecture 7?,lecture_7_slide_44_img4.md
How would you interpret image 4 that appears on slide 44 in the seventh lecture?,lecture_7_slide_44_img4.md
Could you offer a summary of what is shown in image 4 from slide 44 in lecture 7?,lecture_7_slide_44_img4.md
Can you elaborate on the content presented in slide 12 of lecture 7?,lecture_7_slide_12_global-vs-local-outliers.md
What are the key points discussed in slide 12 of the seventh lecture?,lecture_7_slide_12_global-vs-local-outliers.md
Could you provide an explanation of the material on slide 12 from lecture 7?,lecture_7_slide_12_global-vs-local-outliers.md
What is the main focus of slide 12 in the seventh lecture?,lecture_7_slide_12_global-vs-local-outliers.md
How would you describe the information shown on slide 12 during lecture 7?,lecture_7_slide_12_global-vs-local-outliers.md
Could you clarify the topic covered in slide 12 of lecture 7?,lecture_7_slide_12_global-vs-local-outliers.md
What details are depicted on slide 12 of the seventh lecture?,lecture_7_slide_12_global-vs-local-outliers.md
Can you summarize the concepts discussed in slide 12 of lecture 7?,lecture_7_slide_12_global-vs-local-outliers.md
What is happening on slide 12 of the seventh lecture?,lecture_7_slide_12_global-vs-local-outliers.md
Could you explain the contents of slide 12 from lecture 7 in detail?,lecture_7_slide_12_global-vs-local-outliers.md
Could you describe the content of image 2 on slide 50 from lecture 7?,lecture_7_slide_50_img2.md
What is shown in image 2 of slide 50 in the seventh lecture?,lecture_7_slide_50_img2.md
Can you explain the details of the second image on slide 50 of lecture 7?,lecture_7_slide_50_img2.md
Please provide an explanation of image 2 from slide 50 in lecture 7.,lecture_7_slide_50_img2.md
What is the significance of image 2 on slide 50 in lecture 7?,lecture_7_slide_50_img2.md
How would you interpret image 2 located on slide 50 of lecture 7?,lecture_7_slide_50_img2.md
What does image 2 depict in slide 50 of the seventh lecture?,lecture_7_slide_50_img2.md
Could you elaborate on the second image found on slide 50 from lecture 7?,lecture_7_slide_50_img2.md
What information is conveyed by image 2 on slide 50 in lecture 7?,lecture_7_slide_50_img2.md
Please clarify the content presented in image 2 on slide 50 during lecture 7.,lecture_7_slide_50_img2.md
Can you describe the content presented on slide 19 of lecture 7?,lecture_7_slide_19_distance-based-outlier-detection.md
What is being discussed on slide 19 from lecture 7?,lecture_7_slide_19_distance-based-outlier-detection.md
Could you elaborate on the details found on slide 19 of lecture 7?,lecture_7_slide_19_distance-based-outlier-detection.md
What information does slide 19 of lecture 7 convey?,lecture_7_slide_19_distance-based-outlier-detection.md
Please explain the main points covered in slide 19 from lecture 7.,lecture_7_slide_19_distance-based-outlier-detection.md
What is the focus of slide 19 in lecture 7?,lecture_7_slide_19_distance-based-outlier-detection.md
What are the key elements highlighted on slide 19 of lecture 7?,lecture_7_slide_19_distance-based-outlier-detection.md
Could you summarize the material presented on slide 19 in lecture 7?,lecture_7_slide_19_distance-based-outlier-detection.md
What topic is addressed on slide 19 of lecture 7?,lecture_7_slide_19_distance-based-outlier-detection.md
What is happening on slide 19 of lecture 7?,lecture_7_slide_19_distance-based-outlier-detection.md
Could you clarify the content presented on slide 2 of lecture 7?,lecture_7_slide_2_overview.md
What details are covered in the second slide of lecture 7?,lecture_7_slide_2_overview.md
Can you provide an explanation of the information on slide 2 from lecture 7?,lecture_7_slide_2_overview.md
What is the focus of slide 2 in the seventh lecture?,lecture_7_slide_2_overview.md
Please elaborate on the points discussed in slide 2 of lecture 7.,lecture_7_slide_2_overview.md
What are the key elements described on the second slide of the seventh lecture?,lecture_7_slide_2_overview.md
Could you break down the contents of slide 2 from the lecture 7 presentation?,lecture_7_slide_2_overview.md
What is being illustrated in the second slide of lecture number 7?,lecture_7_slide_2_overview.md
Can you summarize the main topics addressed in slide 2 of lecture 7?,lecture_7_slide_2_overview.md
What information is conveyed on slide 2 of the seventh lecture?,lecture_7_slide_2_overview.md
Could you provide an explanation of slide 23 from lecture 7?,lecture_7_slide_23_problem-with-unsupervised-outlier-detect.md
What details are covered in slide 23 of lecture 7?,lecture_7_slide_23_problem-with-unsupervised-outlier-detect.md
Can you clarify what is being discussed on slide 23 of the seventh lecture?,lecture_7_slide_23_problem-with-unsupervised-outlier-detect.md
What key points are highlighted in slide 23 of lecture 7?,lecture_7_slide_23_problem-with-unsupervised-outlier-detect.md
Please explain the content presented on slide 23 from the seventh lecture.,lecture_7_slide_23_problem-with-unsupervised-outlier-detect.md
What information does slide 23 in lecture 7 convey?,lecture_7_slide_23_problem-with-unsupervised-outlier-detect.md
Could you break down the content on slide 23 of our seventh lecture?,lecture_7_slide_23_problem-with-unsupervised-outlier-detect.md
What is the main focus of slide 23 in lecture 7?,lecture_7_slide_23_problem-with-unsupervised-outlier-detect.md
Can you summarize the details shown on slide 23 during lecture 7?,lecture_7_slide_23_problem-with-unsupervised-outlier-detect.md
What are the important elements discussed in slide 23 of lecture 7?,lecture_7_slide_23_problem-with-unsupervised-outlier-detect.md
Could you describe the content of slide 44 from lecture 7?,lecture_7_slide_44_content-based-recommender.md
What information is presented on slide 44 in lecture 7?,lecture_7_slide_44_content-based-recommender.md
Can you clarify what slide 44 in lecture 7 is about?,lecture_7_slide_44_content-based-recommender.md
Please explain the details shown on slide 44 of the seventh lecture.,lecture_7_slide_44_content-based-recommender.md
What is being discussed on slide 44 in the seventh lecture?,lecture_7_slide_44_content-based-recommender.md
Could you summarize the key points on slide 44 from lecture 7?,lecture_7_slide_44_content-based-recommender.md
What is depicted on slide 44 of lecture 7?,lecture_7_slide_44_content-based-recommender.md
What are the main topics covered on slide 44 in lecture 7?,lecture_7_slide_44_content-based-recommender.md
Can you provide an overview of slide 44 from the seventh lecture?,lecture_7_slide_44_content-based-recommender.md
What does slide 44 in lecture 7 talk about?,lecture_7_slide_44_content-based-recommender.md
Can you describe the content of slide 32 from lecture 7?,lecture_7_slide_32_cost-of-finding-nearest-neighbors.md
What is being presented on slide 32 in the seventh lecture?,lecture_7_slide_32_cost-of-finding-nearest-neighbors.md
Could you clarify what is shown on slide 32 of our seventh lecture?,lecture_7_slide_32_cost-of-finding-nearest-neighbors.md
What is the main topic discussed in slide 32 of lecture 7?,lecture_7_slide_32_cost-of-finding-nearest-neighbors.md
Please explain the details covered on slide 32 from lecture 7.,lecture_7_slide_32_cost-of-finding-nearest-neighbors.md
What information is presented on slide 32 of the week 7 lecture?,lecture_7_slide_32_cost-of-finding-nearest-neighbors.md
I'd appreciate an explanation of slide 32 from lecture 7.,lecture_7_slide_32_cost-of-finding-nearest-neighbors.md
Could you provide a brief overview of the content on slide 32 from lecture 7?,lecture_7_slide_32_cost-of-finding-nearest-neighbors.md
What are the key points discussed on slide 32 in lecture 7?,lecture_7_slide_32_cost-of-finding-nearest-neighbors.md
What does slide 32 of lecture 7 focus on?,lecture_7_slide_32_cost-of-finding-nearest-neighbors.md
Could you elaborate on the depiction in image 1 found on slide 54 of lecture 7?,lecture_7_slide_54_img1.md
What details can you provide about image 1 on slide 54 from lecture 7?,lecture_7_slide_54_img1.md
Can you break down the elements of image 1 located in slide 54 of lecture 7?,lecture_7_slide_54_img1.md
Please interpret the significance of image 1 presented on slide 54 of lecture 7.,lecture_7_slide_54_img1.md
What is the explanation for the content of image 1 on slide 54 in lecture 7?,lecture_7_slide_54_img1.md
Could you discuss the features of image 1 shown on slide 54 of lecture 7?,lecture_7_slide_54_img1.md
What insights does image 1 on slide 54 of lecture 7 offer?,lecture_7_slide_54_img1.md
Can you describe the main points illustrated by image 1 on slide 54 in lecture 7?,lecture_7_slide_54_img1.md
What information does image 1 convey on slide 54 of lecture 7?,lecture_7_slide_54_img1.md
Please analyze the components of image 1 presented in slide 54 of lecture 7.,lecture_7_slide_54_img1.md
"Could you clarify the content of slide 44, specifically image 1, from lecture 7?",lecture_7_slide_44_img1.md
What is depicted in the first image on slide 44 of the seventh lecture?,lecture_7_slide_44_img1.md
Please interpret the first image on slide 44 in lecture 7.,lecture_7_slide_44_img1.md
Can you provide an explanation of image 1 found on slide 44 of lecture 7?,lecture_7_slide_44_img1.md
What information is conveyed by the first image on slide 44 of lecture 7?,lecture_7_slide_44_img1.md
Could you break down the details of image 1 on slide 44 from the seventh lecture?,lecture_7_slide_44_img1.md
What is the significance of the initial image on slide 44 of lecture 7?,lecture_7_slide_44_img1.md
Can you describe the first image presented on slide 44 in lecture 7?,lecture_7_slide_44_img1.md
Please elucidate the content of image 1 on slide 44 for lecture 7.,lecture_7_slide_44_img1.md
What does the first image on slide 44 in lecture 7 represent?,lecture_7_slide_44_img1.md
